{"type":"FeatureCollection","features":[{"type":"Feature","properties":{"cp":72828,"nombre":"CP 72828"},"geometry":{"type":"Polygon","coordinates":[[[-98.30859,18.99936],[-98.30875,18.99924],[-98.30904,18.99895],[-98.3094,18.99866],[-98.30972,18.9984],[-98.31002,18.99825],[-98.31014,18.99819],[-98.30927,18.99588],[-98.30926,18.99584],[-98.30908,18.99535],[-98.3089,18.99487],[-98.30874,18.99444],[-98.30867,18.99425],[-98.30858,18.99402],[-98.30855,18.99392],[-98.30853,18.99389],[-98.30844,18.99362],[-98.30839,18.99348],[-98.3083,18.99325],[-98.30828,18.99319],[-98.30824,18.9931],[-98.30818,18.99294],[-98.30813,18.99279],[-98.30807,18.99262],[-98.30795,18.99232],[-98.30793,18.99225],[-98.30788,18.99212],[-98.30773,18.99171],[-98.30768,18.99158],[-98.30751,18.99112],[-98.30733,18.99064],[-98.30719,18.99025],[-98.30716,18.9902],[-98.30715,18.99017],[-98.30692,18.98966],[-98.30688,18.98956],[-98.30668,18.98912],[-98.30662,18.98898],[-98.30649,18.9887],[-98.30644,18.98859],[-98.30633,18.98834],[-98.30621,18.98805],[-98.30612,18.98785],[-98.30595,18.98747],[-98.30577,18.98707],[-98.30574,18.987],[-98.30568,18.98687],[-98.30516,18.98684],[-98.30493,18.98668],[-98.30493,18.98668],[-98.30473,18.98633],[-98.30468,18.98626],[-98.30461,18.98617],[-98.30441,18.98577],[-98.30435,18.98569],[-98.30428,18.98548],[-98.30423,18.98537],[-98.30421,18.98533],[-98.30409,18.98507],[-98.3039,18.98468],[-98.30385,18.9844],[-98.30378,18.98424],[-98.30375,18.98416],[-98.3037,18.98409],[-98.30363,18.98406],[-98.30346,18.98408],[-98.30337,18.98408],[-98.30322,18.9841],[-98.30304,18.98413],[-98.30292,18.98413],[-98.30278,18.98411],[-98.30275,18.9841],[-98.30267,18.98409],[-98.30257,18.98406],[-98.30248,18.98403],[-98.30227,18.98382],[-98.3022,18.98372],[-98.30213,18.98364],[-98.30212,18.98353],[-98.30212,18.98342],[-98.30212,18.98326],[-98.30212,18.98316],[-98.30212,18.98307],[-98.3021,18.98301],[-98.30209,18.98295],[-98.30207,18.98284],[-98.30205,18.98276],[-98.30203,18.98268],[-98.30201,18.98257],[-98.30197,18.98248],[-98.30193,18.98221],[-98.30187,18.98211],[-98.30178,18.98202],[-98.30173,18.98195],[-98.30157,18.9816],[-98.30138,18.9814],[-98.30126,18.98135],[-98.30116,18.98129],[-98.30101,18.9813],[-98.30091,18.98141],[-98.30082,18.98159],[-98.30073,18.9817],[-98.30064,18.98174],[-98.30057,18.98174],[-98.30051,18.98172],[-98.30043,18.98167],[-98.30028,18.98146],[-98.30019,18.98133],[-98.30012,18.98126],[-98.29999,18.98122],[-98.29983,18.98119],[-98.29964,18.98128],[-98.29949,18.98136],[-98.29938,18.9814],[-98.29922,18.98141],[-98.29887,18.98124],[-98.29879,18.98115],[-98.29875,18.98082],[-98.29873,18.98063],[-98.29869,18.98046],[-98.29865,18.98035],[-98.29859,18.98028],[-98.2984,18.98007],[-98.29832,18.98001],[-98.29823,18.97994],[-98.29814,18.97988],[-98.29796,18.97983],[-98.29786,18.97984],[-98.29774,18.97987],[-98.29741,18.98],[-98.29729,18.98007],[-98.29697,18.98017],[-98.29684,18.98019],[-98.29679,18.9802],[-98.29669,18.98044],[-98.29669,18.98044],[-98.29681,18.98048],[-98.29695,18.98051],[-98.29703,18.98053],[-98.29712,18.98054],[-98.2972,18.98056],[-98.29727,18.9806],[-98.29737,18.98066],[-98.29741,18.98071],[-98.29744,18.98078],[-98.29747,18.98087],[-98.29746,18.98097],[-98.29741,18.98109],[-98.29718,18.98126],[-98.29695,18.98137],[-98.29669,18.9815],[-98.29647,18.98164],[-98.2963,18.9817],[-98.29614,18.98177],[-98.296,18.98183],[-98.29587,18.9819],[-98.29577,18.98198],[-98.29567,18.98206],[-98.29555,18.98216],[-98.29538,18.98235],[-98.29514,18.98255],[-98.29511,18.9825],[-98.29506,18.98247],[-98.29496,18.98263],[-98.29489,18.98277],[-98.29475,18.98291],[-98.29471,18.98293],[-98.29461,18.98303],[-98.29448,18.98318],[-98.29434,18.98339],[-98.29413,18.98378],[-98.29387,18.98428],[-98.29372,18.98467],[-98.29369,18.98476],[-98.29363,18.98496],[-98.29357,18.98512],[-98.29355,18.9852],[-98.29352,18.98529],[-98.29348,18.98542],[-98.29343,18.98557],[-98.2934,18.9857],[-98.29337,18.98583],[-98.29326,18.98626],[-98.29326,18.98627],[-98.29326,18.98632],[-98.29323,18.98672],[-98.29322,18.98692],[-98.29319,18.98707],[-98.29317,18.98719],[-98.29311,18.98749],[-98.29311,18.9875],[-98.29287,18.98785],[-98.29282,18.98793],[-98.29257,18.98821],[-98.29251,18.98848],[-98.29249,18.98857],[-98.29249,18.98857],[-98.29254,18.9889],[-98.29255,18.98901],[-98.2922,18.98844],[-98.29222,18.98757],[-98.29222,18.98757],[-98.29223,18.98732],[-98.29214,18.98704],[-98.29208,18.98698],[-98.29198,18.98686],[-98.29172,18.98668],[-98.29151,18.98655],[-98.29146,18.98651],[-98.29142,18.98648],[-98.29072,18.98603],[-98.29,18.98556],[-98.28925,18.98516],[-98.28907,18.98509],[-98.28879,18.98563],[-98.28878,18.98565],[-98.28877,18.98567],[-98.28869,18.98586],[-98.28861,18.98602],[-98.28856,18.98613],[-98.28854,18.98619],[-98.28851,18.98634],[-98.2885,18.98637],[-98.28846,18.98657],[-98.28845,18.9866],[-98.28791,18.9865],[-98.28759,18.9864],[-98.2875,18.98636],[-98.28721,18.98624],[-98.28721,18.98624],[-98.28707,18.98641],[-98.28687,18.98659],[-98.28669,18.9868],[-98.28663,18.98705],[-98.28653,18.98719],[-98.28635,18.98743],[-98.2862,18.98757],[-98.28588,18.98785],[-98.28554,18.98809],[-98.28523,18.98915],[-98.28498,18.98946],[-98.28488,18.98965],[-98.28481,18.98988],[-98.28483,18.98998],[-98.28477,18.99007],[-98.2846,18.99021],[-98.2845,18.99036],[-98.28449,18.99057],[-98.28446,18.99077],[-98.28441,18.99089],[-98.284,18.99154],[-98.28389,18.99177],[-98.28353,18.9923],[-98.28323,18.99259],[-98.28304,18.99283],[-98.28297,18.99293],[-98.28294,18.99308],[-98.28298,18.99318],[-98.28311,18.99329],[-98.28326,18.99338],[-98.28376,18.99337],[-98.28443,18.99312],[-98.28463,18.99348],[-98.28458,18.99389],[-98.28442,18.99409],[-98.28431,18.99456],[-98.28436,18.9951],[-98.28458,18.99549],[-98.28518,18.99573],[-98.28537,18.99623],[-98.28412,18.99698],[-98.28171,18.99848],[-98.28401,19.00029],[-98.28432,19.00066],[-98.28457,19.00135],[-98.28495,19.00182],[-98.28505,19.00208],[-98.28553,19.00265],[-98.28605,19.00378],[-98.28717,19.00476],[-98.28834,19.00571],[-98.28955,19.00667],[-98.28761,19.00864],[-98.28868,19.00932],[-98.28967,19.00999],[-98.29024,19.00923],[-98.29157,19.01011],[-98.29259,19.01073],[-98.29212,19.01144],[-98.29168,19.01226],[-98.29133,19.01275],[-98.29026,19.01207],[-98.29007,19.01233],[-98.28894,19.01159],[-98.2885,19.01221],[-98.28786,19.01183],[-98.28649,19.01362],[-98.28596,19.01331],[-98.28517,19.01443],[-98.28532,19.01459],[-98.28445,19.01588],[-98.28431,19.01581],[-98.2839,19.01639],[-98.28374,19.01631],[-98.2836,19.01653],[-98.28368,19.01684],[-98.28536,19.01781],[-98.28585,19.0171],[-98.28744,19.01815],[-98.28763,19.0179],[-98.28915,19.01884],[-98.28929,19.01877],[-98.29006,19.0192],[-98.29019,19.01911],[-98.2911,19.01962],[-98.29235,19.02038],[-98.2935,19.01863],[-98.29718,19.02078],[-98.29709,19.0228],[-98.29734,19.02285],[-98.29796,19.02261],[-98.29902,19.02094],[-98.29935,19.02071],[-98.29973,19.02119],[-98.30025,19.0215],[-98.30146,19.01978],[-98.30186,19.01999],[-98.30193,19.01981],[-98.30186,19.0196],[-98.30196,19.01933],[-98.30198,19.0191],[-98.30188,19.01899],[-98.30172,19.01891],[-98.30173,19.01876],[-98.30188,19.01849],[-98.30202,19.01834],[-98.30199,19.01818],[-98.30191,19.01813],[-98.30188,19.01804],[-98.30191,19.01797],[-98.302,19.01788],[-98.30203,19.01773],[-98.30205,19.01743],[-98.3021,19.01725],[-98.30208,19.01715],[-98.30212,19.01708],[-98.3022,19.01704],[-98.3023,19.01694],[-98.30237,19.01685],[-98.3024,19.01668],[-98.30246,19.01661],[-98.30256,19.01654],[-98.30261,19.01646],[-98.30262,19.01635],[-98.30268,19.01621],[-98.30277,19.01594],[-98.30287,19.01581],[-98.30321,19.01555],[-98.30391,19.01477],[-98.30414,19.01462],[-98.30423,19.01442],[-98.30423,19.01428],[-98.30423,19.01407],[-98.30441,19.01383],[-98.30457,19.0134],[-98.30454,19.01333],[-98.30441,19.01327],[-98.30436,19.01317],[-98.3044,19.01305],[-98.30448,19.01285],[-98.30448,19.0125],[-98.30444,19.01204],[-98.30453,19.0114],[-98.30416,19.01129],[-98.30391,19.01102],[-98.3039,19.01074],[-98.3038,19.01058],[-98.30324,19.0102],[-98.30323,19.01008],[-98.30318,19.00988],[-98.30236,19.00952],[-98.30204,19.00932],[-98.30188,19.00909],[-98.30171,19.00859],[-98.30142,19.00751],[-98.30125,19.0071],[-98.30077,19.00643],[-98.30061,19.00623],[-98.30042,19.0061],[-98.30115,19.00545],[-98.30149,19.00503],[-98.3019,19.00464],[-98.30308,19.00395],[-98.30584,19.00171],[-98.30819,18.9997],[-98.30827,18.99957],[-98.30859,18.99936],[-98.30859,18.99936],[-98.30859,18.99936]]]}},{"type":"Feature","properties":{"cp":72824,"nombre":"CP 72824"},"geometry":{"type":"Polygon","coordinates":[[[-98.26625,19.02666],[-98.26625,19.02666],[-98.26464,19.02809],[-98.26356,19.02742],[-98.26342,19.02763],[-98.26421,19.02812],[-98.26387,19.02856],[-98.26342,19.02911],[-98.2635,19.02921],[-98.26369,19.02946],[-98.2639,19.02993],[-98.26394,19.03031],[-98.26393,19.03044],[-98.26386,19.03062],[-98.26265,19.03125],[-98.26175,19.02892],[-98.26095,19.0293],[-98.2603,19.02995],[-98.26009,19.03002],[-98.25993,19.03003],[-98.2598,19.03002],[-98.25965,19.02996],[-98.25948,19.02989],[-98.25967,19.03059],[-98.25928,19.03094],[-98.25924,19.03098],[-98.25899,19.03118],[-98.25805,19.03194],[-98.25792,19.03136],[-98.25727,19.03188],[-98.25691,19.03215],[-98.25664,19.0318],[-98.2561,19.03223],[-98.25634,19.03316],[-98.255,19.03428],[-98.2547,19.03458],[-98.25452,19.03495],[-98.25436,19.03517],[-98.25436,19.03517],[-98.25439,19.03595],[-98.2545,19.03619],[-98.25538,19.03703],[-98.25528,19.0376],[-98.25533,19.03784],[-98.25583,19.0386],[-98.25627,19.03926],[-98.2567,19.03972],[-98.25707,19.04011],[-98.25719,19.0404],[-98.25728,19.04071],[-98.25729,19.04089],[-98.25733,19.04137],[-98.25745,19.04169],[-98.25767,19.04204],[-98.2581,19.04232],[-98.25864,19.04274],[-98.25883,19.04288],[-98.2591,19.04296],[-98.25933,19.04308],[-98.25957,19.04322],[-98.25991,19.04349],[-98.26002,19.0438],[-98.26006,19.04415],[-98.26014,19.0442],[-98.26035,19.04423],[-98.26066,19.0443],[-98.2613,19.04472],[-98.26137,19.04488],[-98.26137,19.04488],[-98.26152,19.04492],[-98.26167,19.04495],[-98.26178,19.04498],[-98.26192,19.04501],[-98.26193,19.04501],[-98.26195,19.04501],[-98.26197,19.04501],[-98.26198,19.04502],[-98.26226,19.0452],[-98.26235,19.04519],[-98.26279,19.04521],[-98.26283,19.04516],[-98.26288,19.04512],[-98.26289,19.0451],[-98.26294,19.04507],[-98.26298,19.04509],[-98.26307,19.04507],[-98.2632,19.0451],[-98.26329,19.0451],[-98.26346,19.04517],[-98.26348,19.04518],[-98.26348,19.04518],[-98.26389,19.04529],[-98.26449,19.04419],[-98.26545,19.04242],[-98.26605,19.0427],[-98.26629,19.04281],[-98.26667,19.04299],[-98.26706,19.04318],[-98.2683,19.04378],[-98.26836,19.04381],[-98.27009,19.04094],[-98.27051,19.04096],[-98.27095,19.04028],[-98.27095,19.04028],[-98.27056,19.03995],[-98.27029,19.03966],[-98.27002,19.03928],[-98.26979,19.03875],[-98.26937,19.03741],[-98.26906,19.03638],[-98.26888,19.03588],[-98.26851,19.03543],[-98.26823,19.03504],[-98.26795,19.03467],[-98.26777,19.03435],[-98.26758,19.03392],[-98.26749,19.03361],[-98.26743,19.03335],[-98.2674,19.03309],[-98.26741,19.03266],[-98.26743,19.03218],[-98.26751,19.03182],[-98.26765,19.03137],[-98.26787,19.03093],[-98.26868,19.0297],[-98.26893,19.02922],[-98.26906,19.02881],[-98.2691,19.02837],[-98.26697,19.02716],[-98.26625,19.02666],[-98.26625,19.02666]]]}},{"type":"Feature","properties":{"cp":72825,"nombre":"CP 72825"},"geometry":{"type":"Polygon","coordinates":[[[-98.26625,19.02666],[-98.26644,19.02651],[-98.26601,19.02555],[-98.26673,19.02504],[-98.26654,19.0247],[-98.26617,19.02449],[-98.26545,19.02403],[-98.26477,19.02237],[-98.26467,19.02249],[-98.26272,19.02312],[-98.26185,19.02261],[-98.26213,19.02149],[-98.26261,19.01948],[-98.26264,19.01931],[-98.26254,19.01915],[-98.26247,19.01904],[-98.26234,19.01894],[-98.26216,19.01887],[-98.26193,19.01891],[-98.26182,19.0187],[-98.26198,19.01853],[-98.26217,19.01843],[-98.2624,19.01836],[-98.26284,19.01834],[-98.26256,19.01723],[-98.26257,19.01529],[-98.26249,19.01483],[-98.2623,19.01434],[-98.26212,19.014],[-98.26194,19.01374],[-98.26165,19.0134],[-98.26122,19.01302],[-98.26027,19.01426],[-98.25918,19.01347],[-98.2591,19.01299],[-98.25887,19.01267],[-98.25349,19.01604],[-98.25078,19.0177],[-98.24898,19.0188],[-98.25033,19.02195],[-98.25149,19.02452],[-98.25135,19.02529],[-98.25138,19.02553],[-98.25144,19.02581],[-98.25153,19.02602],[-98.25158,19.02628],[-98.25158,19.02655],[-98.25164,19.02724],[-98.25161,19.02737],[-98.25148,19.02748],[-98.25126,19.02756],[-98.25111,19.02763],[-98.251,19.02772],[-98.25098,19.02785],[-98.251,19.02798],[-98.25113,19.02812],[-98.25129,19.02826],[-98.25134,19.02836],[-98.25134,19.02857],[-98.25129,19.02873],[-98.25119,19.02886],[-98.25111,19.02898],[-98.25107,19.02908],[-98.25104,19.02914],[-98.25103,19.02928],[-98.25101,19.02942],[-98.25105,19.02967],[-98.25115,19.02991],[-98.25125,19.03002],[-98.25138,19.03003],[-98.25158,19.02997],[-98.25175,19.02999],[-98.25221,19.03022],[-98.25234,19.03034],[-98.25243,19.03059],[-98.25242,19.03076],[-98.25237,19.03089],[-98.25226,19.03101],[-98.25217,19.03111],[-98.25219,19.03127],[-98.25213,19.03151],[-98.25212,19.03184],[-98.2522,19.03214],[-98.25231,19.03245],[-98.25249,19.03266],[-98.25266,19.03285],[-98.25283,19.03296],[-98.25295,19.03298],[-98.25307,19.03303],[-98.25311,19.03315],[-98.25313,19.03408],[-98.25318,19.03419],[-98.25334,19.03423],[-98.25348,19.03419],[-98.25363,19.03421],[-98.25377,19.03428],[-98.25388,19.03441],[-98.25402,19.0347],[-98.2541,19.03486],[-98.25423,19.03493],[-98.25431,19.035],[-98.25436,19.03517],[-98.25452,19.03495],[-98.2547,19.03458],[-98.255,19.03428],[-98.25634,19.03316],[-98.2561,19.03223],[-98.25664,19.0318],[-98.25691,19.03215],[-98.25727,19.03188],[-98.25792,19.03136],[-98.25805,19.03194],[-98.25899,19.03118],[-98.25924,19.03098],[-98.25928,19.03094],[-98.25967,19.03059],[-98.25948,19.02989],[-98.25965,19.02996],[-98.2598,19.03002],[-98.25993,19.03003],[-98.26009,19.03002],[-98.2603,19.02995],[-98.26095,19.0293],[-98.26175,19.02892],[-98.26265,19.03125],[-98.26386,19.03062],[-98.26393,19.03044],[-98.26394,19.03031],[-98.2639,19.02993],[-98.26369,19.02946],[-98.2635,19.02921],[-98.26342,19.02911],[-98.26387,19.02856],[-98.26421,19.02812],[-98.26342,19.02763],[-98.26356,19.02742],[-98.26464,19.02809],[-98.26625,19.02666],[-98.26625,19.02666]]]}},{"type":"Feature","properties":{"cp":72470,"nombre":"CP 72470"},"geometry":{"type":"Polygon","coordinates":[[[-98.23114,19.00071],[-98.23058,19.00171],[-98.22921,19.00101],[-98.22892,19.00088],[-98.22795,19.0004],[-98.22715,19.00003],[-98.22668,18.99973],[-98.22624,18.99945],[-98.2257,18.99903],[-98.22417,18.99827],[-98.2193,18.99652],[-98.21922,18.99667],[-98.21875,18.99705],[-98.21819,18.99684],[-98.21667,19.00286],[-98.21657,19.00334],[-98.21525,19.00601],[-98.21623,19.00623],[-98.21675,19.00613],[-98.21726,19.0064],[-98.2174,19.00615],[-98.21837,19.00674],[-98.21929,19.00745],[-98.21994,19.00793],[-98.22012,19.00761],[-98.2208,19.00806],[-98.2216,19.00666],[-98.22252,19.00714],[-98.22417,19.00803],[-98.22499,19.00849],[-98.22553,19.00758],[-98.22634,19.00799],[-98.22596,19.00867],[-98.22635,19.00888],[-98.22751,19.00964],[-98.22786,19.00878],[-98.22823,19.00897],[-98.22787,19.00964],[-98.22887,19.0102],[-98.2286,19.01073],[-98.2299,19.01112],[-98.23093,19.0092],[-98.2324,19.00698],[-98.23384,19.00503],[-98.23384,19.00503],[-98.23468,19.00388],[-98.23468,19.00388],[-98.23468,19.00388],[-98.23478,19.00374],[-98.23657,19.00172],[-98.23833,18.99977],[-98.24015,18.99778],[-98.24103,18.99684],[-98.24138,18.9965],[-98.2418,18.99617],[-98.24252,18.99526],[-98.2429,18.99476],[-98.24495,18.99209],[-98.24044,18.98953],[-98.2387,18.98844],[-98.2387,18.98844],[-98.23683,18.99147],[-98.23483,18.99482],[-98.2347,18.99476],[-98.23414,18.99565],[-98.2332,18.9972],[-98.23287,18.99779],[-98.23206,18.99916],[-98.23188,18.99946],[-98.23268,18.99984],[-98.23223,19.00058],[-98.23191,19.00043],[-98.23144,19.00022],[-98.23144,19.00022],[-98.23144,19.00022],[-98.23114,19.00071]]]}},{"type":"Feature","properties":{"cp":72500,"nombre":"CP 72500"},"geometry":{"type":"MultiPolygon","coordinates":[[[[-98.19597,19.03908],[-98.19637,19.03831],[-98.19404,19.03713],[-98.19237,19.0363],[-98.1921,19.03509],[-98.19297,19.0336],[-98.19375,19.03399],[-98.19375,19.03399],[-98.19419,19.0332],[-98.19263,19.03239],[-98.19263,19.03239],[-98.19263,19.03239],[-98.19101,19.03157],[-98.19067,19.03226],[-98.18938,19.03462],[-98.18873,19.03583],[-98.18727,19.03859],[-98.18727,19.03859],[-98.18727,19.03859],[-98.19285,19.04142],[-98.19285,19.04142],[-98.19374,19.04057],[-98.19466,19.04018],[-98.19509,19.03995],[-98.19533,19.03978],[-98.19552,19.03962],[-98.19574,19.03937],[-98.19597,19.03908]]],[[[-98.19309,19.02741],[-98.19018,19.02588],[-98.18837,19.02914],[-98.18985,19.0299],[-98.19055,19.03027],[-98.19055,19.03027],[-98.19055,19.03027],[-98.19308,19.03163],[-98.19308,19.03163],[-98.19331,19.03124],[-98.19433,19.03176],[-98.19488,19.03204],[-98.19511,19.03164],[-98.19555,19.03086],[-98.19597,19.03105],[-98.19597,19.03105],[-98.19597,19.03105],[-98.19697,19.02942],[-98.19624,19.02901],[-98.19624,19.02901],[-98.19494,19.02837],[-98.19494,19.02837],[-98.19415,19.02794],[-98.19309,19.02741]]]]}},{"type":"Feature","properties":{"cp":72480,"nombre":"CP 72480"},"geometry":{"type":"MultiPolygon","coordinates":[[[[-98.23468,19.00388],[-98.23501,19.00393],[-98.2354,19.00401],[-98.23559,19.00408],[-98.23571,19.00417],[-98.23596,19.00434],[-98.23621,19.00446],[-98.23646,19.00453],[-98.23673,19.00459],[-98.23821,19.00497],[-98.23759,19.00643],[-98.2374,19.00674],[-98.2374,19.00674],[-98.24026,19.00644],[-98.24039,19.00619],[-98.24071,19.00568],[-98.24054,19.00562],[-98.24121,19.00385],[-98.24173,19.00401],[-98.24251,19.00428],[-98.24414,19.00488],[-98.24646,19.00543],[-98.24731,19.00561],[-98.24785,19.00573],[-98.24809,19.00544],[-98.24725,19.00525],[-98.2485,19.00403],[-98.24871,19.00422],[-98.24872,19.00414],[-98.24912,19.0045],[-98.24947,19.00482],[-98.24876,19.00559],[-98.24856,19.00579],[-98.24853,19.00588],[-98.24926,19.00601],[-98.24949,19.00603],[-98.25155,19.00716],[-98.25153,19.00753],[-98.25157,19.00774],[-98.25157,19.00795],[-98.25149,19.00811],[-98.25134,19.00827],[-98.25134,19.00827],[-98.25162,19.00831],[-98.25189,19.00832],[-98.25219,19.00822],[-98.25236,19.00817],[-98.25254,19.00811],[-98.25275,19.00797],[-98.25295,19.00785],[-98.2532,19.00758],[-98.25333,19.00733],[-98.25332,19.00713],[-98.25321,19.00702],[-98.25307,19.00683],[-98.25296,19.00657],[-98.25277,19.00618],[-98.25275,19.0059],[-98.25267,19.0055],[-98.25262,19.0052],[-98.2526,19.00489],[-98.2526,19.00463],[-98.25273,19.00455],[-98.25296,19.00455],[-98.25323,19.00454],[-98.25359,19.00438],[-98.25374,19.00415],[-98.25386,19.00389],[-98.25394,19.00355],[-98.25398,19.00325],[-98.25407,19.00271],[-98.25422,19.00227],[-98.25446,19.00188],[-98.25472,19.00152],[-98.25491,19.00126],[-98.255,19.00114],[-98.25501,19.00096],[-98.25498,19.00071],[-98.25494,19.00056],[-98.25487,19.00034],[-98.25483,19.00018],[-98.25476,19],[-98.25474,18.99981],[-98.2547,18.99964],[-98.25468,18.99948],[-98.25467,18.99906],[-98.25469,18.9989],[-98.25479,18.99854],[-98.25491,18.99821],[-98.25512,18.9977],[-98.25544,18.99751],[-98.25562,18.99736],[-98.25572,18.99732],[-98.25585,18.99732],[-98.25647,18.99755],[-98.2571,18.99784],[-98.25726,18.99786],[-98.25739,18.99786],[-98.25754,18.9978],[-98.25773,18.99773],[-98.25787,18.99761],[-98.25814,18.99735],[-98.25832,18.99696],[-98.25836,18.99653],[-98.25829,18.99621],[-98.25813,18.99584],[-98.25798,18.99571],[-98.2578,18.9956],[-98.25755,18.99538],[-98.25738,18.99534],[-98.2573,18.9953],[-98.25717,18.99522],[-98.25709,18.99512],[-98.25706,18.99504],[-98.25703,18.99494],[-98.25701,18.99481],[-98.2569,18.99457],[-98.25696,18.99424],[-98.25731,18.99374],[-98.25759,18.99338],[-98.2579,18.99312],[-98.25807,18.99309],[-98.2584,18.99322],[-98.25881,18.99324],[-98.25911,18.9932],[-98.25928,18.99313],[-98.25948,18.99301],[-98.25957,18.99295],[-98.2597,18.99284],[-98.25987,18.99272],[-98.26008,18.99259],[-98.26025,18.99234],[-98.26045,18.99224],[-98.26069,18.99221],[-98.26092,18.99217],[-98.26197,18.99232],[-98.26231,18.99229],[-98.26314,18.99223],[-98.26319,18.99223],[-98.26328,18.99221],[-98.26349,18.99217],[-98.26345,18.9921],[-98.26337,18.99186],[-98.26334,18.99184],[-98.26318,18.99182],[-98.2631,18.9918],[-98.26302,18.99176],[-98.26295,18.99169],[-98.26269,18.99132],[-98.26264,18.99127],[-98.26249,18.99138],[-98.26241,18.9914],[-98.26233,18.99139],[-98.26223,18.99133],[-98.26188,18.99093],[-98.26076,18.99017],[-98.25937,18.98932],[-98.25893,18.98904],[-98.25838,18.98871],[-98.25815,18.98876],[-98.25754,18.98844],[-98.25439,18.98642],[-98.25451,18.98622],[-98.25183,18.98453],[-98.25143,18.98515],[-98.25064,18.98469],[-98.25051,18.98489],[-98.24974,18.9859],[-98.24495,18.99209],[-98.2429,18.99476],[-98.24252,18.99526],[-98.2418,18.99617],[-98.24138,18.9965],[-98.24103,18.99684],[-98.24015,18.99778],[-98.23833,18.99977],[-98.23657,19.00172],[-98.23478,19.00374],[-98.23468,19.00388],[-98.23468,19.00388]],[[-98.25445,18.98947],[-98.25332,18.99104],[-98.2532,18.99104],[-98.25177,18.99275],[-98.25074,18.99227],[-98.25052,18.99231],[-98.25035,18.99232],[-98.25017,18.99231],[-98.24998,18.99225],[-98.25074,18.99092],[-98.25088,18.99063],[-98.25101,18.99034],[-98.25129,18.98972],[-98.25209,18.98792],[-98.25302,18.98856],[-98.25302,18.98856],[-98.25445,18.98947]],[[-98.25425,18.99416],[-98.25589,18.99243],[-98.25664,18.99402],[-98.2556,18.99519],[-98.25425,18.99416]],[[-98.25187,19.00166],[-98.2506,19.00109],[-98.25075,19.00085],[-98.25015,19.00056],[-98.25064,18.99952],[-98.25141,18.99965],[-98.25231,19.0001],[-98.25187,19.00166]]],[[[-98.23144,19.00022],[-98.23144,19.00022],[-98.23191,19.00043],[-98.23223,19.00058],[-98.23268,18.99984],[-98.23188,18.99946],[-98.23188,18.99946],[-98.23188,18.99946],[-98.23145,19.00022],[-98.23144,19.00022]]]]}},{"type":"Feature","properties":{"cp":72490,"nombre":"CP 72490"},"geometry":{"type":"MultiPolygon","coordinates":[[[[-98.24495,18.99209],[-98.24974,18.9859],[-98.25051,18.98489],[-98.25064,18.98469],[-98.25143,18.98515],[-98.25183,18.98453],[-98.25451,18.98622],[-98.25439,18.98642],[-98.25754,18.98844],[-98.25815,18.98876],[-98.25821,18.98842],[-98.25886,18.98715],[-98.25933,18.98632],[-98.25929,18.98611],[-98.25929,18.98611],[-98.25901,18.98594],[-98.25869,18.9856],[-98.2576,18.98648],[-98.25724,18.98672],[-98.25645,18.98517],[-98.25673,18.98492],[-98.25626,18.98396],[-98.25687,18.9835],[-98.25593,18.98239],[-98.25573,18.98266],[-98.25565,18.9826],[-98.25539,18.98288],[-98.25321,18.98131],[-98.25624,18.97732],[-98.25693,18.97646],[-98.2573,18.97611],[-98.25913,18.97465],[-98.25986,18.97407],[-98.25901,18.97362],[-98.25782,18.97297],[-98.25955,18.9701],[-98.26019,18.96899],[-98.26053,18.96918],[-98.26202,18.96678],[-98.26289,18.96531],[-98.26515,18.96655],[-98.26543,18.96675],[-98.26224,18.97014],[-98.26322,18.97071],[-98.26673,18.96785],[-98.26687,18.9675],[-98.26813,18.96819],[-98.26842,18.96805],[-98.2702,18.96687],[-98.27037,18.96668],[-98.27233,18.96522],[-98.27208,18.96508],[-98.27314,18.96396],[-98.27341,18.96357],[-98.27465,18.9621],[-98.27455,18.96199],[-98.27531,18.96149],[-98.2764,18.96017],[-98.27656,18.9595],[-98.27656,18.9595],[-98.27656,18.9595],[-98.27634,18.95949],[-98.27604,18.95944],[-98.27569,18.95937],[-98.27536,18.95927],[-98.27507,18.95912],[-98.27499,18.95906],[-98.27466,18.95887],[-98.27447,18.95873],[-98.27435,18.9586],[-98.27432,18.95847],[-98.27438,18.95826],[-98.27445,18.95812],[-98.27461,18.95791],[-98.27474,18.95777],[-98.27485,18.95764],[-98.27503,18.95749],[-98.27533,18.95723],[-98.27546,18.95708],[-98.27563,18.95684],[-98.27571,18.95665],[-98.27572,18.95645],[-98.2757,18.95628],[-98.27567,18.95616],[-98.2756,18.95603],[-98.2755,18.95595],[-98.27535,18.95586],[-98.27524,18.95584],[-98.27504,18.95585],[-98.27481,18.95586],[-98.2745,18.95585],[-98.2743,18.95585],[-98.27416,18.95583],[-98.27397,18.95582],[-98.27355,18.95562],[-98.27343,18.95555],[-98.27328,18.95543],[-98.2732,18.95528],[-98.27312,18.95513],[-98.27302,18.95497],[-98.27291,18.95476],[-98.27282,18.95456],[-98.27269,18.95429],[-98.2725,18.9539],[-98.27226,18.95336],[-98.27199,18.95282],[-98.27172,18.95244],[-98.27155,18.95219],[-98.27131,18.95201],[-98.27119,18.95191],[-98.271,18.95177],[-98.27076,18.95157],[-98.27042,18.95142],[-98.27028,18.95139],[-98.27005,18.95133],[-98.26981,18.95135],[-98.26942,18.95147],[-98.26912,18.95163],[-98.26885,18.95179],[-98.26877,18.95193],[-98.26875,18.95207],[-98.26879,18.95224],[-98.26883,18.95249],[-98.26883,18.95296],[-98.26875,18.95369],[-98.26864,18.95439],[-98.26842,18.95521],[-98.2683,18.95543],[-98.26824,18.95555],[-98.26815,18.95565],[-98.26701,18.95627],[-98.26688,18.95633],[-98.26673,18.95592],[-98.26655,18.95549],[-98.26616,18.95534],[-98.26582,18.95509],[-98.26519,18.95456],[-98.26394,18.95352],[-98.26348,18.95343],[-98.26295,18.95358],[-98.26241,18.95389],[-98.26196,18.95421],[-98.26143,18.95434],[-98.26111,18.95415],[-98.26096,18.95324],[-98.2608,18.95197],[-98.25852,18.95578],[-98.25781,18.95728],[-98.26066,18.95886],[-98.25904,18.9615],[-98.25962,18.96179],[-98.26032,18.96062],[-98.26092,18.96093],[-98.26024,18.96213],[-98.26008,18.96204],[-98.25966,18.96274],[-98.25937,18.96292],[-98.25906,18.96348],[-98.25759,18.96274],[-98.25563,18.96601],[-98.25398,18.96512],[-98.25372,18.96547],[-98.25135,18.96935],[-98.25197,18.96968],[-98.25257,18.97],[-98.25271,18.97007],[-98.2547,18.97117],[-98.25586,18.97182],[-98.25627,18.97207],[-98.25582,18.97286],[-98.25393,18.97605],[-98.24894,18.97334],[-98.24533,18.97135],[-98.24403,18.97062],[-98.24241,18.96973],[-98.24133,18.96912],[-98.24113,18.96759],[-98.24304,18.96867],[-98.24424,18.96669],[-98.24568,18.96433],[-98.24224,18.96447],[-98.24235,18.966],[-98.24148,18.96606],[-98.24093,18.96609],[-98.24093,18.96609],[-98.24095,18.9663],[-98.23979,18.96832],[-98.23659,18.96654],[-98.23584,18.96614],[-98.23492,18.96911],[-98.23449,18.97065],[-98.23588,18.97119],[-98.23789,18.9716],[-98.23717,18.97339],[-98.2368,18.97326],[-98.23668,18.97352],[-98.2366,18.97374],[-98.23657,18.97373],[-98.23614,18.97356],[-98.23599,18.97379],[-98.23587,18.97397],[-98.23543,18.97436],[-98.2352,18.97456],[-98.2352,18.97456],[-98.23356,18.97365],[-98.23359,18.97348],[-98.23356,18.97341],[-98.23344,18.97327],[-98.23327,18.97313],[-98.23306,18.97294],[-98.23303,18.97287],[-98.23303,18.97285],[-98.23302,18.97283],[-98.23301,18.97274],[-98.23298,18.97263],[-98.23286,18.97241],[-98.23267,18.97214],[-98.23249,18.97199],[-98.23254,18.97168],[-98.2303,18.97069],[-98.23029,18.97192],[-98.23036,18.97217],[-98.23037,18.97237],[-98.23037,18.97257],[-98.23031,18.97272],[-98.23021,18.97289],[-98.23016,18.97296],[-98.22993,18.97308],[-98.22954,18.9734],[-98.22934,18.97332],[-98.22904,18.97331],[-98.22885,18.97336],[-98.22859,18.97337],[-98.22837,18.97336],[-98.2281,18.97331],[-98.2279,18.97321],[-98.2278,18.97316],[-98.22775,18.97314],[-98.22771,18.97316],[-98.22769,18.97319],[-98.22767,18.97345],[-98.22699,18.97275],[-98.22621,18.97357],[-98.22491,18.97479],[-98.22351,18.97756],[-98.22249,18.98004],[-98.22279,18.9802],[-98.2243,18.98104],[-98.23028,18.9843],[-98.23064,18.98448],[-98.23154,18.98471],[-98.23236,18.98495],[-98.23301,18.98523],[-98.23351,18.98549],[-98.23459,18.9862],[-98.23738,18.98782],[-98.23777,18.98803],[-98.2387,18.98844],[-98.2387,18.98844],[-98.24044,18.98953],[-98.24495,18.99209]]],[[[-98.26374,18.98153],[-98.26207,18.98006],[-98.26118,18.98069],[-98.26102,18.9808],[-98.2608,18.98171],[-98.26085,18.98179],[-98.26105,18.98176],[-98.26263,18.98278],[-98.26271,18.98262],[-98.26278,18.98267],[-98.2634,18.98193],[-98.26374,18.98153],[-98.26374,18.98153]]]]}},{"type":"Feature","properties":{"cp":72194,"nombre":"CP 72194"},"geometry":{"type":"Polygon","coordinates":[[[-98.2454,19.03646],[-98.24527,19.03625],[-98.24514,19.03613],[-98.24504,19.03603],[-98.24504,19.03603],[-98.24504,19.03603],[-98.24388,19.03517],[-98.24368,19.03503],[-98.24326,19.0347],[-98.2429,19.0344],[-98.24212,19.0338],[-98.24156,19.03336],[-98.24125,19.03312],[-98.24102,19.03294],[-98.23951,19.03354],[-98.23848,19.03399],[-98.23828,19.03429],[-98.23846,19.03443],[-98.24024,19.03554],[-98.23969,19.0364],[-98.23929,19.03701],[-98.23954,19.03706],[-98.2406,19.03718],[-98.24179,19.03734],[-98.24202,19.03738],[-98.24404,19.03762],[-98.24549,19.03779],[-98.24549,19.03731],[-98.24549,19.03731],[-98.2455,19.03683],[-98.24548,19.03669],[-98.2454,19.03646]]]}},{"type":"Feature","properties":{"cp":72380,"nombre":"CP 72380"},"geometry":{"type":"Polygon","coordinates":[[[-98.19018,19.02588],[-98.19156,19.02403],[-98.1918,19.02353],[-98.19184,19.02316],[-98.19002,19.02222],[-98.18684,19.02553],[-98.18629,19.02604],[-98.1857,19.02573],[-98.18678,19.0229],[-98.18656,19.02279],[-98.18643,19.02252],[-98.18639,19.02253],[-98.18642,19.02299],[-98.1863,19.02303],[-98.18626,19.02303],[-98.1862,19.02298],[-98.18617,19.02294],[-98.18602,19.0224],[-98.18561,19.0221],[-98.18541,19.022],[-98.18514,19.02168],[-98.18408,19.0208],[-98.18385,19.02191],[-98.18358,19.02286],[-98.18212,19.022],[-98.18162,19.02399],[-98.182,19.02419],[-98.1819,19.02492],[-98.18235,19.02495],[-98.18155,19.02606],[-98.17966,19.02674],[-98.1783,19.024],[-98.17689,19.02082],[-98.17576,19.01823],[-98.17546,19.01776],[-98.175,19.01735],[-98.17456,19.01764],[-98.17424,19.01788],[-98.17404,19.01815],[-98.17386,19.01854],[-98.17378,19.01896],[-98.17375,19.01931],[-98.1739,19.02026],[-98.17425,19.02131],[-98.17491,19.0226],[-98.17581,19.02392],[-98.1763,19.02491],[-98.17651,19.02522],[-98.17662,19.02538],[-98.17672,19.02555],[-98.17679,19.02573],[-98.17683,19.02592],[-98.17686,19.02611],[-98.17685,19.02631],[-98.17683,19.0265],[-98.17678,19.02669],[-98.1747,19.03063],[-98.17433,19.03119],[-98.17385,19.03175],[-98.17343,19.032],[-98.1729,19.03222],[-98.17252,19.03233],[-98.17229,19.03256],[-98.17199,19.03293],[-98.17166,19.0335],[-98.17145,19.03403],[-98.17214,19.03437],[-98.1716,19.03596],[-98.17216,19.03598],[-98.17309,19.03601],[-98.17359,19.03604],[-98.17359,19.03604],[-98.17466,19.03621],[-98.17647,19.03679],[-98.17655,19.03687],[-98.17765,19.03739],[-98.17888,19.03758],[-98.17907,19.03643],[-98.17816,19.03597],[-98.17893,19.03448],[-98.18038,19.03517],[-98.18248,19.0362],[-98.18248,19.0362],[-98.1838,19.03472],[-98.18505,19.03328],[-98.18616,19.03196],[-98.18758,19.03052],[-98.18837,19.02914],[-98.18837,19.02914],[-98.19018,19.02588]]]}},{"type":"Feature","properties":{"cp":72364,"nombre":"CP 72364"},"geometry":{"type":"Polygon","coordinates":[[[-98.12932,19.02728],[-98.13044,19.02586],[-98.1302,19.02547],[-98.13003,19.02496],[-98.13,19.02458],[-98.13003,19.02409],[-98.13014,19.02343],[-98.13026,19.02297],[-98.1302,19.02248],[-98.13023,19.02195],[-98.13053,19.02119],[-98.13039,19.01934],[-98.12945,19.0164],[-98.12954,19.01377],[-98.13025,19.01133],[-98.1303,19.01029],[-98.13028,19.00863],[-98.13036,19.00769],[-98.13027,19.00654],[-98.12918,19.00621],[-98.12908,19.00646],[-98.12871,19.00708],[-98.12837,19.0075],[-98.12812,19.0078],[-98.12784,19.00808],[-98.12778,19.00815],[-98.12701,19.00892],[-98.12675,19.00946],[-98.12667,19.00966],[-98.12658,19.00986],[-98.12657,19.01026],[-98.12657,19.01061],[-98.1266,19.0117],[-98.12645,19.01255],[-98.1262,19.01319],[-98.12612,19.01348],[-98.12598,19.01397],[-98.12569,19.01478],[-98.12547,19.01532],[-98.12536,19.01586],[-98.12532,19.01647],[-98.1254,19.01684],[-98.12543,19.01698],[-98.12549,19.01753],[-98.12549,19.01783],[-98.12541,19.01806],[-98.12528,19.01841],[-98.12522,19.01882],[-98.1252,19.01892],[-98.12516,19.01942],[-98.12516,19.01942],[-98.12516,19.01942],[-98.12516,19.01942],[-98.12516,19.01945],[-98.12491,19.02017],[-98.12466,19.02049],[-98.12462,19.02054],[-98.12462,19.02054],[-98.12446,19.02065],[-98.12416,19.02084],[-98.12373,19.02118],[-98.12373,19.02118],[-98.12372,19.02118],[-98.12326,19.02142],[-98.12303,19.02157],[-98.1228,19.02172],[-98.12243,19.02201],[-98.12237,19.02206],[-98.12232,19.02211],[-98.12211,19.02233],[-98.12192,19.02255],[-98.12175,19.02275],[-98.12134,19.02318],[-98.12097,19.02365],[-98.12088,19.02403],[-98.12084,19.02411],[-98.12065,19.02446],[-98.12045,19.02482],[-98.12038,19.02493],[-98.12002,19.02527],[-98.11966,19.02583],[-98.11959,19.02599],[-98.11943,19.02638],[-98.1194,19.02646],[-98.11933,19.02668],[-98.11919,19.02684],[-98.11902,19.02702],[-98.11894,19.02714],[-98.11888,19.02724],[-98.11879,19.02767],[-98.11878,19.02848],[-98.11865,19.02884],[-98.11856,19.02908],[-98.11843,19.02953],[-98.11837,19.02976],[-98.11837,19.03071],[-98.1184,19.03096],[-98.11842,19.03109],[-98.11848,19.03126],[-98.11855,19.03147],[-98.11862,19.03152],[-98.11875,19.03159],[-98.11902,19.03169],[-98.1193,19.03193],[-98.11945,19.0321],[-98.11984,19.0322],[-98.1199,19.03222],[-98.1204,19.03229],[-98.12082,19.03237],[-98.12115,19.03242],[-98.12118,19.03243],[-98.1214,19.03251],[-98.1214,19.03251],[-98.12131,19.03271],[-98.12126,19.0328],[-98.12144,19.03307],[-98.12149,19.03314],[-98.12178,19.03274],[-98.12245,19.03209],[-98.12297,19.03162],[-98.12386,19.03072],[-98.12486,19.02986],[-98.12604,19.02915],[-98.12795,19.02821],[-98.12867,19.02783],[-98.12932,19.02728]]]}},{"type":"Feature","properties":{"cp":72360,"nombre":"CP 72360"},"geometry":{"type":"Polygon","coordinates":[[[-98.12149,19.03314],[-98.12149,19.03314],[-98.12151,19.0332],[-98.12158,19.03338],[-98.12155,19.0336],[-98.12156,19.03378],[-98.12156,19.03383],[-98.12158,19.03387],[-98.12163,19.03399],[-98.12171,19.0341],[-98.12176,19.03416],[-98.12202,19.03441],[-98.12202,19.03441],[-98.12224,19.03466],[-98.12235,19.03485],[-98.12246,19.03522],[-98.12196,19.03527],[-98.12124,19.03525],[-98.12077,19.0353],[-98.12054,19.03545],[-98.12019,19.03582],[-98.11983,19.03605],[-98.11951,19.03638],[-98.11926,19.03655],[-98.119,19.03672],[-98.11878,19.03668],[-98.11857,19.0366],[-98.11854,19.03696],[-98.11844,19.03728],[-98.12277,19.03927],[-98.12659,19.04102],[-98.13035,19.04282],[-98.13098,19.04259],[-98.13216,19.04218],[-98.13314,19.04186],[-98.13358,19.04162],[-98.13361,19.04069],[-98.13366,19.04025],[-98.13393,19.04025],[-98.13414,19.04022],[-98.13436,19.04014],[-98.1346,19.04007],[-98.13483,19.03991],[-98.13505,19.03974],[-98.13526,19.03961],[-98.13567,19.03907],[-98.13595,19.03867],[-98.13612,19.03844],[-98.13614,19.03837],[-98.13596,19.03789],[-98.13595,19.03781],[-98.13619,19.03653],[-98.13576,19.03619],[-98.13535,19.03602],[-98.13492,19.03583],[-98.13437,19.03567],[-98.13384,19.03557],[-98.13372,19.03494],[-98.13363,19.0345],[-98.13372,19.03446],[-98.13364,19.03411],[-98.13318,19.03205],[-98.13293,19.03036],[-98.13319,19.02978],[-98.13317,19.02952],[-98.13315,19.02912],[-98.13281,19.02854],[-98.13256,19.02808],[-98.13224,19.02759],[-98.1319,19.02735],[-98.13155,19.02725],[-98.13106,19.02667],[-98.13061,19.02615],[-98.13044,19.02586],[-98.12932,19.02728],[-98.12867,19.02783],[-98.12795,19.02821],[-98.12604,19.02915],[-98.12486,19.02986],[-98.12386,19.03072],[-98.12297,19.03162],[-98.12245,19.03209],[-98.12178,19.03274],[-98.12149,19.03314]]]}},{"type":"Feature","properties":{"cp":72308,"nombre":"CP 72308"},"geometry":{"type":"Polygon","coordinates":[[[-98.13066,19.06993],[-98.1303,19.07031],[-98.13087,19.0705],[-98.14069,19.07393],[-98.14086,19.07327],[-98.14124,19.07243],[-98.1413,19.0722],[-98.14126,19.07199],[-98.14126,19.07182],[-98.14129,19.07172],[-98.14138,19.07166],[-98.1415,19.0716],[-98.14159,19.07147],[-98.14163,19.07136],[-98.14167,19.07121],[-98.14178,19.07108],[-98.14198,19.07097],[-98.14229,19.07099],[-98.1424,19.07074],[-98.14275,19.06963],[-98.14335,19.06773],[-98.14355,19.06729],[-98.14795,19.06014],[-98.14795,19.06014],[-98.14753,19.06016],[-98.14723,19.06022],[-98.14676,19.06032],[-98.14646,19.06039],[-98.14624,19.06045],[-98.14608,19.06061],[-98.14604,19.06089],[-98.14608,19.06105],[-98.14602,19.06112],[-98.1459,19.06121],[-98.14591,19.06131],[-98.14592,19.06148],[-98.14582,19.06163],[-98.1457,19.06173],[-98.14549,19.062],[-98.14517,19.0624],[-98.14513,19.06253],[-98.14517,19.06264],[-98.14511,19.06283],[-98.14504,19.06297],[-98.1449,19.06308],[-98.14479,19.06321],[-98.14477,19.0633],[-98.14487,19.06338],[-98.1449,19.0635],[-98.14484,19.06362],[-98.14471,19.06371],[-98.14446,19.06389],[-98.14413,19.06412],[-98.144,19.06428],[-98.14389,19.06434],[-98.14379,19.06433],[-98.14367,19.06422],[-98.14354,19.06419],[-98.14347,19.06425],[-98.14338,19.06442],[-98.14334,19.06457],[-98.14333,19.06486],[-98.14225,19.06395],[-98.14083,19.06284],[-98.13864,19.06158],[-98.13843,19.0619],[-98.13811,19.06263],[-98.1378,19.0634],[-98.13751,19.06408],[-98.13734,19.06452],[-98.13712,19.06492],[-98.13686,19.06527],[-98.13668,19.06556],[-98.13494,19.0673],[-98.13387,19.06784],[-98.13316,19.06793],[-98.13242,19.06796],[-98.13214,19.06799],[-98.13176,19.06854],[-98.13066,19.06993]]]}},{"type":"Feature","properties":{"cp":72543,"nombre":"CP 72543"},"geometry":{"type":"Polygon","coordinates":[[[-98.18989,19.01973],[-98.19205,19.02104],[-98.19205,19.02104],[-98.19229,19.01849],[-98.19236,19.01772],[-98.18982,19.01714],[-98.18954,19.01713],[-98.18938,19.01726],[-98.18911,19.0173],[-98.18889,19.01723],[-98.18857,19.01713],[-98.18813,19.01691],[-98.1878,19.01655],[-98.18764,19.01645],[-98.18742,19.01649],[-98.18723,19.01662],[-98.18723,19.01662],[-98.18712,19.01681],[-98.18709,19.01711],[-98.18715,19.01733],[-98.18725,19.0176],[-98.1874,19.01784],[-98.1876,19.01798],[-98.18781,19.01802],[-98.18796,19.0181],[-98.18803,19.01821],[-98.18803,19.01831],[-98.18799,19.01843],[-98.18791,19.01853],[-98.18782,19.01865],[-98.18764,19.01877],[-98.18743,19.01886],[-98.18725,19.01884],[-98.18691,19.01859],[-98.18666,19.01842],[-98.18627,19.01825],[-98.186,19.01819],[-98.18578,19.01821],[-98.18568,19.01839],[-98.18568,19.01887],[-98.1856,19.01987],[-98.18599,19.02003],[-98.18608,19.02013],[-98.18808,19.0212],[-98.19002,19.02222],[-98.1908,19.02141],[-98.18937,19.02066],[-98.18989,19.01973]]]}},{"type":"Feature","properties":{"cp":72560,"nombre":"CP 72560"},"geometry":{"type":"MultiPolygon","coordinates":[[[[-98.19236,19.01772],[-98.19398,19.01814],[-98.19426,19.0169],[-98.19539,19.01758],[-98.19591,19.01509],[-98.19598,19.01479],[-98.19476,19.01426],[-98.19304,19.01353],[-98.19288,19.01432],[-98.19138,19.01351],[-98.19025,19.0128],[-98.19026,19.01335],[-98.19023,19.01396],[-98.19018,19.01431],[-98.18997,19.01476],[-98.18989,19.01512],[-98.18986,19.0155],[-98.18991,19.016],[-98.18962,19.01638],[-98.18968,19.01666],[-98.18962,19.01693],[-98.18954,19.01713],[-98.18982,19.01714],[-98.19236,19.01772]]],[[[-98.18625,19.01214],[-98.18749,19.00997],[-98.18779,19.00982],[-98.18798,19.00989],[-98.18822,19.01006],[-98.18953,19.01169],[-98.18953,19.01169],[-98.18973,19.0115],[-98.18991,19.01112],[-98.1899,19.01071],[-98.18978,19.01031],[-98.18985,19.00993],[-98.18998,19.00963],[-98.19,19.00939],[-98.19003,19.00904],[-98.19016,19.00862],[-98.19039,19.00837],[-98.19064,19.00824],[-98.19112,19.00813],[-98.19128,19.00801],[-98.19136,19.00782],[-98.19126,19.00748],[-98.19108,19.007],[-98.19108,19.00659],[-98.19122,19.00606],[-98.19148,19.00548],[-98.19177,19.00506],[-98.19208,19.00474],[-98.19248,19.00436],[-98.19259,19.00415],[-98.19256,19.00403],[-98.19242,19.0039],[-98.19209,19.00372],[-98.19168,19.00346],[-98.19109,19.00331],[-98.19077,19.00326],[-98.19064,19.00321],[-98.19057,19.00309],[-98.19061,19.00289],[-98.19055,19.00252],[-98.19042,19.0021],[-98.19025,19.00167],[-98.19007,19.00111],[-98.19006,19.00052],[-98.19012,19.00016],[-98.19009,18.99995],[-98.18995,18.99986],[-98.18973,18.99992],[-98.18945,18.99996],[-98.18911,18.99997],[-98.18887,18.99982],[-98.18867,18.99947],[-98.18855,18.99916],[-98.18859,18.99872],[-98.18859,18.99872],[-98.18868,18.99844],[-98.18868,18.99844],[-98.18868,18.99825],[-98.18871,18.99764],[-98.18861,18.99706],[-98.18832,18.9967],[-98.1879,18.99627],[-98.1874,18.99573],[-98.18718,18.9955],[-98.18699,18.99542],[-98.18626,18.99574],[-98.18617,18.99635],[-98.18617,18.99635],[-98.18617,18.99635],[-98.18606,18.99676],[-98.18587,18.99729],[-98.18582,18.99778],[-98.1856,18.99788],[-98.18546,18.99799],[-98.18537,18.99819],[-98.18543,18.9986],[-98.18527,18.99871],[-98.18517,18.99886],[-98.1851,18.999],[-98.18507,18.99923],[-98.18517,18.99962],[-98.18551,19.00063],[-98.1856,19.00115],[-98.18559,19.0016],[-98.18544,19.00216],[-98.18512,19.00323],[-98.18493,19.0036],[-98.18457,19.00417],[-98.18384,19.00525],[-98.18371,19.0055],[-98.18366,19.00574],[-98.18361,19.00601],[-98.18354,19.00627],[-98.18329,19.00674],[-98.18303,19.00721],[-98.18292,19.00735],[-98.18275,19.00749],[-98.18228,19.00787],[-98.18179,19.00826],[-98.18171,19.00835],[-98.18162,19.00848],[-98.18155,19.00868],[-98.18146,19.00893],[-98.1813,19.00911],[-98.18103,19.00935],[-98.18124,19.00951],[-98.18283,19.01032],[-98.18341,19.01061],[-98.18428,19.0111],[-98.18474,19.01139],[-98.18625,19.01214]]]]}},{"type":"Feature","properties":{"cp":72530,"nombre":"CP 72530"},"geometry":{"type":"Polygon","coordinates":[[[-98.19597,19.03105],[-98.19844,19.03235],[-98.19792,19.03331],[-98.19897,19.03332],[-98.1989,19.03352],[-98.19889,19.03371],[-98.19892,19.03392],[-98.19901,19.03404],[-98.19914,19.03411],[-98.19838,19.03505],[-98.19772,19.03594],[-98.19637,19.03831],[-98.19789,19.03912],[-98.19834,19.03836],[-98.20286,19.04068],[-98.20512,19.03692],[-98.20565,19.03602],[-98.20613,19.03516],[-98.20452,19.03431],[-98.20555,19.03257],[-98.20555,19.03257],[-98.20555,19.03257],[-98.20397,19.03172],[-98.20343,19.03271],[-98.20102,19.03142],[-98.20149,19.03071],[-98.20193,19.03022],[-98.20477,19.0274],[-98.20556,19.02661],[-98.20591,19.02651],[-98.20591,19.02651],[-98.20591,19.02651],[-98.2046,19.02579],[-98.2008,19.02577],[-98.20018,19.02286],[-98.19956,19.02025],[-98.19956,19.02025],[-98.19956,19.02025],[-98.19956,19.02025],[-98.19871,19.0225],[-98.19871,19.02251],[-98.19826,19.02235],[-98.19754,19.0221],[-98.19683,19.02185],[-98.19683,19.02185],[-98.19683,19.02185],[-98.19647,19.02281],[-98.1972,19.02307],[-98.19697,19.02363],[-98.19577,19.023],[-98.19543,19.02281],[-98.19567,19.02237],[-98.19591,19.02187],[-98.19598,19.0219],[-98.1961,19.02169],[-98.19635,19.0218],[-98.19641,19.0217],[-98.19641,19.0217],[-98.19671,19.02114],[-98.19626,19.0209],[-98.19646,19.02057],[-98.19614,19.02045],[-98.19607,19.02048],[-98.19426,19.01953],[-98.19323,19.01898],[-98.19229,19.01849],[-98.19205,19.02104],[-98.19205,19.02104],[-98.19184,19.02316],[-98.19184,19.02316],[-98.1918,19.02353],[-98.19156,19.02403],[-98.19018,19.02588],[-98.19309,19.02741],[-98.19415,19.02794],[-98.19432,19.02759],[-98.19453,19.02709],[-98.19512,19.02584],[-98.19541,19.02519],[-98.19621,19.02558],[-98.19547,19.02746],[-98.19547,19.02746],[-98.19547,19.02746],[-98.19663,19.02801],[-98.19624,19.02901],[-98.19624,19.02901],[-98.19697,19.02942],[-98.19597,19.03105],[-98.19597,19.03105]]]}},{"type":"Feature","properties":{"cp":72120,"nombre":"CP 72120"},"geometry":{"type":"MultiPolygon","coordinates":[[[[-98.25031,19.08377],[-98.25031,19.08377],[-98.25109,19.08365],[-98.25128,19.08361],[-98.25154,19.08356],[-98.25188,19.08351],[-98.25178,19.08334],[-98.25169,19.08315],[-98.25159,19.08301],[-98.25148,19.08296],[-98.25133,19.08299],[-98.25111,19.08307],[-98.25004,19.08351],[-98.24948,19.08362],[-98.24911,19.08365],[-98.24851,19.08369],[-98.24819,19.08375],[-98.24792,19.08384],[-98.2478,19.0839],[-98.24781,19.08313],[-98.24798,19.0816],[-98.24808,19.08165],[-98.24874,19.08054],[-98.2514,19.08176],[-98.25198,19.08069],[-98.25261,19.07961],[-98.2515,19.07907],[-98.25209,19.07792],[-98.25261,19.07818],[-98.25312,19.07704],[-98.25357,19.07725],[-98.25391,19.07741],[-98.2545,19.07626],[-98.25468,19.07635],[-98.25538,19.07502],[-98.25369,19.07425],[-98.25342,19.07413],[-98.25026,19.07276],[-98.24832,19.07201],[-98.24741,19.07165],[-98.24671,19.07136],[-98.24529,19.07085],[-98.24486,19.0708],[-98.24455,19.07089],[-98.24417,19.07089],[-98.24293,19.07083],[-98.24289,19.07158],[-98.24281,19.07263],[-98.24278,19.07297],[-98.24274,19.07345],[-98.24272,19.07367],[-98.24196,19.07367],[-98.24116,19.07366],[-98.24042,19.07367],[-98.23976,19.07368],[-98.23952,19.07368],[-98.23944,19.07415],[-98.23942,19.07447],[-98.23949,19.07472],[-98.23959,19.07495],[-98.23991,19.07524],[-98.24021,19.07553],[-98.2404,19.07622],[-98.24054,19.07758],[-98.24061,19.0782],[-98.24096,19.07862],[-98.24124,19.07891],[-98.24127,19.07907],[-98.24114,19.07925],[-98.24106,19.07942],[-98.24084,19.07956],[-98.24067,19.07964],[-98.24028,19.0798],[-98.24004,19.07998],[-98.23998,19.08011],[-98.24,19.08026],[-98.24032,19.08098],[-98.24051,19.08143],[-98.24061,19.08152],[-98.24072,19.08155],[-98.24082,19.08163],[-98.24088,19.0817],[-98.2409,19.08179],[-98.24085,19.08191],[-98.24077,19.08207],[-98.24019,19.08285],[-98.24134,19.08361],[-98.24189,19.0839],[-98.24224,19.08402],[-98.24281,19.08422],[-98.24323,19.0843],[-98.24372,19.08439],[-98.24414,19.08444],[-98.24467,19.08445],[-98.24517,19.08445],[-98.24543,19.08446],[-98.24544,19.08446],[-98.24546,19.08446],[-98.24554,19.08445],[-98.24603,19.08441],[-98.24611,19.0844],[-98.24642,19.08436],[-98.24669,19.08432],[-98.24688,19.0843],[-98.24707,19.08427],[-98.24732,19.08423],[-98.24758,19.08419],[-98.248,19.08411],[-98.248,19.08411],[-98.24846,19.08403],[-98.24862,19.08401],[-98.24888,19.08396],[-98.24935,19.08387],[-98.24949,19.08385],[-98.24958,19.08384],[-98.24985,19.08383],[-98.25031,19.08377]]],[[[-98.26006,19.07713],[-98.26046,19.07607],[-98.26085,19.07504],[-98.25695,19.07253],[-98.25632,19.07216],[-98.25601,19.07202],[-98.25586,19.07197],[-98.25518,19.07177],[-98.2551,19.07209],[-98.25528,19.07308],[-98.25568,19.07514],[-98.25562,19.07512],[-98.2556,19.07522],[-98.25495,19.07646],[-98.25538,19.07665],[-98.25609,19.07537],[-98.25653,19.07556],[-98.25693,19.07573],[-98.25815,19.07628],[-98.26006,19.07713],[-98.26006,19.07713]]]]}},{"type":"Feature","properties":{"cp":72574,"nombre":"CP 72574"},"geometry":{"type":"Polygon","coordinates":[[[-98.18617,18.99635],[-98.18586,18.99614],[-98.18426,18.99686],[-98.18087,18.99792],[-98.18094,18.99807],[-98.18098,18.99828],[-98.18099,18.99852],[-98.18098,18.99877],[-98.18093,18.99904],[-98.18087,18.9992],[-98.18075,18.99918],[-98.18044,18.99927],[-98.18052,18.99951],[-98.17951,18.9998],[-98.17933,18.99922],[-98.1792,18.99924],[-98.17842,18.99901],[-98.17844,18.99873],[-98.17847,18.99846],[-98.17854,18.9982],[-98.17783,18.99797],[-98.17723,18.99791],[-98.17414,18.99734],[-98.17302,18.99723],[-98.17019,18.99805],[-98.17062,18.99822],[-98.17067,18.99945],[-98.1714,18.9995],[-98.17132,19.00044],[-98.1713,19.00117],[-98.17126,19.00181],[-98.1712,19.00214],[-98.17472,19.00115],[-98.17496,19.00096],[-98.17702,19.00049],[-98.17833,19.00013],[-98.17835,19.00023],[-98.17842,19.00016],[-98.17885,19.00001],[-98.17908,18.99995],[-98.17918,18.99997],[-98.1793,19.00005],[-98.17945,19.00015],[-98.17954,19.00017],[-98.18015,19],[-98.18032,19.00001],[-98.18054,19.00004],[-98.18041,19.00043],[-98.18039,19.00063],[-98.18039,19.00077],[-98.1804,19.00088],[-98.18054,19.00116],[-98.18074,19.00136],[-98.18119,19.00184],[-98.18133,19.00206],[-98.18139,19.00224],[-98.18141,19.0024],[-98.18137,19.00261],[-98.18129,19.00276],[-98.1812,19.00289],[-98.18101,19.00307],[-98.18073,19.00331],[-98.18045,19.00357],[-98.18031,19.00384],[-98.1803,19.00406],[-98.18028,19.00461],[-98.1803,19.00521],[-98.18025,19.0055],[-98.18009,19.00582],[-98.18035,19.00592],[-98.18071,19.00575],[-98.18089,19.0057],[-98.18104,19.00572],[-98.18114,19.00581],[-98.18093,19.00647],[-98.18197,19.00691],[-98.18292,19.00735],[-98.18303,19.00721],[-98.18329,19.00674],[-98.18354,19.00627],[-98.18361,19.00601],[-98.18366,19.00574],[-98.18371,19.0055],[-98.18384,19.00525],[-98.18457,19.00417],[-98.18493,19.0036],[-98.18512,19.00323],[-98.18544,19.00216],[-98.18559,19.0016],[-98.1856,19.00115],[-98.18551,19.00063],[-98.18517,18.99962],[-98.18507,18.99923],[-98.1851,18.999],[-98.18517,18.99886],[-98.18527,18.99871],[-98.18543,18.9986],[-98.18537,18.99819],[-98.18546,18.99799],[-98.1856,18.99788],[-98.18582,18.99778],[-98.18587,18.99729],[-98.18606,18.99676],[-98.18617,18.99635]]]}},{"type":"Feature","properties":{"cp":72013,"nombre":"CP 72013"},"geometry":{"type":"Polygon","coordinates":[[[-98.19508,19.09025],[-98.19489,19.09029],[-98.19481,19.09063],[-98.19475,19.09086],[-98.19461,19.09095],[-98.1945,19.09099],[-98.19441,19.09117],[-98.19425,19.09123],[-98.19392,19.09124],[-98.1937,19.09122],[-98.19345,19.09127],[-98.1933,19.09132],[-98.19308,19.09152],[-98.19306,19.09175],[-98.193,19.092],[-98.19288,19.09222],[-98.19281,19.09262],[-98.19284,19.09298],[-98.19295,19.09356],[-98.19299,19.09394],[-98.1929,19.09405],[-98.19292,19.09432],[-98.19296,19.09448],[-98.19288,19.09473],[-98.19274,19.09487],[-98.19256,19.09487],[-98.19239,19.09497],[-98.19228,19.09517],[-98.19227,19.09553],[-98.19227,19.09578],[-98.19218,19.09602],[-98.19206,19.09615],[-98.19204,19.09623],[-98.19217,19.09626],[-98.19222,19.0964],[-98.19217,19.09655],[-98.19202,19.09666],[-98.19198,19.09671],[-98.19195,19.09685],[-98.19204,19.09688],[-98.19212,19.09709],[-98.19218,19.09726],[-98.19209,19.09749],[-98.19209,19.09749],[-98.1922,19.09758],[-98.19244,19.09774],[-98.19262,19.09791],[-98.19275,19.09814],[-98.19293,19.09835],[-98.19315,19.09837],[-98.19352,19.09824],[-98.19392,19.09811],[-98.19431,19.09791],[-98.19484,19.09789],[-98.19497,19.09763],[-98.1954,19.09639],[-98.1955,19.09612],[-98.19588,19.0952],[-98.19641,19.09418],[-98.19697,19.09281],[-98.1968,19.09275],[-98.19658,19.09273],[-98.19683,19.09195],[-98.19602,19.09133],[-98.19581,19.09106],[-98.1957,19.09089],[-98.19544,19.09067],[-98.19527,19.09058],[-98.19517,19.09048],[-98.19508,19.09025]]]}},{"type":"Feature","properties":{"cp":72900,"nombre":"CP 72900"},"geometry":{"type":"Polygon","coordinates":[[[-98.08986,19.13011],[-98.08947,19.13015],[-98.08956,19.13022],[-98.08968,19.13035],[-98.0897,19.13048],[-98.08966,19.13065],[-98.08963,19.13088],[-98.08963,19.13105],[-98.08957,19.13115],[-98.08942,19.13126],[-98.08926,19.13138],[-98.08923,19.13147],[-98.08924,19.13152],[-98.08937,19.1316],[-98.08952,19.13176],[-98.08965,19.13196],[-98.08963,19.13217],[-98.08952,19.13221],[-98.08931,19.13208],[-98.08899,19.1319],[-98.08881,19.13188],[-98.08869,19.13203],[-98.08868,19.13218],[-98.08878,19.13226],[-98.08891,19.13221],[-98.08907,19.13226],[-98.08907,19.13234],[-98.08885,19.13266],[-98.08889,19.13285],[-98.08894,19.1329],[-98.08914,19.13313],[-98.08922,19.13346],[-98.08925,19.13369],[-98.08914,19.13378],[-98.08899,19.13377],[-98.08878,19.13378],[-98.08858,19.13408],[-98.08855,19.13425],[-98.08851,19.13445],[-98.08829,19.13453],[-98.0882,19.13466],[-98.08822,19.13471],[-98.08836,19.13486],[-98.0884,19.13503],[-98.08838,19.13513],[-98.08824,19.13521],[-98.08813,19.13525],[-98.08811,19.13535],[-98.08819,19.13544],[-98.0883,19.13564],[-98.08824,19.13575],[-98.08809,19.13578],[-98.08786,19.13576],[-98.08767,19.13586],[-98.08753,19.13599],[-98.0873,19.13601],[-98.08708,19.13608],[-98.08691,19.13616],[-98.08694,19.13623],[-98.08704,19.13631],[-98.0871,19.13646],[-98.08708,19.13656],[-98.08693,19.13659],[-98.08657,19.13659],[-98.08641,19.1366],[-98.08634,19.13667],[-98.08636,19.13677],[-98.08643,19.13682],[-98.08652,19.13677],[-98.08657,19.13682],[-98.08658,19.13694],[-98.08644,19.13717],[-98.08631,19.13743],[-98.08635,19.13752],[-98.08641,19.13759],[-98.08642,19.13766],[-98.08639,19.13773],[-98.08628,19.13784],[-98.08601,19.13804],[-98.08583,19.13812],[-98.08564,19.13825],[-98.08554,19.13838],[-98.08538,19.13844],[-98.08526,19.13848],[-98.08519,19.13851],[-98.08516,19.13856],[-98.08519,19.13866],[-98.08527,19.1388],[-98.08532,19.13893],[-98.08532,19.13902],[-98.08527,19.13913],[-98.08532,19.13933],[-98.08537,19.13944],[-98.08537,19.13944],[-98.08531,19.13952],[-98.0851,19.13961],[-98.08503,19.13969],[-98.08511,19.13981],[-98.08531,19.14005],[-98.08547,19.14029],[-98.08526,19.14062],[-98.08518,19.14078],[-98.08521,19.14082],[-98.08537,19.14099],[-98.0854,19.14112],[-98.08541,19.14128],[-98.08529,19.1414],[-98.08506,19.14161],[-98.08492,19.14185],[-98.0847,19.14208],[-98.08453,19.14228],[-98.0845,19.1424],[-98.08439,19.14268],[-98.08428,19.14295],[-98.08419,19.14312],[-98.08402,19.14325],[-98.08389,19.14331],[-98.08378,19.14349],[-98.08363,19.14374],[-98.08347,19.14384],[-98.08325,19.14382],[-98.08315,19.14392],[-98.08304,19.14416],[-98.08275,19.14432],[-98.0825,19.14448],[-98.0823,19.14448],[-98.0822,19.14457],[-98.08216,19.14471],[-98.08216,19.14495],[-98.08206,19.14516],[-98.08188,19.14526],[-98.08175,19.14538],[-98.08158,19.1456],[-98.08147,19.14578],[-98.0813,19.14589],[-98.08111,19.14591],[-98.08084,19.14592],[-98.08053,19.14585],[-98.0803,19.14595],[-98.08019,19.14614],[-98.07989,19.14659],[-98.07977,19.14703],[-98.07953,19.14766],[-98.0791,19.14825],[-98.07892,19.14856],[-98.07878,19.14906],[-98.0785,19.14961],[-98.07807,19.14992],[-98.07749,19.15005],[-98.07709,19.15023],[-98.07686,19.15053],[-98.07661,19.151],[-98.07636,19.15146],[-98.07602,19.15188],[-98.07558,19.15226],[-98.07493,19.15265],[-98.07473,19.15286],[-98.07439,19.15307],[-98.07399,19.15322],[-98.07323,19.15352],[-98.07262,19.15379],[-98.07209,19.15416],[-98.07157,19.15448],[-98.07057,19.15536],[-98.07003,19.15589],[-98.0698,19.156],[-98.06943,19.15622],[-98.06912,19.15623],[-98.06884,19.15605],[-98.06847,19.156],[-98.06803,19.15602],[-98.06769,19.1562],[-98.06741,19.15638],[-98.06705,19.15639],[-98.06656,19.15623],[-98.06629,19.15622],[-98.066,19.15631],[-98.06578,19.15651],[-98.06562,19.15689],[-98.06562,19.15739],[-98.06466,19.15819],[-98.06376,19.15874],[-98.06318,19.15924],[-98.06284,19.15955],[-98.06244,19.15972],[-98.06213,19.16],[-98.06197,19.16025],[-98.06163,19.16038],[-98.06126,19.16067],[-98.06103,19.16073],[-98.06077,19.16062],[-98.06059,19.16015],[-98.06073,19.15966],[-98.06085,19.15916],[-98.06105,19.15846],[-98.06112,19.15801],[-98.06091,19.1578],[-98.06053,19.15785],[-98.05999,19.15823],[-98.05907,19.15884],[-98.0584,19.15929],[-98.05786,19.15983],[-98.0576,19.16011],[-98.05697,19.16059],[-98.05651,19.16135],[-98.05643,19.16168],[-98.05656,19.16229],[-98.05659,19.16274],[-98.05647,19.16319],[-98.05619,19.1635],[-98.05603,19.16404],[-98.05609,19.16453],[-98.0565,19.16555],[-98.05624,19.1671],[-98.0558,19.1679],[-98.0558,19.16878],[-98.05601,19.16951],[-98.0558,19.17031],[-98.05565,19.17131],[-98.05549,19.17284],[-98.05632,19.17525],[-98.05673,19.17649],[-98.05691,19.17724],[-98.05657,19.1785],[-98.05621,19.17994],[-98.05562,19.18125],[-98.05485,19.18317],[-98.05374,19.18526],[-98.05325,19.18665],[-98.05276,19.18777],[-98.05248,19.18862],[-98.05228,19.18969],[-98.05192,19.19083],[-98.05112,19.19209],[-98.05037,19.19365],[-98.0496,19.19504],[-98.04857,19.19606],[-98.04762,19.19681],[-98.04674,19.19834],[-98.04579,19.20002],[-98.04463,19.20167],[-98.04345,19.20286],[-98.04206,19.20345],[-98.04069,19.20391],[-98.03979,19.20469],[-98.03941,19.20559],[-98.03894,19.20692],[-98.03843,19.20867],[-98.03822,19.21052],[-98.03755,19.21229],[-98.03732,19.21302],[-98.03717,19.2148],[-98.03702,19.2161],[-98.0375,19.21534],[-98.03866,19.21424],[-98.03984,19.21325],[-98.04069,19.21255],[-98.04063,19.21212],[-98.04063,19.21163],[-98.04089,19.21121],[-98.04125,19.2107],[-98.04153,19.21023],[-98.04203,19.21017],[-98.04253,19.20984],[-98.04305,19.20989],[-98.0434,19.20955],[-98.04364,19.20926],[-98.04423,19.2092],[-98.04454,19.20911],[-98.04491,19.20881],[-98.04509,19.20871],[-98.04578,19.20865],[-98.04632,19.20859],[-98.0467,19.20823],[-98.04705,19.2075],[-98.04756,19.20705],[-98.0484,19.20693],[-98.04894,19.20685],[-98.04917,19.20743],[-98.04988,19.20747],[-98.05052,19.20718],[-98.05142,19.20658],[-98.05196,19.20549],[-98.05286,19.20491],[-98.05387,19.20417],[-98.05507,19.20316],[-98.05612,19.20274],[-98.05734,19.20229],[-98.0585,19.20178],[-98.05933,19.20123],[-98.05986,19.20026],[-98.06082,19.1986],[-98.0618,19.19689],[-98.06201,19.19591],[-98.06277,19.19492],[-98.06516,19.19317],[-98.06773,19.19094],[-98.06864,19.19005],[-98.0689,19.18956],[-98.0688,19.18842],[-98.06878,19.1876],[-98.06899,19.18717],[-98.06929,19.1866],[-98.06941,19.18586],[-98.06961,19.18517],[-98.07013,19.18484],[-98.07066,19.18439],[-98.07109,19.18397],[-98.07171,19.18342],[-98.07215,19.1829],[-98.07269,19.1826],[-98.07353,19.18185],[-98.07407,19.18104],[-98.07471,19.18024],[-98.07559,19.17991],[-98.07625,19.17877],[-98.07663,19.17806],[-98.07712,19.17747],[-98.07757,19.17686],[-98.07816,19.17646],[-98.07903,19.1763],[-98.07985,19.17596],[-98.08092,19.17495],[-98.08209,19.17417],[-98.08332,19.17323],[-98.08538,19.17208],[-98.08586,19.17136],[-98.08733,19.17068],[-98.08911,19.16993],[-98.09035,19.16939],[-98.0909,19.16897],[-98.0914,19.16814],[-98.09246,19.16735],[-98.09308,19.16721],[-98.09357,19.16618],[-98.09406,19.16604],[-98.09447,19.16583],[-98.09478,19.16553],[-98.09525,19.16549],[-98.09574,19.16516],[-98.09601,19.16507],[-98.09652,19.16513],[-98.09671,19.16508],[-98.09695,19.16501],[-98.09714,19.16488],[-98.09734,19.16473],[-98.09762,19.16457],[-98.09781,19.16442],[-98.09798,19.16426],[-98.09874,19.1637],[-98.09946,19.16321],[-98.09961,19.16318],[-98.09981,19.16322],[-98.09999,19.16329],[-98.10017,19.16334],[-98.10032,19.16337],[-98.10027,19.16328],[-98.10026,19.16325],[-98.10015,19.16307],[-98.10012,19.16292],[-98.10015,19.16284],[-98.10017,19.16265],[-98.10011,19.16238],[-98.10013,19.16228],[-98.10014,19.16225],[-98.10016,19.16217],[-98.09994,19.16199],[-98.09978,19.1618],[-98.09936,19.16139],[-98.09955,19.16125],[-98.09961,19.16113],[-98.09983,19.16082],[-98.10009,19.16045],[-98.10027,19.16032],[-98.10049,19.1602],[-98.10114,19.1597],[-98.10116,19.15968],[-98.10192,19.15858],[-98.10202,19.15843],[-98.10211,19.15831],[-98.1027,19.15752],[-98.10267,19.15734],[-98.10262,19.15707],[-98.10318,19.15588],[-98.10363,19.15459],[-98.10375,19.15383],[-98.10363,19.15346],[-98.1034,19.15281],[-98.10322,19.15257],[-98.10349,19.15205],[-98.10449,19.15124],[-98.10486,19.15043],[-98.10546,19.14988],[-98.10603,19.14936],[-98.1068,19.14846],[-98.1076,19.14765],[-98.10793,19.14624],[-98.10844,19.14523],[-98.10936,19.14422],[-98.10998,19.14343],[-98.11016,19.14321],[-98.1107,19.14299],[-98.1112,19.14227],[-98.11185,19.14186],[-98.11227,19.14149],[-98.11265,19.14147],[-98.11366,19.14141],[-98.11449,19.14094],[-98.11504,19.14056],[-98.11521,19.14037],[-98.11535,19.14021],[-98.1155,19.14004],[-98.11566,19.13944],[-98.1158,19.13881],[-98.11612,19.13806],[-98.11674,19.13771],[-98.11722,19.13716],[-98.11779,19.1364],[-98.1188,19.13568],[-98.11942,19.13528],[-98.12114,19.13436],[-98.12283,19.13351],[-98.12383,19.13298],[-98.12458,19.13242],[-98.12495,19.13166],[-98.12566,19.13184],[-98.12654,19.13133],[-98.12715,19.13061],[-98.12764,19.12996],[-98.12815,19.12939],[-98.12863,19.12958],[-98.12932,19.12992],[-98.12973,19.12988],[-98.13036,19.12955],[-98.13071,19.12931],[-98.13115,19.12919],[-98.13155,19.12896],[-98.13217,19.1287],[-98.13257,19.12823],[-98.13299,19.12782],[-98.13331,19.12743],[-98.13374,19.12698],[-98.13374,19.12698],[-98.13374,19.12698],[-98.13336,19.127],[-98.133,19.12703],[-98.1326,19.12713],[-98.13222,19.12717],[-98.13178,19.12716],[-98.1314,19.12734],[-98.13096,19.12751],[-98.13074,19.12743],[-98.12994,19.12632],[-98.12953,19.12582],[-98.12856,19.12486],[-98.12821,19.12451],[-98.12833,19.12399],[-98.1285,19.12375],[-98.12872,19.12359],[-98.12888,19.12338],[-98.12899,19.12315],[-98.12909,19.12296],[-98.12914,19.12277],[-98.1289,19.12269],[-98.12834,19.12281],[-98.12795,19.12298],[-98.12719,19.12222],[-98.12686,19.12179],[-98.12667,19.12143],[-98.12649,19.121],[-98.12635,19.12054],[-98.12625,19.12025],[-98.12608,19.11994],[-98.12591,19.1198],[-98.12557,19.11978],[-98.12498,19.12019],[-98.12471,19.1203],[-98.12455,19.12031],[-98.12399,19.11992],[-98.12345,19.11944],[-98.12322,19.11932],[-98.12256,19.11972],[-98.12202,19.12017],[-98.12157,19.12046],[-98.12137,19.12074],[-98.12137,19.12093],[-98.12115,19.12119],[-98.12086,19.12159],[-98.12084,19.12206],[-98.12046,19.12235],[-98.11981,19.12276],[-98.11939,19.12284],[-98.11883,19.12269],[-98.11807,19.12239],[-98.11649,19.12113],[-98.11615,19.12112],[-98.11583,19.12104],[-98.1154,19.12101],[-98.11503,19.12101],[-98.11475,19.12109],[-98.11465,19.12137],[-98.11445,19.12187],[-98.11419,19.12233],[-98.11406,19.1225],[-98.11358,19.12288],[-98.11279,19.12345],[-98.11246,19.12392],[-98.11218,19.12435],[-98.11175,19.12474],[-98.11106,19.12522],[-98.11001,19.1259],[-98.10937,19.12635],[-98.10877,19.12668],[-98.1084,19.1267],[-98.10813,19.12668],[-98.10791,19.12681],[-98.1078,19.12694],[-98.10759,19.12699],[-98.10733,19.12699],[-98.10706,19.12699],[-98.1068,19.12708],[-98.10648,19.12731],[-98.10622,19.12778],[-98.10608,19.128],[-98.10491,19.12711],[-98.10271,19.12581],[-98.10031,19.12442],[-98.09677,19.12251],[-98.09632,19.12313],[-98.09578,19.1237],[-98.09518,19.12422],[-98.09445,19.12491],[-98.09398,19.12595],[-98.09347,19.12686],[-98.09283,19.12764],[-98.09255,19.12844],[-98.09255,19.12896],[-98.09251,19.12946],[-98.09237,19.13013],[-98.09235,19.13021],[-98.09219,19.13044],[-98.09197,19.13051],[-98.0918,19.13052],[-98.0916,19.13051],[-98.09136,19.13058],[-98.09092,19.13042],[-98.09017,19.13015],[-98.08986,19.13011]]]}},{"type":"Feature","properties":{"cp":72108,"nombre":"CP 72108"},"geometry":{"type":"Polygon","coordinates":[[[-98.20899,19.11566],[-98.20891,19.11566],[-98.20878,19.11572],[-98.20866,19.1158],[-98.2086,19.11584],[-98.20854,19.11585],[-98.20849,19.11583],[-98.20835,19.1157],[-98.20821,19.11554],[-98.20815,19.11544],[-98.20809,19.11539],[-98.20799,19.11536],[-98.20792,19.11535],[-98.20782,19.11539],[-98.20765,19.11545],[-98.2075,19.11548],[-98.20741,19.11545],[-98.20735,19.11539],[-98.20728,19.11532],[-98.20719,19.11529],[-98.20707,19.1153],[-98.20699,19.11533],[-98.20696,19.11539],[-98.20697,19.11545],[-98.20697,19.11545],[-98.20698,19.1156],[-98.20698,19.1156],[-98.20697,19.1157],[-98.20688,19.11585],[-98.20677,19.11592],[-98.20668,19.11593],[-98.20653,19.11587],[-98.20633,19.11581],[-98.20619,19.1158],[-98.20608,19.11576],[-98.20591,19.11568],[-98.20569,19.11559],[-98.20533,19.11542],[-98.20513,19.11529],[-98.20496,19.11514],[-98.20482,19.11498],[-98.20464,19.1149],[-98.20449,19.11488],[-98.20435,19.11493],[-98.20422,19.1152],[-98.2041,19.11542],[-98.20404,19.11559],[-98.20391,19.11574],[-98.20386,19.11578],[-98.20331,19.11578],[-98.20293,19.116],[-98.20255,19.11617],[-98.20223,19.11642],[-98.20197,19.11664],[-98.20154,19.11687],[-98.20109,19.11717],[-98.20066,19.11736],[-98.20035,19.11761],[-98.19998,19.1178],[-98.19987,19.11801],[-98.19973,19.11817],[-98.19939,19.11821],[-98.19903,19.11823],[-98.19837,19.1181],[-98.19808,19.11805],[-98.19774,19.11853],[-98.19728,19.11878],[-98.19661,19.11879],[-98.19589,19.1189],[-98.19571,19.119],[-98.19542,19.11915],[-98.195,19.11958],[-98.19473,19.11973],[-98.19439,19.11981],[-98.19412,19.1199],[-98.19385,19.12008],[-98.19393,19.12088],[-98.19373,19.12111],[-98.19355,19.12126],[-98.19317,19.12141],[-98.19238,19.12162],[-98.19204,19.12191],[-98.19164,19.12194],[-98.19164,19.12213],[-98.19182,19.12243],[-98.19179,19.12264],[-98.19171,19.12279],[-98.19425,19.12477],[-98.19712,19.12724],[-98.19714,19.1275],[-98.18818,19.13552],[-98.18829,19.13568],[-98.18856,19.13608],[-98.18877,19.13645],[-98.18904,19.13683],[-98.18921,19.13708],[-98.18954,19.13759],[-98.18994,19.13827],[-98.19031,19.13889],[-98.1906,19.13951],[-98.19071,19.13999],[-98.19106,19.14002],[-98.19176,19.13997],[-98.19226,19.13991],[-98.19267,19.13949],[-98.1933,19.13958],[-98.19402,19.13961],[-98.19432,19.13927],[-98.1951,19.13913],[-98.19564,19.13923],[-98.19639,19.1392],[-98.19701,19.13905],[-98.19703,19.13905],[-98.19704,19.13904],[-98.19749,19.1385],[-98.19837,19.13846],[-98.19923,19.13817],[-98.19974,19.13783],[-98.20048,19.13754],[-98.20092,19.13715],[-98.20139,19.1369],[-98.20168,19.13661],[-98.20202,19.13652],[-98.20209,19.13611],[-98.20248,19.13602],[-98.20293,19.1353],[-98.20322,19.13507],[-98.20362,19.13467],[-98.20392,19.13463],[-98.20417,19.13423],[-98.20479,19.1342],[-98.20514,19.13363],[-98.20593,19.13352],[-98.20621,19.13326],[-98.20629,19.13319],[-98.20671,19.13302],[-98.20721,19.13296],[-98.20766,19.1329],[-98.20804,19.1327],[-98.20886,19.13273],[-98.2094,19.13286],[-98.21007,19.13292],[-98.21087,19.13329],[-98.21185,19.1337],[-98.21274,19.13391],[-98.21354,19.13414],[-98.2144,19.13431],[-98.215,19.13447],[-98.21543,19.13456],[-98.21623,19.13471],[-98.2167,19.13481],[-98.2172,19.13493],[-98.21762,19.13518],[-98.21828,19.13544],[-98.219,19.13581],[-98.2193,19.13613],[-98.21973,19.13628],[-98.21941,19.13368],[-98.21882,19.13084],[-98.21845,19.12891],[-98.21805,19.12751],[-98.2176,19.12634],[-98.2173,19.12571],[-98.21698,19.12505],[-98.21698,19.12505],[-98.21684,19.12481],[-98.21664,19.12449],[-98.21617,19.12407],[-98.21565,19.12384],[-98.21519,19.12363],[-98.21464,19.12335],[-98.21419,19.12305],[-98.21335,19.12247],[-98.21285,19.12193],[-98.21207,19.12105],[-98.2114,19.1203],[-98.21009,19.1188],[-98.20978,19.11841],[-98.20948,19.118],[-98.20927,19.11765],[-98.20913,19.11734],[-98.20905,19.11713],[-98.20897,19.11689],[-98.20895,19.11667],[-98.20894,19.11619],[-98.20896,19.11582],[-98.20899,19.11566],[-98.20899,19.11566]]]}},{"type":"Feature","properties":{"cp":72014,"nombre":"CP 72014"},"geometry":{"type":"Polygon","coordinates":[[[-98.19209,19.09749],[-98.19209,19.09749],[-98.1918,19.09748],[-98.19164,19.09756],[-98.19141,19.09797],[-98.19113,19.09791],[-98.19082,19.09781],[-98.19051,19.09775],[-98.19019,19.09773],[-98.18986,19.09754],[-98.18958,19.09748],[-98.18922,19.09752],[-98.18887,19.0977],[-98.18858,19.09791],[-98.18825,19.0981],[-98.18804,19.09842],[-98.18785,19.09873],[-98.18759,19.09884],[-98.18727,19.09891],[-98.18707,19.09907],[-98.18699,19.09942],[-98.18687,19.09955],[-98.18659,19.0995],[-98.18627,19.09952],[-98.18523,19.09979],[-98.18485,19.09978],[-98.18458,19.09972],[-98.18443,19.09984],[-98.18443,19.09984],[-98.18492,19.10013],[-98.18592,19.10172],[-98.18513,19.10212],[-98.18489,19.10183],[-98.1845,19.10138],[-98.18385,19.101],[-98.18385,19.101],[-98.18346,19.10222],[-98.18346,19.10222],[-98.18367,19.10253],[-98.18357,19.10277],[-98.18357,19.10277],[-98.18345,19.10325],[-98.18345,19.10325],[-98.1834,19.10352],[-98.1834,19.10352],[-98.18332,19.10379],[-98.18313,19.10396],[-98.18305,19.10408],[-98.18305,19.10408],[-98.18303,19.10424],[-98.18303,19.10424],[-98.18315,19.10435],[-98.18333,19.10455],[-98.18346,19.10473],[-98.18345,19.10523],[-98.18312,19.10565],[-98.18312,19.10565],[-98.18318,19.10601],[-98.18318,19.10601],[-98.18327,19.10651],[-98.18327,19.10651],[-98.18338,19.10692],[-98.18338,19.10692],[-98.1835,19.10721],[-98.18352,19.10755],[-98.18352,19.10755],[-98.18364,19.1079],[-98.18373,19.10817],[-98.18471,19.10835],[-98.18476,19.10887],[-98.18476,19.10887],[-98.18477,19.10947],[-98.18477,19.10947],[-98.18468,19.10997],[-98.18468,19.10997],[-98.18465,19.11025],[-98.18465,19.11025],[-98.18471,19.1106],[-98.18471,19.1106],[-98.1847,19.11092],[-98.1847,19.11092],[-98.18463,19.11121],[-98.18463,19.11121],[-98.18454,19.11134],[-98.18395,19.11173],[-98.18279,19.1124],[-98.18089,19.11349],[-98.18255,19.11437],[-98.18406,19.11519],[-98.18436,19.11536],[-98.18453,19.11542],[-98.18485,19.11552],[-98.18543,19.11559],[-98.18595,19.11576],[-98.18625,19.11584],[-98.18636,19.11588],[-98.18654,19.11595],[-98.18681,19.11601],[-98.18708,19.11598],[-98.18725,19.11602],[-98.18754,19.11592],[-98.18763,19.11583],[-98.18778,19.11583],[-98.18799,19.11591],[-98.18799,19.11591],[-98.18842,19.11567],[-98.18857,19.11536],[-98.18871,19.11525],[-98.18892,19.11528],[-98.18921,19.11534],[-98.18942,19.11546],[-98.18956,19.11555],[-98.18976,19.11562],[-98.19002,19.11559],[-98.19021,19.11563],[-98.1904,19.11573],[-98.19056,19.11587],[-98.19069,19.11594],[-98.19085,19.11597],[-98.19113,19.11598],[-98.1913,19.116],[-98.19159,19.11608],[-98.19193,19.11596],[-98.19219,19.11606],[-98.19234,19.11611],[-98.19255,19.11613],[-98.19278,19.11612],[-98.19309,19.11606],[-98.19335,19.11612],[-98.19356,19.11623],[-98.19383,19.11628],[-98.1941,19.11635],[-98.19445,19.11635],[-98.19461,19.11637],[-98.19474,19.11645],[-98.1949,19.11656],[-98.19502,19.11664],[-98.19516,19.11663],[-98.19528,19.11661],[-98.19544,19.11655],[-98.19564,19.11652],[-98.19589,19.11655],[-98.19616,19.11659],[-98.19652,19.11659],[-98.19665,19.11658],[-98.19676,19.11654],[-98.19691,19.1165],[-98.19699,19.11648],[-98.19719,19.11646],[-98.19748,19.11643],[-98.19775,19.11644],[-98.1981,19.1165],[-98.19841,19.11662],[-98.19861,19.11662],[-98.19876,19.11655],[-98.19882,19.11643],[-98.19894,19.11623],[-98.19903,19.11602],[-98.19916,19.11573],[-98.19923,19.11561],[-98.1994,19.11555],[-98.19962,19.11552],[-98.19986,19.11552],[-98.20005,19.1155],[-98.2002,19.11544],[-98.20047,19.1153],[-98.20073,19.11523],[-98.20102,19.11531],[-98.20132,19.11538],[-98.20157,19.11539],[-98.20176,19.11523],[-98.202,19.11502],[-98.20225,19.11497],[-98.20225,19.11497],[-98.20225,19.11497],[-98.20356,19.11188],[-98.20365,19.11165],[-98.20394,19.11143],[-98.20428,19.11103],[-98.20598,19.10919],[-98.20666,19.10856],[-98.20705,19.10809],[-98.20758,19.1069],[-98.20784,19.10645],[-98.20829,19.10613],[-98.20829,19.10613],[-98.20829,19.10613],[-98.20793,19.10344],[-98.20793,19.10344],[-98.20749,19.09955],[-98.20749,19.09955],[-98.20719,19.09691],[-98.20707,19.0961],[-98.20677,19.09297],[-98.20636,19.09078],[-98.20634,19.09068],[-98.20597,19.08878],[-98.20567,19.08696],[-98.20228,19.08653],[-98.20132,19.08635],[-98.20093,19.08627],[-98.1997,19.08604],[-98.19977,19.08627],[-98.19977,19.08627],[-98.20052,19.08885],[-98.20035,19.08905],[-98.20002,19.08915],[-98.19956,19.08918],[-98.19911,19.08921],[-98.1988,19.08942],[-98.19859,19.08937],[-98.19838,19.0894],[-98.19782,19.08962],[-98.19731,19.08979],[-98.19634,19.09002],[-98.19508,19.09025],[-98.19517,19.09048],[-98.19527,19.09058],[-98.19544,19.09067],[-98.1957,19.09089],[-98.19581,19.09106],[-98.19602,19.09133],[-98.19683,19.09195],[-98.19658,19.09273],[-98.1968,19.09275],[-98.19697,19.09281],[-98.19641,19.09418],[-98.19588,19.0952],[-98.1955,19.09612],[-98.1954,19.09639],[-98.19497,19.09763],[-98.19484,19.09789],[-98.19431,19.09791],[-98.19392,19.09811],[-98.19352,19.09824],[-98.19315,19.09837],[-98.19293,19.09835],[-98.19275,19.09814],[-98.19262,19.09791],[-98.19244,19.09774],[-98.1922,19.09758],[-98.19209,19.09749]]]}},{"type":"Feature","properties":{"cp":72450,"nombre":"CP 72450"},"geometry":{"type":"Polygon","coordinates":[[[-98.22252,19.00714],[-98.22112,19.00958],[-98.21874,19.01375],[-98.21843,19.01427],[-98.22014,19.01499],[-98.21995,19.01529],[-98.22133,19.01608],[-98.22245,19.01671],[-98.22344,19.01722],[-98.22363,19.01733],[-98.22337,19.01779],[-98.22264,19.019],[-98.22254,19.01912],[-98.2228,19.01912],[-98.22302,19.0192],[-98.22322,19.01936],[-98.2234,19.01956],[-98.22365,19.01895],[-98.22388,19.01831],[-98.2244,19.01846],[-98.22561,19.0188],[-98.22573,19.01883],[-98.2259,19.01893],[-98.22672,19.01778],[-98.22757,19.01622],[-98.22789,19.01632],[-98.22837,19.0166],[-98.23032,19.01785],[-98.23081,19.01743],[-98.23283,19.01834],[-98.23283,19.01834],[-98.23306,19.01799],[-98.23315,19.01791],[-98.23215,19.01672],[-98.23155,19.0159],[-98.23716,19.00709],[-98.23384,19.00503],[-98.23384,19.00503],[-98.2324,19.00698],[-98.23093,19.0092],[-98.2299,19.01112],[-98.2286,19.01073],[-98.22887,19.0102],[-98.22787,19.00964],[-98.22823,19.00897],[-98.22786,19.00878],[-98.22751,19.00964],[-98.22635,19.00888],[-98.22596,19.00867],[-98.22634,19.00799],[-98.22553,19.00758],[-98.22499,19.00849],[-98.22417,19.00803],[-98.22252,19.00714]]]}},{"type":"Feature","properties":{"cp":72497,"nombre":"CP 72497"},"geometry":{"type":"Polygon","coordinates":[[[-98.22546,18.93332],[-98.22545,18.93328],[-98.22544,18.93332],[-98.22495,18.93364],[-98.22439,18.9339],[-98.22581,18.93492],[-98.22758,18.93601],[-98.2284,18.93677],[-98.22905,18.93748],[-98.22921,18.93793],[-98.22901,18.93825],[-98.22849,18.9386],[-98.22829,18.93912],[-98.22869,18.93961],[-98.22918,18.94009],[-98.22967,18.9407],[-98.22977,18.94128],[-98.2297,18.94167],[-98.2294,18.94201],[-98.2296,18.94253],[-98.23025,18.94315],[-98.23046,18.94366],[-98.23044,18.94393],[-98.2304,18.94418],[-98.23029,18.94428],[-98.23005,18.94445],[-98.22982,18.94464],[-98.22959,18.94487],[-98.22945,18.94514],[-98.22936,18.9455],[-98.22934,18.9458],[-98.22937,18.94592],[-98.22937,18.94592],[-98.22944,18.94593],[-98.22961,18.94587],[-98.22978,18.9459],[-98.22987,18.94594],[-98.22997,18.94602],[-98.23003,18.94619],[-98.23,18.94636],[-98.22993,18.94643],[-98.22982,18.9465],[-98.22977,18.94656],[-98.2298,18.94669],[-98.2299,18.9469],[-98.22995,18.94712],[-98.23003,18.94719],[-98.23009,18.94718],[-98.23026,18.94708],[-98.23044,18.94706],[-98.23054,18.94713],[-98.23063,18.94715],[-98.23073,18.94714],[-98.23085,18.94708],[-98.23098,18.947],[-98.23117,18.9469],[-98.23137,18.94687],[-98.23174,18.94714],[-98.2319,18.9473],[-98.232,18.94772],[-98.23222,18.94766],[-98.23246,18.94712],[-98.2328,18.94702],[-98.23309,18.94824],[-98.23669,18.94741],[-98.23725,18.94982],[-98.23932,18.94778],[-98.23905,18.94736],[-98.23898,18.94744],[-98.23862,18.94677],[-98.23903,18.94639],[-98.24003,18.94553],[-98.24061,18.94658],[-98.24112,18.9461],[-98.2413,18.94592],[-98.24161,18.94561],[-98.24158,18.94521],[-98.24152,18.94429],[-98.24145,18.94415],[-98.24139,18.94371],[-98.24108,18.94373],[-98.24095,18.94372],[-98.24082,18.94367],[-98.24073,18.9437],[-98.24061,18.94379],[-98.24053,18.94391],[-98.24047,18.94396],[-98.24009,18.94399],[-98.24,18.9439],[-98.23995,18.94379],[-98.23994,18.94371],[-98.23996,18.94357],[-98.23993,18.94348],[-98.23982,18.94332],[-98.23968,18.94324],[-98.23959,18.94317],[-98.23962,18.94298],[-98.23969,18.94291],[-98.23974,18.94273],[-98.23986,18.9425],[-98.24024,18.94223],[-98.24064,18.94222],[-98.24095,18.94226],[-98.24157,18.94232],[-98.24185,18.94227],[-98.24215,18.94214],[-98.24242,18.94199],[-98.24264,18.94183],[-98.24282,18.94172],[-98.24295,18.94158],[-98.24295,18.94143],[-98.2429,18.9413],[-98.24285,18.94104],[-98.2429,18.94079],[-98.243,18.94074],[-98.24326,18.94071],[-98.24357,18.94057],[-98.24376,18.94038],[-98.2438,18.94017],[-98.2436,18.94028],[-98.24326,18.94037],[-98.24292,18.94032],[-98.24258,18.94019],[-98.24213,18.93985],[-98.24169,18.93937],[-98.24112,18.93822],[-98.24098,18.93767],[-98.24098,18.93742],[-98.24119,18.93681],[-98.24136,18.9363],[-98.2416,18.9359],[-98.24169,18.93539],[-98.24171,18.93505],[-98.2416,18.93466],[-98.2415,18.9345],[-98.24136,18.93444],[-98.2411,18.93444],[-98.24066,18.93457],[-98.23928,18.93498],[-98.23872,18.93499],[-98.2381,18.9349],[-98.23762,18.93488],[-98.23713,18.93493],[-98.23646,18.93518],[-98.23583,18.9357],[-98.23538,18.93586],[-98.23501,18.93582],[-98.23484,18.93545],[-98.23458,18.93509],[-98.23414,18.93481],[-98.2337,18.93452],[-98.23269,18.93357],[-98.23191,18.933],[-98.23165,18.93283],[-98.23128,18.93267],[-98.23092,18.93265],[-98.23057,18.93291],[-98.23031,18.93316],[-98.22988,18.93336],[-98.22925,18.93355],[-98.22857,18.93359],[-98.22781,18.93351],[-98.22677,18.93317],[-98.22619,18.93311],[-98.22546,18.93332]]]}},{"type":"Feature","properties":{"cp":72493,"nombre":"CP 72493"},"geometry":{"type":"Polygon","coordinates":[[[-98.22439,18.9339],[-98.22413,18.93403],[-98.22382,18.93437],[-98.22373,18.93476],[-98.22367,18.93537],[-98.22344,18.93569],[-98.22326,18.93579],[-98.22246,18.93592],[-98.22174,18.93597],[-98.22107,18.93581],[-98.22076,18.93553],[-98.22066,18.93506],[-98.22053,18.93461],[-98.22003,18.93446],[-98.2196,18.93443],[-98.21867,18.93413],[-98.21758,18.93336],[-98.21699,18.93292],[-98.21663,18.93289],[-98.21584,18.93277],[-98.21498,18.93248],[-98.21421,18.9321],[-98.21346,18.93145],[-98.21315,18.93083],[-98.21307,18.93038],[-98.21292,18.92998],[-98.21263,18.92955],[-98.21232,18.92927],[-98.21188,18.92911],[-98.21135,18.92909],[-98.21077,18.92924],[-98.21012,18.9297],[-98.20978,18.93011],[-98.20928,18.93057],[-98.20858,18.93102],[-98.20734,18.93109],[-98.20598,18.93109],[-98.20434,18.93055],[-98.20295,18.93291],[-98.20188,18.93497],[-98.20109,18.93723],[-98.20087,18.93899],[-98.20093,18.94082],[-98.20106,18.94233],[-98.20125,18.94401],[-98.20103,18.94592],[-98.20085,18.94738],[-98.20077,18.9484],[-98.20102,18.94852],[-98.20134,18.94884],[-98.2015,18.94911],[-98.2016,18.94934],[-98.20252,18.94935],[-98.2031,18.94938],[-98.20362,18.94929],[-98.20426,18.94937],[-98.20508,18.94969],[-98.20568,18.95004],[-98.20607,18.95032],[-98.20674,18.95094],[-98.20764,18.9515],[-98.20844,18.9519],[-98.20913,18.95226],[-98.20994,18.9526],[-98.21159,18.953],[-98.2132,18.95324],[-98.21488,18.95357],[-98.216,18.95376],[-98.21675,18.95414],[-98.21739,18.95472],[-98.21781,18.95504],[-98.21818,18.95511],[-98.21826,18.95416],[-98.21818,18.9533],[-98.21844,18.95321],[-98.21858,18.95278],[-98.21873,18.9523],[-98.2196,18.95074],[-98.21969,18.95014],[-98.21981,18.94936],[-98.21995,18.94857],[-98.22,18.94832],[-98.21984,18.94808],[-98.21977,18.94771],[-98.21975,18.94746],[-98.21978,18.9472],[-98.21998,18.94694],[-98.22022,18.94667],[-98.22056,18.94654],[-98.22103,18.94632],[-98.22155,18.94609],[-98.22199,18.94581],[-98.22219,18.94573],[-98.22247,18.94565],[-98.22268,18.94565],[-98.22291,18.94573],[-98.22318,18.94584],[-98.22347,18.94587],[-98.22379,18.94578],[-98.22401,18.94561],[-98.22423,18.9454],[-98.2246,18.94523],[-98.22495,18.94506],[-98.22517,18.945],[-98.22544,18.94499],[-98.22564,18.94495],[-98.22574,18.94483],[-98.22593,18.94477],[-98.2262,18.94475],[-98.22636,18.9448],[-98.22655,18.94496],[-98.22675,18.94501],[-98.22695,18.94501],[-98.22709,18.94505],[-98.22722,18.94512],[-98.22739,18.94525],[-98.2277,18.94547],[-98.22811,18.94572],[-98.2285,18.9459],[-98.22885,18.94597],[-98.22916,18.94595],[-98.22937,18.94592],[-98.22934,18.9458],[-98.22936,18.9455],[-98.22945,18.94514],[-98.22959,18.94487],[-98.22982,18.94464],[-98.23005,18.94445],[-98.23029,18.94428],[-98.2304,18.94418],[-98.23044,18.94393],[-98.23046,18.94366],[-98.23025,18.94315],[-98.2296,18.94253],[-98.2294,18.94201],[-98.2297,18.94167],[-98.22977,18.94128],[-98.22967,18.9407],[-98.22918,18.94009],[-98.22869,18.93961],[-98.22829,18.93912],[-98.22849,18.9386],[-98.22901,18.93825],[-98.22921,18.93793],[-98.22905,18.93748],[-98.2284,18.93677],[-98.22758,18.93601],[-98.22581,18.93492],[-98.22439,18.9339]]]}},{"type":"Feature","properties":{"cp":72499,"nombre":"CP 72499"},"geometry":{"type":"Polygon","coordinates":[[[-98.24093,18.96609],[-98.24056,18.96343],[-98.2404,18.96239],[-98.24009,18.96136],[-98.23866,18.95535],[-98.23763,18.9513],[-98.23725,18.94982],[-98.23669,18.94741],[-98.23309,18.94824],[-98.2328,18.94702],[-98.23246,18.94712],[-98.23222,18.94766],[-98.232,18.94772],[-98.2319,18.9473],[-98.23174,18.94714],[-98.23137,18.94687],[-98.23117,18.9469],[-98.23098,18.947],[-98.23085,18.94708],[-98.23073,18.94714],[-98.23063,18.94715],[-98.23054,18.94713],[-98.23044,18.94706],[-98.23026,18.94708],[-98.23009,18.94718],[-98.23003,18.94719],[-98.22995,18.94712],[-98.2299,18.9469],[-98.2298,18.94669],[-98.22977,18.94656],[-98.22982,18.9465],[-98.22993,18.94643],[-98.23,18.94636],[-98.23003,18.94619],[-98.22997,18.94602],[-98.22987,18.94594],[-98.22978,18.9459],[-98.22961,18.94587],[-98.22944,18.94593],[-98.22937,18.94592],[-98.22937,18.94592],[-98.22916,18.94595],[-98.22885,18.94597],[-98.2285,18.9459],[-98.22811,18.94572],[-98.2277,18.94547],[-98.22739,18.94525],[-98.22722,18.94512],[-98.22709,18.94505],[-98.22695,18.94501],[-98.22675,18.94501],[-98.22655,18.94496],[-98.22636,18.9448],[-98.2262,18.94475],[-98.22593,18.94477],[-98.22574,18.94483],[-98.22564,18.94495],[-98.22544,18.94499],[-98.22517,18.945],[-98.22495,18.94506],[-98.2246,18.94523],[-98.22423,18.9454],[-98.22401,18.94561],[-98.22379,18.94578],[-98.22347,18.94587],[-98.22318,18.94584],[-98.22291,18.94573],[-98.22268,18.94565],[-98.22247,18.94565],[-98.22219,18.94573],[-98.22199,18.94581],[-98.22155,18.94609],[-98.22103,18.94632],[-98.22056,18.94654],[-98.22022,18.94667],[-98.21998,18.94694],[-98.21978,18.9472],[-98.21975,18.94746],[-98.21977,18.94771],[-98.21984,18.94808],[-98.22,18.94832],[-98.21995,18.94857],[-98.21981,18.94936],[-98.21969,18.95014],[-98.2196,18.95074],[-98.21873,18.9523],[-98.21858,18.95278],[-98.21844,18.95321],[-98.22024,18.95427],[-98.22048,18.95466],[-98.22049,18.95544],[-98.22037,18.95628],[-98.22067,18.95684],[-98.22077,18.95775],[-98.22152,18.95834],[-98.22207,18.959],[-98.22228,18.95926],[-98.22226,18.95964],[-98.22248,18.96011],[-98.22385,18.96106],[-98.22413,18.96102],[-98.22447,18.96068],[-98.22466,18.96057],[-98.22485,18.96058],[-98.22564,18.96113],[-98.2262,18.96151],[-98.22688,18.96178],[-98.22673,18.96287],[-98.22926,18.96302],[-98.22944,18.96199],[-98.23052,18.96205],[-98.23041,18.96312],[-98.23142,18.96372],[-98.23116,18.96529],[-98.23082,18.96729],[-98.23067,18.96824],[-98.23063,18.96863],[-98.23279,18.96887],[-98.23332,18.96473],[-98.23489,18.96561],[-98.23584,18.96614],[-98.23659,18.96654],[-98.23979,18.96832],[-98.24095,18.9663],[-98.24093,18.96609],[-98.24093,18.96609]]]}},{"type":"Feature","properties":{"cp":72995,"nombre":"CP 72995"},"geometry":{"type":"Polygon","coordinates":[[[-98.12149,19.03314],[-98.12144,19.03307],[-98.12126,19.0328],[-98.12131,19.03271],[-98.1214,19.03251],[-98.1214,19.03251],[-98.12118,19.03243],[-98.12115,19.03242],[-98.12082,19.03237],[-98.1204,19.03229],[-98.1199,19.03222],[-98.11984,19.0322],[-98.11945,19.0321],[-98.1193,19.03193],[-98.11902,19.03169],[-98.11875,19.03159],[-98.11862,19.03152],[-98.11855,19.03147],[-98.11848,19.03126],[-98.11842,19.03109],[-98.1184,19.03096],[-98.11837,19.03071],[-98.11837,19.02976],[-98.11843,19.02953],[-98.11856,19.02908],[-98.11865,19.02884],[-98.11878,19.02848],[-98.11879,19.02767],[-98.11888,19.02724],[-98.11894,19.02714],[-98.11902,19.02702],[-98.11919,19.02684],[-98.11933,19.02668],[-98.1194,19.02646],[-98.11943,19.02638],[-98.11959,19.02599],[-98.11966,19.02583],[-98.12002,19.02527],[-98.12038,19.02493],[-98.12045,19.02482],[-98.12065,19.02446],[-98.12084,19.02411],[-98.12088,19.02403],[-98.12097,19.02365],[-98.12134,19.02318],[-98.12175,19.02275],[-98.12192,19.02255],[-98.12211,19.02233],[-98.12232,19.02211],[-98.12237,19.02206],[-98.12243,19.02201],[-98.1228,19.02172],[-98.12303,19.02157],[-98.12326,19.02142],[-98.12372,19.02118],[-98.12373,19.02118],[-98.12373,19.02118],[-98.12416,19.02084],[-98.12446,19.02065],[-98.12462,19.02054],[-98.12462,19.02054],[-98.12466,19.02049],[-98.12491,19.02017],[-98.12516,19.01945],[-98.12516,19.01942],[-98.12516,19.01942],[-98.12398,19.01958],[-98.1227,19.0199],[-98.12202,19.0202],[-98.12088,19.02077],[-98.11984,19.02102],[-98.11846,19.02102],[-98.1179,19.02095],[-98.11689,19.02072],[-98.11594,19.02065],[-98.1151,19.02093],[-98.11454,19.02143],[-98.1143,19.02203],[-98.11415,19.02246],[-98.11403,19.0229],[-98.11376,19.02351],[-98.11345,19.024],[-98.11289,19.02454],[-98.1126,19.02477],[-98.11226,19.02519],[-98.11226,19.02519],[-98.1119,19.02606],[-98.11144,19.02718],[-98.11113,19.02816],[-98.11113,19.02917],[-98.11113,19.02981],[-98.11113,19.03079],[-98.1111,19.03205],[-98.11088,19.03331],[-98.11071,19.03436],[-98.1103,19.03539],[-98.11021,19.03574],[-98.11019,19.0361],[-98.1102,19.03634],[-98.11017,19.03658],[-98.10975,19.03789],[-98.10945,19.039],[-98.10906,19.04076],[-98.10891,19.04155],[-98.10866,19.04255],[-98.10848,19.04352],[-98.10809,19.04507],[-98.1078,19.04539],[-98.10716,19.04579],[-98.10681,19.04622],[-98.10749,19.04624],[-98.11019,19.0463],[-98.11124,19.04632],[-98.11179,19.04631],[-98.11195,19.04631],[-98.11221,19.04628],[-98.11378,19.04602],[-98.11534,19.04577],[-98.1199,19.04522],[-98.12453,19.04467],[-98.12476,19.04466],[-98.12686,19.04443],[-98.12851,19.04422],[-98.12968,19.04392],[-98.13046,19.04371],[-98.13044,19.04314],[-98.1304,19.04298],[-98.13039,19.04295],[-98.13039,19.04294],[-98.13038,19.04293],[-98.13035,19.04282],[-98.12659,19.04102],[-98.12277,19.03927],[-98.11844,19.03728],[-98.11854,19.03696],[-98.11857,19.0366],[-98.11878,19.03668],[-98.119,19.03672],[-98.11926,19.03655],[-98.11951,19.03638],[-98.11983,19.03605],[-98.12019,19.03582],[-98.12054,19.03545],[-98.12077,19.0353],[-98.12124,19.03525],[-98.12196,19.03527],[-98.12246,19.03522],[-98.12235,19.03485],[-98.12224,19.03466],[-98.12202,19.03441],[-98.12202,19.03441],[-98.12176,19.03416],[-98.12171,19.0341],[-98.12163,19.03399],[-98.12158,19.03387],[-98.12156,19.03383],[-98.12156,19.03378],[-98.12155,19.0336],[-98.12158,19.03338],[-98.12151,19.0332],[-98.12149,19.03314],[-98.12149,19.03314]]]}},{"type":"Feature","properties":{"cp":72453,"nombre":"CP 72453"},"geometry":{"type":"Polygon","coordinates":[[[-98.23032,19.01785],[-98.22943,19.0185],[-98.22851,19.01903],[-98.22806,19.01948],[-98.22653,19.02118],[-98.22628,19.02154],[-98.22607,19.02173],[-98.2256,19.02217],[-98.22577,19.02235],[-98.22604,19.02255],[-98.22627,19.02272],[-98.22653,19.0229],[-98.22656,19.02312],[-98.22655,19.02335],[-98.22671,19.02362],[-98.22687,19.02379],[-98.2271,19.02386],[-98.22723,19.0241],[-98.2275,19.02423],[-98.22771,19.02365],[-98.22832,19.02256],[-98.22848,19.02224],[-98.22855,19.02196],[-98.2286,19.02149],[-98.2286,19.02149],[-98.22861,19.02147],[-98.22865,19.02131],[-98.22878,19.02117],[-98.2289,19.02105],[-98.22908,19.02094],[-98.22927,19.02096],[-98.22953,19.02108],[-98.22994,19.0213],[-98.23012,19.02144],[-98.23038,19.02156],[-98.23062,19.02164],[-98.23078,19.02165],[-98.23094,19.02159],[-98.23109,19.0215],[-98.23128,19.0212],[-98.23131,19.02074],[-98.23133,19.02038],[-98.23148,19.02003],[-98.23183,19.01968],[-98.23224,19.01937],[-98.23245,19.01913],[-98.23262,19.01875],[-98.23283,19.01834],[-98.23081,19.01743],[-98.23032,19.01785]]]}},{"type":"Feature","properties":{"cp":72150,"nombre":"CP 72150"},"geometry":{"type":"MultiPolygon","coordinates":[[[[-98.25468,19.07635],[-98.25495,19.07646],[-98.2556,19.07522],[-98.25562,19.07512],[-98.25568,19.07514],[-98.25528,19.07308],[-98.2551,19.07209],[-98.25518,19.07177],[-98.25586,19.07197],[-98.25601,19.07202],[-98.25632,19.07216],[-98.25695,19.07253],[-98.26085,19.07504],[-98.26106,19.0752],[-98.26155,19.07489],[-98.26146,19.07481],[-98.26144,19.07474],[-98.2615,19.07463],[-98.2616,19.07448],[-98.26172,19.07423],[-98.26183,19.07394],[-98.26188,19.07386],[-98.26235,19.07409],[-98.26272,19.07421],[-98.26304,19.07435],[-98.26308,19.07432],[-98.26327,19.07402],[-98.2621,19.0731],[-98.2613,19.0725],[-98.26104,19.07232],[-98.26059,19.07321],[-98.26047,19.07311],[-98.25985,19.07273],[-98.25973,19.07256],[-98.25971,19.07237],[-98.25972,19.07215],[-98.25969,19.07206],[-98.25945,19.0718],[-98.25898,19.07129],[-98.25863,19.07097],[-98.25811,19.07067],[-98.25781,19.07054],[-98.25759,19.07045],[-98.25725,19.07036],[-98.25694,19.07029],[-98.25667,19.07028],[-98.25646,19.07023],[-98.25616,19.07014],[-98.25574,19.07013],[-98.25555,19.07012],[-98.25539,19.07009],[-98.2552,19.07157],[-98.25514,19.07176],[-98.25095,19.07091],[-98.24943,19.07054],[-98.24945,19.06865],[-98.24977,19.06769],[-98.24987,19.0673],[-98.25158,19.0682],[-98.25309,19.06792],[-98.25541,19.06742],[-98.25605,19.06731],[-98.25744,19.06703],[-98.25844,19.06682],[-98.25864,19.06685],[-98.25895,19.0668],[-98.25958,19.06663],[-98.25998,19.06647],[-98.26061,19.06629],[-98.26096,19.06619],[-98.26096,19.06619],[-98.26072,19.0655],[-98.26041,19.06483],[-98.25994,19.06382],[-98.25968,19.06329],[-98.25922,19.0623],[-98.25826,19.06028],[-98.25802,19.05979],[-98.25589,19.0553],[-98.25589,19.0553],[-98.25545,19.05558],[-98.25386,19.05669],[-98.25274,19.05747],[-98.25255,19.0576],[-98.25236,19.05783],[-98.25231,19.05858],[-98.25206,19.0591],[-98.25165,19.05974],[-98.25088,19.05973],[-98.24968,19.05444],[-98.25005,19.05361],[-98.25022,19.05377],[-98.25164,19.05294],[-98.25326,19.05262],[-98.25287,19.05206],[-98.25263,19.05169],[-98.25241,19.05106],[-98.25227,19.05053],[-98.25195,19.05],[-98.25142,19.04923],[-98.25119,19.04885],[-98.25101,19.04833],[-98.25097,19.04795],[-98.25097,19.04754],[-98.25104,19.04716],[-98.25104,19.04716],[-98.25116,19.04682],[-98.25138,19.04608],[-98.25125,19.04602],[-98.25051,19.04573],[-98.24954,19.04555],[-98.24939,19.04553],[-98.24856,19.04574],[-98.24836,19.04578],[-98.24816,19.0458],[-98.24789,19.04579],[-98.24755,19.04569],[-98.24578,19.045],[-98.2454,19.04486],[-98.24315,19.04404],[-98.24063,19.043],[-98.24063,19.043],[-98.24061,19.04448],[-98.24061,19.04563],[-98.24,19.04635],[-98.24008,19.04678],[-98.24021,19.04738],[-98.24037,19.04785],[-98.24044,19.04808],[-98.24054,19.04842],[-98.24064,19.04872],[-98.24067,19.04903],[-98.24069,19.04927],[-98.24068,19.04944],[-98.24067,19.04965],[-98.24066,19.04981],[-98.24062,19.04997],[-98.24052,19.05011],[-98.24038,19.0503],[-98.24021,19.05055],[-98.2401,19.05078],[-98.24006,19.05094],[-98.24006,19.05106],[-98.24013,19.0512],[-98.24028,19.05132],[-98.24041,19.05143],[-98.24054,19.0515],[-98.24068,19.05161],[-98.24084,19.05168],[-98.24099,19.05179],[-98.24116,19.05187],[-98.24131,19.05197],[-98.24146,19.05204],[-98.24165,19.0522],[-98.24176,19.05228],[-98.24182,19.0524],[-98.24183,19.05254],[-98.24174,19.05271],[-98.24162,19.05281],[-98.24148,19.05288],[-98.24134,19.05298],[-98.24118,19.05309],[-98.24102,19.0532],[-98.2409,19.05328],[-98.2408,19.05339],[-98.24071,19.05348],[-98.24064,19.05366],[-98.24052,19.05406],[-98.24041,19.05461],[-98.24037,19.0548],[-98.24039,19.055],[-98.24038,19.05519],[-98.2403,19.05538],[-98.24022,19.05555],[-98.24015,19.05562],[-98.24007,19.0557],[-98.23994,19.05589],[-98.23985,19.05603],[-98.23978,19.0562],[-98.23976,19.05633],[-98.23973,19.05646],[-98.2397,19.05661],[-98.23972,19.05674],[-98.23976,19.05682],[-98.23982,19.05688],[-98.23992,19.05693],[-98.24002,19.05696],[-98.24013,19.05696],[-98.24026,19.05697],[-98.24043,19.05693],[-98.24056,19.0569],[-98.24071,19.05685],[-98.24083,19.0568],[-98.24096,19.0568],[-98.2411,19.0568],[-98.24121,19.05685],[-98.24131,19.0569],[-98.24135,19.05693],[-98.24145,19.05707],[-98.24153,19.05727],[-98.2416,19.05754],[-98.24168,19.05776],[-98.24177,19.05801],[-98.2418,19.05818],[-98.2418,19.05831],[-98.24176,19.05843],[-98.2417,19.05858],[-98.2416,19.05872],[-98.24154,19.05879],[-98.24142,19.05896],[-98.2413,19.05912],[-98.24117,19.05941],[-98.24098,19.05982],[-98.24095,19.06008],[-98.241,19.06024],[-98.24104,19.06032],[-98.2413,19.06057],[-98.24156,19.06094],[-98.24204,19.06124],[-98.24229,19.06153],[-98.24211,19.06237],[-98.24189,19.06304],[-98.24145,19.06335],[-98.24117,19.06367],[-98.24116,19.06415],[-98.24118,19.06437],[-98.24132,19.06466],[-98.24147,19.06567],[-98.24152,19.06605],[-98.24173,19.06637],[-98.24246,19.06685],[-98.24274,19.06705],[-98.24295,19.06731],[-98.24296,19.06758],[-98.24282,19.06786],[-98.2427,19.06816],[-98.24247,19.06841],[-98.24205,19.06891],[-98.24261,19.06919],[-98.24206,19.07042],[-98.24227,19.07062],[-98.24244,19.07071],[-98.24265,19.0708],[-98.24293,19.07083],[-98.24417,19.07089],[-98.24455,19.07089],[-98.24486,19.0708],[-98.24529,19.07085],[-98.24671,19.07136],[-98.24741,19.07165],[-98.24832,19.07201],[-98.25026,19.07276],[-98.25342,19.07413],[-98.25369,19.07425],[-98.25538,19.07502],[-98.25468,19.07635]]],[[[-98.25538,19.07665],[-98.25584,19.07686],[-98.25653,19.07556],[-98.25609,19.07537],[-98.25538,19.07665]]]]}},{"type":"Feature","properties":{"cp":72170,"nombre":"CP 72170"},"geometry":{"type":"Polygon","coordinates":[[[-98.26104,19.07232],[-98.26131,19.07176],[-98.26216,19.06996],[-98.26219,19.06986],[-98.26219,19.06986],[-98.26298,19.06849],[-98.26334,19.0679],[-98.26435,19.06631],[-98.26479,19.06574],[-98.26523,19.06531],[-98.26531,19.06527],[-98.26398,19.06551],[-98.26223,19.06584],[-98.26172,19.06598],[-98.26096,19.06619],[-98.26061,19.06629],[-98.25998,19.06647],[-98.25958,19.06663],[-98.25895,19.0668],[-98.25864,19.06685],[-98.25844,19.06682],[-98.25744,19.06703],[-98.25605,19.06731],[-98.25541,19.06742],[-98.25309,19.06792],[-98.25158,19.0682],[-98.24987,19.0673],[-98.24977,19.06769],[-98.24945,19.06865],[-98.24943,19.07054],[-98.25095,19.07091],[-98.25514,19.07176],[-98.2552,19.07157],[-98.25539,19.07009],[-98.25555,19.07012],[-98.25574,19.07013],[-98.25616,19.07014],[-98.25646,19.07023],[-98.25667,19.07028],[-98.25694,19.07029],[-98.25725,19.07036],[-98.25759,19.07045],[-98.25781,19.07054],[-98.25811,19.07067],[-98.25863,19.07097],[-98.25898,19.07129],[-98.25945,19.0718],[-98.25969,19.07206],[-98.25972,19.07215],[-98.25971,19.07237],[-98.25973,19.07256],[-98.25985,19.07273],[-98.26047,19.07311],[-98.26059,19.07321],[-98.26104,19.07232]]]}},{"type":"Feature","properties":{"cp":72960,"nombre":"CP 72960"},"geometry":{"type":"Polygon","coordinates":[[[-98.23646,18.93518],[-98.23627,18.93377],[-98.23669,18.93344],[-98.23669,18.93342],[-98.23728,18.93261],[-98.23799,18.93198],[-98.23862,18.9313],[-98.23915,18.93053],[-98.23956,18.93001],[-98.23983,18.92991],[-98.24009,18.93011],[-98.24063,18.9304],[-98.24113,18.93048],[-98.24158,18.93041],[-98.24217,18.93006],[-98.24282,18.92956],[-98.2433,18.92855],[-98.24379,18.92753],[-98.2443,18.92693],[-98.24454,18.92689],[-98.24498,18.92684],[-98.24543,18.92662],[-98.24566,18.9265],[-98.24586,18.92652],[-98.2461,18.92663],[-98.24625,18.92672],[-98.24659,18.92677],[-98.24687,18.92677],[-98.24701,18.92671],[-98.24717,18.92668],[-98.24732,18.92678],[-98.24739,18.92677],[-98.24758,18.92667],[-98.24779,18.92642],[-98.24796,18.92638],[-98.24845,18.92587],[-98.24865,18.92547],[-98.24873,18.92507],[-98.24873,18.92451],[-98.24877,18.92397],[-98.24886,18.92372],[-98.2493,18.92386],[-98.24955,18.92415],[-98.24973,18.92423],[-98.25004,18.92417],[-98.25027,18.92401],[-98.25031,18.92391],[-98.25031,18.92377],[-98.25038,18.92352],[-98.2505,18.92341],[-98.25076,18.92341],[-98.25104,18.92358],[-98.25128,18.92363],[-98.25147,18.92367],[-98.25193,18.92408],[-98.25209,18.92466],[-98.25219,18.92489],[-98.25228,18.92503],[-98.25223,18.92516],[-98.252,18.92526],[-98.25187,18.92532],[-98.25173,18.92548],[-98.25171,18.92564],[-98.25183,18.92594],[-98.25203,18.92608],[-98.25228,18.92613],[-98.2528,18.92608],[-98.2539,18.92588],[-98.25441,18.92577],[-98.25477,18.92552],[-98.25491,18.92545],[-98.25503,18.92546],[-98.25511,18.92563],[-98.25514,18.92578],[-98.2553,18.92588],[-98.25547,18.92584],[-98.25559,18.92574],[-98.25565,18.92558],[-98.25569,18.92531],[-98.25574,18.925],[-98.25588,18.92472],[-98.25601,18.92464],[-98.25624,18.9244],[-98.25633,18.9243],[-98.25647,18.92421],[-98.25691,18.92421],[-98.25701,18.92431],[-98.25697,18.92448],[-98.25706,18.92458],[-98.25725,18.92457],[-98.25745,18.92447],[-98.25755,18.92429],[-98.25771,18.92408],[-98.25797,18.92402],[-98.2583,18.9241],[-98.25882,18.92417],[-98.25919,18.92416],[-98.25931,18.92411],[-98.25943,18.92389],[-98.25957,18.92366],[-98.26006,18.92335],[-98.26053,18.923],[-98.26079,18.92284],[-98.26095,18.92277],[-98.26123,18.92283],[-98.26148,18.92285],[-98.26183,18.92266],[-98.26199,18.92243],[-98.26229,18.92208],[-98.2625,18.92194],[-98.26266,18.92179],[-98.26278,18.92153],[-98.26292,18.92139],[-98.26305,18.92131],[-98.26324,18.92128],[-98.26343,18.92117],[-98.26354,18.92096],[-98.26366,18.92086],[-98.26377,18.92083],[-98.26398,18.9209],[-98.26411,18.9209],[-98.26427,18.92081],[-98.26435,18.9207],[-98.26442,18.92058],[-98.26458,18.92051],[-98.26471,18.92054],[-98.26488,18.92064],[-98.26507,18.92065],[-98.26515,18.92061],[-98.26522,18.9204],[-98.26518,18.92023],[-98.26521,18.92012],[-98.26539,18.92005],[-98.26564,18.92015],[-98.26581,18.92018],[-98.26592,18.92009],[-98.26592,18.91989],[-98.26579,18.9197],[-98.26551,18.91959],[-98.26528,18.91934],[-98.26515,18.91913],[-98.26518,18.91903],[-98.26535,18.919],[-98.26561,18.91907],[-98.26585,18.91913],[-98.26601,18.91913],[-98.26611,18.919],[-98.26614,18.91875],[-98.26618,18.91831],[-98.26632,18.91793],[-98.26643,18.91787],[-98.26658,18.91787],[-98.26665,18.91787],[-98.26679,18.91778],[-98.26682,18.91763],[-98.26678,18.91742],[-98.26679,18.9172],[-98.26691,18.91711],[-98.2671,18.91705],[-98.2673,18.91707],[-98.2675,18.91707],[-98.26763,18.917],[-98.26771,18.91686],[-98.26766,18.91663],[-98.26763,18.91634],[-98.26773,18.91614],[-98.26805,18.9159],[-98.26831,18.91574],[-98.26862,18.91559],[-98.26897,18.9155],[-98.2694,18.9155],[-98.26979,18.91551],[-98.27012,18.91539],[-98.27031,18.91522],[-98.27045,18.91503],[-98.27051,18.91499],[-98.2708,18.91493],[-98.27096,18.91479],[-98.27109,18.91459],[-98.27119,18.91445],[-98.27139,18.91436],[-98.2719,18.91438],[-98.27227,18.91447],[-98.27255,18.91452],[-98.27272,18.91445],[-98.27326,18.91416],[-98.27371,18.91397],[-98.27401,18.91395],[-98.27428,18.91401],[-98.27458,18.91414],[-98.27482,18.91437],[-98.27497,18.91458],[-98.2751,18.91483],[-98.27518,18.91506],[-98.27531,18.91513],[-98.27564,18.91526],[-98.27611,18.91535],[-98.27632,18.91531],[-98.27642,18.91523],[-98.27652,18.91507],[-98.27659,18.9149],[-98.27679,18.91475],[-98.27698,18.91469],[-98.27724,18.91466],[-98.27729,18.91467],[-98.27745,18.91469],[-98.27768,18.91469],[-98.27783,18.91469],[-98.27789,18.91468],[-98.27798,18.91466],[-98.27798,18.91466],[-98.27798,18.91466],[-98.27804,18.91452],[-98.27818,18.91422],[-98.27828,18.91418],[-98.27839,18.91413],[-98.27861,18.91409],[-98.2786,18.91432],[-98.2786,18.91432],[-98.279,18.91409],[-98.279,18.91409],[-98.27912,18.91427],[-98.27912,18.91427],[-98.27919,18.91424],[-98.27927,18.9142],[-98.27927,18.9142],[-98.27924,18.91406],[-98.2792,18.9139],[-98.27933,18.91378],[-98.27948,18.91364],[-98.2796,18.91364],[-98.27968,18.91364],[-98.27986,18.91369],[-98.28006,18.91386],[-98.28018,18.91392],[-98.28033,18.914],[-98.28053,18.91406],[-98.2808,18.91414],[-98.28106,18.91417],[-98.28155,18.91408],[-98.28175,18.91405],[-98.28186,18.91416],[-98.28195,18.91418],[-98.28215,18.91423],[-98.28224,18.91423],[-98.28246,18.91423],[-98.28266,18.91411],[-98.28288,18.91426],[-98.28304,18.91428],[-98.28312,18.91429],[-98.28312,18.91429],[-98.28312,18.91429],[-98.2835,18.91418],[-98.28358,18.91406],[-98.28358,18.91406],[-98.28395,18.91403],[-98.28436,18.91401],[-98.28503,18.9138],[-98.28503,18.9138],[-98.28536,18.91336],[-98.28562,18.91321],[-98.28578,18.91311],[-98.28626,18.91263],[-98.28637,18.91252],[-98.28637,18.91252],[-98.28638,18.91237],[-98.28641,18.91202],[-98.2854,18.9103],[-98.28567,18.91019],[-98.28746,18.90981],[-98.28753,18.90978],[-98.28755,18.90977],[-98.28785,18.90962],[-98.28785,18.90948],[-98.28784,18.90943],[-98.28798,18.90932],[-98.28801,18.9093],[-98.28824,18.90919],[-98.29023,18.9087],[-98.28993,18.90866],[-98.28988,18.90864],[-98.28964,18.90857],[-98.28953,18.90846],[-98.28947,18.90839],[-98.28934,18.90823],[-98.28929,18.90814],[-98.2892,18.90798],[-98.28913,18.90781],[-98.28911,18.90774],[-98.28897,18.90754],[-98.28885,18.90718],[-98.28882,18.90699],[-98.28879,18.90677],[-98.2885,18.90634],[-98.28847,18.906],[-98.28837,18.90584],[-98.28835,18.9058],[-98.2882,18.90546],[-98.28819,18.90542],[-98.28814,18.90532],[-98.28799,18.9052],[-98.28787,18.90503],[-98.28781,18.90487],[-98.28776,18.90472],[-98.28767,18.90438],[-98.28752,18.90404],[-98.28748,18.90392],[-98.2874,18.90367],[-98.28731,18.90318],[-98.2872,18.90287],[-98.28693,18.9027],[-98.28684,18.9025],[-98.28659,18.902],[-98.28655,18.90193],[-98.28655,18.90193],[-98.28645,18.90183],[-98.28615,18.90154],[-98.28598,18.90121],[-98.28591,18.90109],[-98.28591,18.90109],[-98.28586,18.90106],[-98.2856,18.90092],[-98.28554,18.90086],[-98.28543,18.90077],[-98.28524,18.9006],[-98.28518,18.9006],[-98.28453,18.90057],[-98.28365,18.90059],[-98.28349,18.9006],[-98.28295,18.90062],[-98.2812,18.90069],[-98.28076,18.90072],[-98.28072,18.90072],[-98.28072,18.90072],[-98.28017,18.90082],[-98.27989,18.90105],[-98.27986,18.90108],[-98.27984,18.90109],[-98.27958,18.90128],[-98.27917,18.90154],[-98.27906,18.9016],[-98.27861,18.90186],[-98.27851,18.90219],[-98.2781,18.90238],[-98.2781,18.90238],[-98.2781,18.90238],[-98.27801,18.90248],[-98.27782,18.90268],[-98.27743,18.90268],[-98.27725,18.90268],[-98.27721,18.90265],[-98.27713,18.90258],[-98.2769,18.90254],[-98.27672,18.90259],[-98.27634,18.9027],[-98.27571,18.90303],[-98.27571,18.90303],[-98.27565,18.90317],[-98.27562,18.90325],[-98.27507,18.903],[-98.27492,18.90294],[-98.27483,18.9029],[-98.2743,18.90265],[-98.27423,18.9026],[-98.27414,18.90253],[-98.27391,18.9025],[-98.27333,18.90242],[-98.27334,18.90234],[-98.27334,18.90231],[-98.27334,18.90231],[-98.27297,18.90229],[-98.27219,18.90227],[-98.27168,18.90209],[-98.27167,18.90209],[-98.27151,18.90189],[-98.27146,18.90179],[-98.27144,18.90177],[-98.27143,18.90175],[-98.27136,18.9016],[-98.27126,18.90142],[-98.27119,18.9013],[-98.27118,18.90129],[-98.27102,18.90119],[-98.27094,18.90115],[-98.27086,18.90109],[-98.27069,18.90102],[-98.2705,18.90092],[-98.27043,18.90088],[-98.27043,18.90087],[-98.27042,18.90087],[-98.2702,18.9007],[-98.26998,18.90051],[-98.26993,18.90048],[-98.26987,18.90044],[-98.26979,18.90038],[-98.26975,18.90035],[-98.26963,18.90026],[-98.26951,18.90017],[-98.26937,18.90005],[-98.26935,18.90004],[-98.26934,18.90003],[-98.26923,18.8999],[-98.26915,18.89977],[-98.26914,18.89974],[-98.26913,18.89974],[-98.26906,18.89961],[-98.26892,18.89949],[-98.26881,18.89939],[-98.26873,18.89932],[-98.26869,18.89926],[-98.26861,18.89913],[-98.26855,18.8989],[-98.26865,18.89877],[-98.26872,18.89869],[-98.26879,18.89856],[-98.26893,18.89834],[-98.2691,18.89821],[-98.26941,18.89797],[-98.26974,18.89768],[-98.2699,18.89732],[-98.26994,18.89723],[-98.26994,18.89723],[-98.26947,18.89697],[-98.26952,18.89684],[-98.26953,18.89683],[-98.26961,18.89675],[-98.26968,18.89669],[-98.26972,18.89666],[-98.26983,18.89652],[-98.27007,18.89622],[-98.2701,18.89618],[-98.27015,18.89612],[-98.27034,18.8959],[-98.27051,18.89567],[-98.27054,18.89562],[-98.27056,18.8956],[-98.27082,18.89527],[-98.27105,18.89514],[-98.27132,18.89525],[-98.27134,18.89526],[-98.27134,18.89526],[-98.27145,18.89514],[-98.2716,18.89496],[-98.27192,18.89484],[-98.27162,18.89439],[-98.27162,18.89439],[-98.27175,18.89427],[-98.27188,18.89427],[-98.27188,18.89427],[-98.27189,18.89426],[-98.2721,18.89395],[-98.27242,18.89334],[-98.27242,18.89334],[-98.27243,18.89326],[-98.27244,18.89317],[-98.27244,18.89316],[-98.27245,18.89303],[-98.2725,18.89296],[-98.27267,18.89274],[-98.27294,18.89279],[-98.27297,18.8928],[-98.27297,18.8928],[-98.27295,18.89229],[-98.27263,18.89179],[-98.2725,18.8916],[-98.27247,18.89155],[-98.27247,18.89154],[-98.27244,18.89144],[-98.27249,18.89123],[-98.27252,18.89106],[-98.27235,18.89093],[-98.27258,18.8906],[-98.27266,18.89048],[-98.27285,18.89059],[-98.27285,18.89059],[-98.27285,18.89053],[-98.27288,18.89019],[-98.27285,18.89013],[-98.27279,18.89003],[-98.27273,18.89],[-98.27264,18.88994],[-98.27275,18.88984],[-98.27279,18.88979],[-98.27278,18.88977],[-98.27257,18.88947],[-98.27244,18.88881],[-98.27232,18.88865],[-98.27227,18.88853],[-98.27229,18.88841],[-98.27241,18.88834],[-98.27256,18.88808],[-98.27257,18.8877],[-98.27259,18.8877],[-98.27296,18.88771],[-98.27298,18.88775],[-98.27299,18.88782],[-98.27321,18.88793],[-98.27348,18.88808],[-98.27392,18.88819],[-98.27411,18.88812],[-98.27424,18.88808],[-98.27451,18.88798],[-98.27462,18.88795],[-98.27505,18.88784],[-98.27545,18.88772],[-98.27566,18.88743],[-98.27576,18.88729],[-98.27595,18.88719],[-98.276,18.88716],[-98.27611,18.88717],[-98.27628,18.88719],[-98.27679,18.88715],[-98.27704,18.8865],[-98.27701,18.88579],[-98.27727,18.88515],[-98.27735,18.88506],[-98.27735,18.88506],[-98.27748,18.88502],[-98.27751,18.885],[-98.27754,18.88499],[-98.27758,18.88497],[-98.27762,18.88495],[-98.27779,18.88484],[-98.27794,18.88475],[-98.27804,18.88463],[-98.27811,18.88454],[-98.27815,18.88424],[-98.27816,18.88413],[-98.27841,18.88371],[-98.2787,18.88364],[-98.27875,18.88363],[-98.27875,18.88363],[-98.27865,18.88348],[-98.27863,18.88347],[-98.27881,18.88302],[-98.27894,18.88294],[-98.27898,18.88292],[-98.27917,18.88261],[-98.27925,18.8825],[-98.27931,18.88242],[-98.27951,18.88219],[-98.27961,18.88217],[-98.27961,18.88217],[-98.27961,18.88217],[-98.27961,18.88217],[-98.27947,18.88176],[-98.27967,18.88131],[-98.28015,18.8808],[-98.2803,18.88048],[-98.28041,18.88042],[-98.28049,18.88038],[-98.28069,18.87987],[-98.28089,18.87943],[-98.28094,18.87932],[-98.28101,18.87923],[-98.28185,18.87819],[-98.28291,18.87694],[-98.28341,18.87669],[-98.28349,18.87665],[-98.28349,18.87665],[-98.28327,18.87651],[-98.28325,18.8765],[-98.28336,18.87634],[-98.2834,18.87626],[-98.28344,18.87619],[-98.28347,18.87616],[-98.28358,18.87606],[-98.2837,18.87593],[-98.28382,18.87582],[-98.28382,18.87582],[-98.28389,18.87572],[-98.28393,18.87566],[-98.28445,18.87556],[-98.28508,18.87544],[-98.28499,18.87539],[-98.28434,18.87505],[-98.28378,18.8753],[-98.28325,18.87553],[-98.28258,18.87547],[-98.28252,18.87531],[-98.2825,18.8751],[-98.2825,18.8751],[-98.2825,18.8751],[-98.28223,18.87525],[-98.28115,18.87455],[-98.28099,18.87445],[-98.28145,18.87378],[-98.28154,18.8734],[-98.28157,18.87339],[-98.28163,18.87338],[-98.28199,18.8733],[-98.28227,18.87324],[-98.28314,18.87294],[-98.28387,18.87287],[-98.28429,18.8731],[-98.28441,18.87307],[-98.28465,18.87302],[-98.28498,18.87302],[-98.28515,18.87302],[-98.2855,18.87309],[-98.28565,18.87305],[-98.28578,18.87302],[-98.28665,18.87287],[-98.28705,18.87299],[-98.28718,18.87302],[-98.28718,18.87302],[-98.28762,18.87267],[-98.28775,18.87231],[-98.288,18.87201],[-98.28833,18.87149],[-98.28845,18.8713],[-98.28901,18.87107],[-98.28903,18.87105],[-98.28921,18.87085],[-98.28934,18.87076],[-98.28944,18.8707],[-98.28976,18.87048],[-98.28982,18.87045],[-98.29007,18.87036],[-98.29039,18.8701],[-98.29051,18.86999],[-98.29067,18.86984],[-98.29081,18.86968],[-98.29086,18.86962],[-98.29134,18.86928],[-98.29203,18.86892],[-98.29219,18.86877],[-98.29227,18.86867],[-98.29231,18.86862],[-98.29235,18.86859],[-98.29244,18.86851],[-98.29255,18.86838],[-98.29263,18.8683],[-98.29263,18.86828],[-98.29266,18.86818],[-98.29272,18.86811],[-98.29278,18.86803],[-98.29313,18.86786],[-98.29334,18.86768],[-98.2935,18.86756],[-98.29378,18.86742],[-98.294,18.8673],[-98.294,18.8673],[-98.29412,18.86706],[-98.29397,18.86688],[-98.29397,18.86688],[-98.29388,18.86691],[-98.29384,18.86691],[-98.29363,18.86694],[-98.29363,18.86694],[-98.29335,18.86688],[-98.29332,18.86683],[-98.29319,18.86662],[-98.29311,18.86634],[-98.29305,18.86612],[-98.293,18.86599],[-98.29289,18.86593],[-98.29277,18.86586],[-98.29268,18.86582],[-98.29254,18.86576],[-98.29251,18.86564],[-98.2925,18.86561],[-98.29243,18.86546],[-98.29239,18.86542],[-98.29234,18.86538],[-98.29228,18.86531],[-98.29222,18.86523],[-98.29211,18.86515],[-98.29206,18.86514],[-98.29199,18.86512],[-98.29194,18.8651],[-98.29191,18.86508],[-98.2917,18.86493],[-98.29166,18.86484],[-98.29165,18.8648],[-98.29163,18.86469],[-98.29162,18.86465],[-98.29162,18.86465],[-98.29156,18.86461],[-98.29147,18.86455],[-98.29145,18.86452],[-98.29138,18.86442],[-98.2913,18.8643],[-98.29127,18.86418],[-98.29126,18.86416],[-98.29126,18.86416],[-98.29116,18.86405],[-98.29086,18.86395],[-98.29069,18.8638],[-98.2905,18.86365],[-98.29035,18.86357],[-98.29026,18.86351],[-98.29005,18.8633],[-98.29002,18.86322],[-98.28995,18.86305],[-98.28991,18.86294],[-98.28989,18.8629],[-98.28982,18.86282],[-98.28977,18.86277],[-98.28969,18.86262],[-98.28965,18.86255],[-98.28959,18.86242],[-98.28958,18.86241],[-98.28953,18.86193],[-98.28949,18.86178],[-98.28949,18.86178],[-98.2894,18.86174],[-98.28924,18.86165],[-98.28924,18.86165],[-98.28924,18.86163],[-98.28923,18.86157],[-98.28905,18.86141],[-98.28904,18.86128],[-98.28902,18.86118],[-98.28901,18.8611],[-98.28895,18.86099],[-98.28893,18.86094],[-98.28893,18.86094],[-98.28875,18.86082],[-98.28856,18.86072],[-98.28853,18.8607],[-98.2884,18.86063],[-98.28823,18.86053],[-98.2882,18.86052],[-98.28806,18.86045],[-98.28756,18.86019],[-98.28685,18.86004],[-98.28612,18.85988],[-98.28641,18.85905],[-98.28659,18.85857],[-98.28676,18.85807],[-98.28676,18.85807],[-98.28676,18.85807],[-98.28644,18.85712],[-98.28586,18.85543],[-98.28567,18.85493],[-98.28566,18.85489],[-98.2856,18.85472],[-98.28544,18.85428],[-98.2854,18.85405],[-98.28535,18.8538],[-98.28533,18.85376],[-98.28517,18.85345],[-98.28495,18.85326],[-98.28487,18.85318],[-98.28479,18.85314],[-98.28462,18.85306],[-98.28444,18.85293],[-98.28437,18.85288],[-98.28413,18.8526],[-98.28399,18.8524],[-98.2839,18.85234],[-98.28378,18.85227],[-98.28367,18.85222],[-98.28363,18.8522],[-98.28341,18.85197],[-98.28323,18.85187],[-98.28317,18.85187],[-98.28295,18.85187],[-98.28271,18.85172],[-98.28261,18.85167],[-98.28236,18.85153],[-98.28222,18.85145],[-98.28211,18.85137],[-98.28211,18.85137],[-98.28205,18.85123],[-98.28194,18.85116],[-98.28181,18.85107],[-98.28153,18.85089],[-98.28137,18.85085],[-98.28127,18.85082],[-98.28113,18.85077],[-98.2811,18.85076],[-98.28099,18.85064],[-98.28088,18.85053],[-98.28084,18.85049],[-98.28065,18.85029],[-98.2804,18.85],[-98.28022,18.84986],[-98.28011,18.84987],[-98.28007,18.84987],[-98.27996,18.84995],[-98.27989,18.85003],[-98.27986,18.85006],[-98.27982,18.85008],[-98.27972,18.85013],[-98.27967,18.85014],[-98.27963,18.85015],[-98.27963,18.85015],[-98.27947,18.85],[-98.27927,18.84979],[-98.27905,18.84983],[-98.27893,18.84984],[-98.27884,18.84985],[-98.27873,18.84987],[-98.27847,18.84989],[-98.27837,18.84989],[-98.27816,18.84991],[-98.27796,18.84993],[-98.27788,18.84994],[-98.2776,18.84998],[-98.2774,18.85001],[-98.27734,18.85002],[-98.27712,18.85004],[-98.27702,18.85006],[-98.27701,18.85007],[-98.27698,18.85012],[-98.27698,18.8505],[-98.27708,18.85054],[-98.27709,18.85056],[-98.27712,18.85058],[-98.27705,18.85063],[-98.27687,18.85071],[-98.27662,18.85085],[-98.27646,18.85106],[-98.27646,18.85106],[-98.27597,18.85104],[-98.27596,18.85105],[-98.27592,18.85113],[-98.27589,18.85123],[-98.27587,18.85129],[-98.27583,18.85133],[-98.27583,18.85133],[-98.27558,18.8511],[-98.27526,18.85129],[-98.27521,18.85132],[-98.27502,18.8514],[-98.27498,18.85142],[-98.27488,18.85147],[-98.27469,18.85142],[-98.27455,18.85147],[-98.27438,18.85154],[-98.27417,18.85144],[-98.27333,18.85141],[-98.27315,18.85139],[-98.27293,18.85138],[-98.27286,18.85136],[-98.27285,18.85135],[-98.27265,18.85126],[-98.27264,18.85126],[-98.27245,18.85123],[-98.27216,18.85125],[-98.2721,18.85115],[-98.27206,18.85107],[-98.27206,18.85107],[-98.27201,18.85105],[-98.2719,18.85098],[-98.27176,18.8508],[-98.27167,18.8507],[-98.27158,18.85064],[-98.27156,18.85063],[-98.27148,18.85061],[-98.27133,18.85058],[-98.27112,18.8506],[-98.27091,18.85062],[-98.27078,18.85063],[-98.27054,18.85067],[-98.27047,18.85069],[-98.27039,18.85072],[-98.27033,18.85076],[-98.27029,18.85078],[-98.27029,18.85078],[-98.27023,18.85099],[-98.27022,18.85102],[-98.27018,18.85108],[-98.27005,18.85122],[-98.26989,18.85126],[-98.26989,18.85126],[-98.2698,18.85126],[-98.26957,18.85127],[-98.26952,18.85127],[-98.26931,18.8512],[-98.26916,18.85117],[-98.26901,18.85115],[-98.26879,18.8511],[-98.26879,18.8511],[-98.26851,18.85106],[-98.26844,18.85104],[-98.26818,18.85098],[-98.26802,18.85094],[-98.26802,18.85087],[-98.26805,18.85081],[-98.2681,18.85078],[-98.26813,18.85074],[-98.26814,18.85073],[-98.26816,18.85069],[-98.26818,18.85064],[-98.26819,18.85063],[-98.2682,18.85061],[-98.26823,18.85055],[-98.2682,18.85051],[-98.26814,18.85041],[-98.26806,18.85025],[-98.26803,18.85018],[-98.26802,18.85015],[-98.26796,18.85001],[-98.26793,18.84994],[-98.26793,18.84993],[-98.26792,18.8499],[-98.26792,18.84989],[-98.26791,18.84988],[-98.26784,18.84983],[-98.26781,18.84981],[-98.26777,18.8498],[-98.26774,18.84981],[-98.26771,18.84981],[-98.26769,18.84982],[-98.26764,18.84983],[-98.26758,18.84984],[-98.26752,18.84985],[-98.26745,18.84986],[-98.26736,18.84985],[-98.26735,18.84985],[-98.26731,18.84985],[-98.26723,18.84984],[-98.26721,18.84984],[-98.26709,18.84982],[-98.26698,18.84979],[-98.26695,18.84978],[-98.26694,18.84977],[-98.26685,18.84974],[-98.26668,18.84966],[-98.26653,18.84959],[-98.26648,18.84957],[-98.26641,18.84955],[-98.26629,18.84951],[-98.26628,18.84951],[-98.26628,18.84951],[-98.26628,18.84951],[-98.26609,18.84946],[-98.26602,18.84943],[-98.26592,18.8494],[-98.26587,18.84939],[-98.26584,18.84938],[-98.26579,18.84936],[-98.26575,18.84935],[-98.2657,18.84932],[-98.26565,18.84928],[-98.26564,18.84926],[-98.26557,18.8492],[-98.26556,18.84919],[-98.26553,18.84915],[-98.26549,18.84911],[-98.26548,18.8491],[-98.26548,18.8491],[-98.26547,18.8491],[-98.26543,18.84909],[-98.2654,18.84915],[-98.2654,18.84915],[-98.26541,18.8492],[-98.26542,18.84929],[-98.26538,18.84942],[-98.26533,18.8495],[-98.26529,18.84962],[-98.26533,18.84977],[-98.26533,18.8499],[-98.26532,18.84993],[-98.26524,18.85003],[-98.26511,18.8501],[-98.26498,18.85012],[-98.26477,18.8501],[-98.26466,18.85015],[-98.26464,18.85016],[-98.2646,18.85024],[-98.26458,18.85035],[-98.26458,18.85041],[-98.26458,18.85045],[-98.26443,18.8504],[-98.2642,18.85031],[-98.26383,18.85023],[-98.26356,18.8502],[-98.26337,18.85018],[-98.26333,18.85018],[-98.26306,18.85016],[-98.26281,18.85016],[-98.26266,18.85016],[-98.26245,18.85019],[-98.26239,18.85019],[-98.26232,18.85021],[-98.26216,18.85024],[-98.26187,18.85016],[-98.26161,18.85013],[-98.26153,18.85012],[-98.26141,18.85009],[-98.26122,18.85004],[-98.26114,18.84996],[-98.26111,18.84994],[-98.26109,18.84991],[-98.26094,18.84979],[-98.26085,18.84971],[-98.26082,18.84968],[-98.26066,18.84957],[-98.26058,18.84948],[-98.26052,18.8494],[-98.26034,18.84918],[-98.2603,18.84904],[-98.26027,18.84893],[-98.26026,18.8488],[-98.26022,18.84854],[-98.26009,18.8483],[-98.26009,18.8483],[-98.25995,18.84812],[-98.25986,18.84805],[-98.25981,18.84801],[-98.25973,18.84798],[-98.2597,18.84798],[-98.2595,18.84793],[-98.25915,18.84791],[-98.25893,18.84793],[-98.25891,18.84793],[-98.25881,18.84793],[-98.25865,18.84788],[-98.25854,18.84779],[-98.25845,18.84768],[-98.25845,18.84768],[-98.25778,18.84785],[-98.25405,18.84879],[-98.25349,18.84926],[-98.25304,18.84964],[-98.25288,18.84961],[-98.25278,18.84956],[-98.25275,18.84955],[-98.25263,18.84947],[-98.25259,18.84945],[-98.25258,18.84944],[-98.25249,18.84938],[-98.25238,18.84938],[-98.25234,18.84939],[-98.25224,18.84939],[-98.25215,18.84941],[-98.25212,18.84941],[-98.25197,18.84939],[-98.25189,18.84934],[-98.25172,18.84919],[-98.25171,18.84918],[-98.25162,18.84926],[-98.2516,18.84927],[-98.25154,18.84929],[-98.25149,18.84931],[-98.25135,18.84928],[-98.25121,18.84921],[-98.25118,18.84921],[-98.25107,18.84921],[-98.25096,18.84921],[-98.25093,18.84921],[-98.25087,18.84922],[-98.25083,18.84925],[-98.25079,18.8493],[-98.25077,18.84931],[-98.25073,18.84936],[-98.25064,18.84939],[-98.2506,18.8494],[-98.25059,18.8494],[-98.25057,18.8494],[-98.25052,18.8494],[-98.25045,18.84941],[-98.25039,18.84942],[-98.25036,18.84941],[-98.25031,18.84941],[-98.25023,18.84939],[-98.25021,18.84938],[-98.25013,18.84931],[-98.25008,18.84927],[-98.25006,18.84925],[-98.24999,18.84921],[-98.24991,18.8492],[-98.24978,18.84919],[-98.24967,18.8492],[-98.24966,18.8492],[-98.24959,18.84924],[-98.24951,18.84929],[-98.2495,18.84929],[-98.24935,18.84934],[-98.24931,18.84933],[-98.24925,18.84931],[-98.24918,18.84926],[-98.24916,18.84922],[-98.24915,18.84919],[-98.24913,18.84905],[-98.24913,18.84905],[-98.24883,18.84897],[-98.24869,18.84886],[-98.24859,18.84884],[-98.24853,18.84883],[-98.24842,18.84891],[-98.24826,18.8491],[-98.24824,18.84912],[-98.24822,18.84925],[-98.24817,18.84931],[-98.24813,18.84935],[-98.24801,18.84939],[-98.24797,18.84945],[-98.24794,18.8495],[-98.24794,18.84964],[-98.24793,18.84964],[-98.24781,18.84977],[-98.24774,18.84988],[-98.24772,18.84997],[-98.2477,18.8501],[-98.24779,18.85037],[-98.24761,18.85048],[-98.24754,18.85048],[-98.24738,18.85048],[-98.24722,18.85041],[-98.24722,18.85041],[-98.24711,18.85035],[-98.24692,18.8503],[-98.2469,18.8503],[-98.24676,18.85035],[-98.24654,18.85041],[-98.24644,18.85043],[-98.24635,18.85045],[-98.24626,18.85043],[-98.24605,18.85041],[-98.24596,18.8503],[-98.24593,18.85025],[-98.2458,18.85006],[-98.24579,18.85004],[-98.24579,18.85004],[-98.24571,18.84996],[-98.24565,18.84993],[-98.24563,18.84992],[-98.24554,18.84987],[-98.24541,18.84981],[-98.24537,18.8498],[-98.24537,18.8498],[-98.24527,18.84979],[-98.24518,18.84982],[-98.24516,18.84983],[-98.2451,18.84987],[-98.24492,18.84984],[-98.24492,18.84984],[-98.24492,18.84984],[-98.24485,18.84987],[-98.24474,18.84991],[-98.24463,18.84999],[-98.24456,18.85004],[-98.24454,18.85006],[-98.24443,18.85014],[-98.24427,18.85016],[-98.24413,18.85021],[-98.24413,18.85021],[-98.24409,18.8502],[-98.24398,18.85017],[-98.24386,18.85011],[-98.24375,18.85001],[-98.24375,18.85],[-98.24374,18.84999],[-98.24363,18.8499],[-98.2436,18.8499],[-98.24352,18.8499],[-98.24343,18.84991],[-98.24341,18.84992],[-98.2433,18.84997],[-98.24315,18.84998],[-98.24314,18.84998],[-98.24314,18.84998],[-98.24291,18.84998],[-98.24253,18.84983],[-98.24242,18.84979],[-98.24235,18.84977],[-98.24221,18.84972],[-98.24212,18.84968],[-98.24202,18.84965],[-98.24194,18.84965],[-98.2417,18.84964],[-98.24159,18.84963],[-98.24148,18.84964],[-98.24136,18.84965],[-98.24112,18.84968],[-98.241,18.84967],[-98.24096,18.84967],[-98.24087,18.84958],[-98.24074,18.84945],[-98.24063,18.84933],[-98.24062,18.84932],[-98.2405,18.84912],[-98.24039,18.84895],[-98.24027,18.8489],[-98.24019,18.84887],[-98.23998,18.84873],[-98.23993,18.84868],[-98.23992,18.84868],[-98.23987,18.8486],[-98.23985,18.84857],[-98.23981,18.84851],[-98.23985,18.84834],[-98.23991,18.84821],[-98.23991,18.84821],[-98.23988,18.84815],[-98.23986,18.84811],[-98.23983,18.84811],[-98.23977,18.84809],[-98.23966,18.84803],[-98.23941,18.84786],[-98.23909,18.84792],[-98.23892,18.84806],[-98.23889,18.84809],[-98.23887,18.8481],[-98.23886,18.84812],[-98.2388,18.84822],[-98.23857,18.84857],[-98.23854,18.84858],[-98.23847,18.84859],[-98.23826,18.84856],[-98.23815,18.84842],[-98.23819,18.8482],[-98.23823,18.84818],[-98.23833,18.84813],[-98.23847,18.84808],[-98.23853,18.84804],[-98.23854,18.84802],[-98.23852,18.84788],[-98.23848,18.8477],[-98.23859,18.84767],[-98.23855,18.84757],[-98.23852,18.84755],[-98.23838,18.84746],[-98.23831,18.8474],[-98.23826,18.84735],[-98.23814,18.84723],[-98.23806,18.84716],[-98.23804,18.84715],[-98.23799,18.8471],[-98.23789,18.847],[-98.23785,18.84696],[-98.23784,18.84694],[-98.23783,18.84692],[-98.23774,18.84683],[-98.23771,18.84668],[-98.23764,18.8466],[-98.23756,18.84651],[-98.23742,18.84638],[-98.23742,18.84638],[-98.23714,18.8463],[-98.23704,18.84627],[-98.23702,18.84627],[-98.23699,18.84627],[-98.23683,18.84625],[-98.23665,18.84629],[-98.23672,18.84671],[-98.23666,18.84705],[-98.23682,18.84771],[-98.23701,18.84861],[-98.23707,18.84898],[-98.23713,18.84923],[-98.23691,18.84929],[-98.23646,18.84929],[-98.23625,18.84937],[-98.23623,18.84945],[-98.23636,18.84959],[-98.23687,18.84988],[-98.23727,18.85019],[-98.23724,18.85038],[-98.2371,18.85056],[-98.23698,18.85064],[-98.23686,18.85063],[-98.23666,18.85049],[-98.23644,18.85036],[-98.23622,18.8504],[-98.23588,18.85063],[-98.23567,18.85084],[-98.23568,18.85105],[-98.23594,18.85115],[-98.23615,18.85113],[-98.23646,18.85112],[-98.23662,18.8512],[-98.23664,18.85134],[-98.23651,18.85152],[-98.23626,18.85163],[-98.23597,18.85188],[-98.23589,18.85202],[-98.23589,18.85228],[-98.23566,18.85258],[-98.23547,18.85271],[-98.23537,18.853],[-98.23522,18.85321],[-98.23497,18.85327],[-98.23467,18.85336],[-98.23449,18.85359],[-98.23452,18.85377],[-98.23487,18.85426],[-98.23506,18.85463],[-98.2351,18.85501],[-98.23516,18.85542],[-98.23543,18.85566],[-98.23553,18.85589],[-98.23526,18.85597],[-98.23477,18.85608],[-98.23451,18.85633],[-98.23455,18.85668],[-98.23471,18.85725],[-98.23478,18.85776],[-98.23455,18.85801],[-98.23441,18.85822],[-98.23458,18.85861],[-98.23461,18.85915],[-98.23467,18.85966],[-98.23478,18.85997],[-98.23494,18.86009],[-98.23517,18.86004],[-98.23539,18.86008],[-98.23571,18.86048],[-98.23582,18.86102],[-98.23573,18.86142],[-98.23547,18.86165],[-98.23545,18.86183],[-98.23555,18.86209],[-98.23597,18.86236],[-98.23604,18.86257],[-98.23594,18.86268],[-98.23581,18.86276],[-98.23586,18.863],[-98.2361,18.86314],[-98.23656,18.86324],[-98.23687,18.86355],[-98.23679,18.86371],[-98.23659,18.86374],[-98.2364,18.86384],[-98.23636,18.86415],[-98.2365,18.86434],[-98.23686,18.86425],[-98.23724,18.86445],[-98.23739,18.86504],[-98.23713,18.86546],[-98.23624,18.86554],[-98.2349,18.86579],[-98.23392,18.8664],[-98.23315,18.86743],[-98.23288,18.86771],[-98.23257,18.86796],[-98.23236,18.86885],[-98.23216,18.87013],[-98.2319,18.87081],[-98.23169,18.87135],[-98.23067,18.8723],[-98.23008,18.87267],[-98.22969,18.87292],[-98.22925,18.87348],[-98.22911,18.87402],[-98.22887,18.87431],[-98.22814,18.87439],[-98.22748,18.87442],[-98.22648,18.8754],[-98.22578,18.87632],[-98.2253,18.87721],[-98.22511,18.87856],[-98.22532,18.87965],[-98.22536,18.88097],[-98.22519,18.88185],[-98.22498,18.88271],[-98.22493,18.8832],[-98.22516,18.88422],[-98.22539,18.88504],[-98.22547,18.88588],[-98.22546,18.88635],[-98.2255,18.88664],[-98.2257,18.88695],[-98.22604,18.88749],[-98.22614,18.88788],[-98.22585,18.88835],[-98.22581,18.88858],[-98.22588,18.88869],[-98.22631,18.88889],[-98.22661,18.88947],[-98.2266,18.88992],[-98.22656,18.89074],[-98.22656,18.89074],[-98.22645,18.89131],[-98.2263,18.89218],[-98.22626,18.89257],[-98.2262,18.89303],[-98.2278,18.89399],[-98.22812,18.89381],[-98.22853,18.89368],[-98.22881,18.89386],[-98.2289,18.89434],[-98.23042,18.89545],[-98.23085,18.89566],[-98.23156,18.89627],[-98.23181,18.89639],[-98.23318,18.89827],[-98.23241,18.8993],[-98.23235,18.8995],[-98.23251,18.89968],[-98.23281,18.89993],[-98.23285,18.90012],[-98.23297,18.90054],[-98.23289,18.90104],[-98.23308,18.90141],[-98.23304,18.90183],[-98.2331,18.90266],[-98.23297,18.90359],[-98.23271,18.90387],[-98.23251,18.90455],[-98.23232,18.90517],[-98.23207,18.90556],[-98.23191,18.90589],[-98.2315,18.90604],[-98.2312,18.90625],[-98.23102,18.90665],[-98.23099,18.90703],[-98.23084,18.9074],[-98.23052,18.90762],[-98.23051,18.90785],[-98.23057,18.90814],[-98.23037,18.90835],[-98.23021,18.90835],[-98.22996,18.9085],[-98.22994,18.90892],[-98.22994,18.90945],[-98.22987,18.90996],[-98.22948,18.91064],[-98.22933,18.91123],[-98.22925,18.91152],[-98.22907,18.91166],[-98.22884,18.91152],[-98.22843,18.91165],[-98.22617,18.91105],[-98.22487,18.91043],[-98.22402,18.90998],[-98.22354,18.9098],[-98.22304,18.90974],[-98.2227,18.90981],[-98.22259,18.90972],[-98.22241,18.9095],[-98.22219,18.90929],[-98.22177,18.90914],[-98.22133,18.9089],[-98.22093,18.90888],[-98.22073,18.90888],[-98.2206,18.90894],[-98.22047,18.90916],[-98.22029,18.90931],[-98.22002,18.90938],[-98.21977,18.90924],[-98.21948,18.90914],[-98.21927,18.90921],[-98.21914,18.90936],[-98.21888,18.90943],[-98.21868,18.90947],[-98.21833,18.9094],[-98.21795,18.9093],[-98.21768,18.90938],[-98.21758,18.90949],[-98.21741,18.90983],[-98.21706,18.90999],[-98.21673,18.91006],[-98.21644,18.91003],[-98.21611,18.90994],[-98.21587,18.90997],[-98.21565,18.91012],[-98.2155,18.9102],[-98.21531,18.91028],[-98.2152,18.91031],[-98.21501,18.91026],[-98.21492,18.91006],[-98.21487,18.90988],[-98.21474,18.90984],[-98.21466,18.90994],[-98.21453,18.90998],[-98.21438,18.90991],[-98.21429,18.90976],[-98.21422,18.9097],[-98.21409,18.90971],[-98.21395,18.90975],[-98.21379,18.90975],[-98.21371,18.90971],[-98.21366,18.90955],[-98.21353,18.90945],[-98.21337,18.90939],[-98.21317,18.90927],[-98.21297,18.90905],[-98.21279,18.90883],[-98.21261,18.90873],[-98.21232,18.90873],[-98.21204,18.90889],[-98.21185,18.90894],[-98.21164,18.90886],[-98.21144,18.90869],[-98.21145,18.9086],[-98.21149,18.90847],[-98.21144,18.90837],[-98.21141,18.90827],[-98.2115,18.90813],[-98.21159,18.90805],[-98.21162,18.90793],[-98.21156,18.90778],[-98.21149,18.90759],[-98.21154,18.90731],[-98.21162,18.90707],[-98.21167,18.90681],[-98.21167,18.90659],[-98.21153,18.90645],[-98.21139,18.90635],[-98.21136,18.90622],[-98.21136,18.90607],[-98.21136,18.90583],[-98.21128,18.90561],[-98.2108,18.90544],[-98.21059,18.90521],[-98.21037,18.90514],[-98.21024,18.90515],[-98.21008,18.90514],[-98.20993,18.90502],[-98.2098,18.90475],[-98.20976,18.90449],[-98.20972,18.90429],[-98.20967,18.90414],[-98.20952,18.90392],[-98.2093,18.90374],[-98.20893,18.90356],[-98.20842,18.90342],[-98.20808,18.90334],[-98.20782,18.90331],[-98.20756,18.90325],[-98.20728,18.90312],[-98.20707,18.903],[-98.20698,18.90284],[-98.20676,18.90246],[-98.20664,18.90231],[-98.20631,18.90204],[-98.20619,18.90179],[-98.20612,18.90168],[-98.20599,18.90155],[-98.20549,18.90125],[-98.20435,18.90053],[-98.2036,18.90015],[-98.20328,18.89998],[-98.20256,18.8995],[-98.20176,18.89887],[-98.20128,18.89829],[-98.20017,18.8965],[-98.19825,18.89486],[-98.19505,18.89206],[-98.19366,18.8913],[-98.19249,18.89095],[-98.19137,18.89122],[-98.19031,18.89184],[-98.18933,18.89354],[-98.18852,18.89528],[-98.1865,18.89692],[-98.18471,18.89785],[-98.18188,18.89872],[-98.17946,18.8984],[-98.1779,18.89687],[-98.17663,18.89496],[-98.17611,18.89356],[-98.17525,18.89089],[-98.17438,18.88908],[-98.17354,18.88791],[-98.17331,18.88778],[-98.17276,18.88745],[-98.17219,18.88732],[-98.17193,18.88721],[-98.17165,18.88712],[-98.17132,18.88714],[-98.17114,18.8872],[-98.17095,18.88723],[-98.17061,18.88719],[-98.17029,18.887],[-98.16989,18.88674],[-98.16954,18.88652],[-98.16918,18.88625],[-98.16863,18.88572],[-98.16848,18.8854],[-98.16853,18.88519],[-98.16864,18.88479],[-98.16872,18.88454],[-98.1685,18.88448],[-98.16812,18.88448],[-98.16781,18.88471],[-98.16742,18.88497],[-98.16685,18.88504],[-98.16635,18.88501],[-98.16589,18.88485],[-98.16512,18.8845],[-98.16463,18.88448],[-98.16431,18.88464],[-98.16381,18.88487],[-98.16333,18.88483],[-98.16281,18.88472],[-98.16239,18.88457],[-98.16179,18.88452],[-98.16115,18.88483],[-98.16069,18.885],[-98.1602,18.88509],[-98.15952,18.88505],[-98.15899,18.88476],[-98.15833,18.8842],[-98.15759,18.88381],[-98.15667,18.88356],[-98.15635,18.88351],[-98.15584,18.88326],[-98.1555,18.88292],[-98.15514,18.88235],[-98.15488,18.88175],[-98.15452,18.88145],[-98.15418,18.88136],[-98.15398,18.88124],[-98.15394,18.88112],[-98.15388,18.88098],[-98.15364,18.8808],[-98.15332,18.88054],[-98.15307,18.8803],[-98.15265,18.88017],[-98.15243,18.88015],[-98.15229,18.88013],[-98.15214,18.88013],[-98.1521,18.87999],[-98.15209,18.87985],[-98.15203,18.87975],[-98.1519,18.87972],[-98.15177,18.87975],[-98.15156,18.87972],[-98.15143,18.87968],[-98.15133,18.87953],[-98.15134,18.87929],[-98.15136,18.8792],[-98.15132,18.87906],[-98.15115,18.87893],[-98.15091,18.87887],[-98.15079,18.87887],[-98.15054,18.87879],[-98.15054,18.87879],[-98.15054,18.87879],[-98.15053,18.8788],[-98.15044,18.87884],[-98.15042,18.87901],[-98.15039,18.87913],[-98.15036,18.87932],[-98.15041,18.8795],[-98.15041,18.8795],[-98.15045,18.87961],[-98.15047,18.87968],[-98.15053,18.87974],[-98.1507,18.87984],[-98.1507,18.87984],[-98.1507,18.87984],[-98.15079,18.87991],[-98.1508,18.87993],[-98.1508,18.87993],[-98.15091,18.88004],[-98.15093,18.88009],[-98.15093,18.88009],[-98.15096,18.88015],[-98.15096,18.8802],[-98.15095,18.88027],[-98.15085,18.88035],[-98.15085,18.88035],[-98.15082,18.88037],[-98.15069,18.88043],[-98.15061,18.88045],[-98.15053,18.88042],[-98.1505,18.88039],[-98.15043,18.88033],[-98.15037,18.88029],[-98.15033,18.88027],[-98.15024,18.88028],[-98.15017,18.8803],[-98.15011,18.88036],[-98.15011,18.88036],[-98.15011,18.88036],[-98.15007,18.88045],[-98.15007,18.88049],[-98.15014,18.88058],[-98.15016,18.88059],[-98.15022,18.88064],[-98.15023,18.88073],[-98.15024,18.88074],[-98.15024,18.88084],[-98.1502,18.88098],[-98.15019,18.88099],[-98.15016,18.88104],[-98.15004,18.88116],[-98.15003,18.88118],[-98.1499,18.88129],[-98.14984,18.88136],[-98.14976,18.88145],[-98.1496,18.88149],[-98.14957,18.8815],[-98.14946,18.88151],[-98.14926,18.8816],[-98.14915,18.88171],[-98.14912,18.88174],[-98.14912,18.88174],[-98.14909,18.8819],[-98.14908,18.88194],[-98.14907,18.88204],[-98.14904,18.88217],[-98.14903,18.88221],[-98.149,18.88229],[-98.14897,18.88231],[-98.14892,18.88233],[-98.14892,18.88233],[-98.14883,18.88231],[-98.1488,18.88229],[-98.14875,18.88226],[-98.14864,18.8822],[-98.1486,18.88217],[-98.1485,18.88212],[-98.14844,18.88212],[-98.1484,18.88212],[-98.14829,18.88216],[-98.14812,18.88223],[-98.14799,18.88222],[-98.14795,18.88222],[-98.14783,18.8822],[-98.14772,18.88211],[-98.14772,18.88211],[-98.14768,18.88189],[-98.14772,18.88166],[-98.14773,18.88143],[-98.1477,18.88116],[-98.14748,18.88093],[-98.14728,18.88088],[-98.14724,18.88089],[-98.14716,18.8809],[-98.14716,18.8809],[-98.14693,18.88102],[-98.14688,18.88105],[-98.14671,18.88112],[-98.14657,18.88122],[-98.14651,18.88127],[-98.14643,18.88132],[-98.14638,18.88135],[-98.14625,18.88142],[-98.14613,18.88148],[-98.14597,18.88152],[-98.14587,18.88153],[-98.14568,18.88156],[-98.14551,18.88154],[-98.14535,18.88152],[-98.14516,18.88157],[-98.14509,18.88159],[-98.14494,18.88171],[-98.14487,18.88177],[-98.1447,18.88193],[-98.14467,18.88195],[-98.14455,18.88209],[-98.14439,18.88221],[-98.14418,18.88228],[-98.14402,18.88226],[-98.14392,18.88215],[-98.14388,18.8821],[-98.14372,18.88193],[-98.14345,18.88224],[-98.14338,18.88236],[-98.1433,18.88248],[-98.14321,18.88263],[-98.14321,18.88263],[-98.14314,18.88269],[-98.14305,18.88272],[-98.14301,18.88278],[-98.14294,18.88282],[-98.14294,18.88282],[-98.14293,18.88282],[-98.14275,18.88294],[-98.14263,18.88304],[-98.14246,18.88321],[-98.14245,18.88322],[-98.14245,18.88322],[-98.14233,18.88337],[-98.14233,18.88373],[-98.14231,18.88393],[-98.1423,18.88403],[-98.14218,18.8842],[-98.1421,18.88427],[-98.14205,18.8843],[-98.14201,18.88436],[-98.14197,18.88441],[-98.14195,18.88443],[-98.14192,18.88447],[-98.14192,18.88489],[-98.14175,18.88491],[-98.14166,18.88493],[-98.14159,18.88495],[-98.14149,18.88503],[-98.14142,18.88507],[-98.14132,18.88512],[-98.14124,18.88518],[-98.14115,18.88524],[-98.14112,18.88527],[-98.14101,18.88537],[-98.14086,18.88536],[-98.14076,18.88536],[-98.14065,18.88536],[-98.14055,18.88536],[-98.14029,18.88532],[-98.14014,18.88534],[-98.14014,18.88534],[-98.14008,18.88537],[-98.13993,18.88547],[-98.13991,18.88548],[-98.13979,18.88554],[-98.13969,18.8856],[-98.13965,18.88563],[-98.13955,18.88568],[-98.13944,18.88574],[-98.13926,18.88574],[-98.13901,18.88573],[-98.13871,18.88583],[-98.1385,18.88607],[-98.13827,18.88632],[-98.13809,18.88655],[-98.138,18.88665],[-98.13792,18.88673],[-98.13774,18.88691],[-98.13772,18.88693],[-98.1377,18.88697],[-98.13765,18.88707],[-98.13749,18.88722],[-98.1373,18.88733],[-98.13721,18.88738],[-98.13719,18.88739],[-98.13711,18.88745],[-98.13697,18.88754],[-98.13693,18.88758],[-98.13686,18.88762],[-98.13668,18.88771],[-98.13648,18.8879],[-98.13647,18.88801],[-98.13647,18.88813],[-98.13645,18.8883],[-98.13635,18.88842],[-98.13615,18.88861],[-98.13609,18.88885],[-98.13609,18.88885],[-98.13609,18.88885],[-98.13612,18.8891],[-98.13604,18.88922],[-98.13603,18.88924],[-98.13599,18.88926],[-98.13583,18.88932],[-98.1356,18.88937],[-98.13519,18.8894],[-98.13508,18.88941],[-98.13501,18.8906],[-98.13489,18.89239],[-98.13486,18.8929],[-98.13483,18.89355],[-98.13483,18.89373],[-98.13481,18.89405],[-98.13475,18.89506],[-98.13474,18.89521],[-98.13474,18.89521],[-98.13478,18.89522],[-98.13503,18.89533],[-98.13556,18.89555],[-98.13577,18.8956],[-98.13595,18.89565],[-98.13604,18.89567],[-98.13619,18.89566],[-98.13622,18.89566],[-98.1364,18.89561],[-98.13652,18.89558],[-98.13665,18.89553],[-98.13693,18.89542],[-98.1372,18.89532],[-98.13725,18.8953],[-98.13739,18.89526],[-98.13769,18.89517],[-98.13818,18.89505],[-98.13871,18.89495],[-98.13936,18.89483],[-98.13939,18.89482],[-98.13977,18.89476],[-98.14001,18.89474],[-98.14013,18.89473],[-98.14014,18.89473],[-98.1404,18.89472],[-98.14043,18.89472],[-98.14071,18.8947],[-98.14095,18.89469],[-98.14105,18.89469],[-98.14132,18.89466],[-98.14136,18.89465],[-98.14172,18.8946],[-98.14216,18.89454],[-98.14223,18.89453],[-98.14237,18.89451],[-98.14293,18.89442],[-98.14346,18.89434],[-98.14351,18.89434],[-98.14356,18.89433],[-98.14401,18.89429],[-98.14458,18.89435],[-98.14459,18.89435],[-98.145,18.89441],[-98.14542,18.89447],[-98.14593,18.89453],[-98.14594,18.89453],[-98.14595,18.89453],[-98.14642,18.89458],[-98.14681,18.8947],[-98.14685,18.89473],[-98.14699,18.89482],[-98.14719,18.89497],[-98.14726,18.89503],[-98.14733,18.89508],[-98.14744,18.89519],[-98.14756,18.89531],[-98.14766,18.89542],[-98.14779,18.89556],[-98.14799,18.89582],[-98.1483,18.89619],[-98.14888,18.89685],[-98.14912,18.89712],[-98.14919,18.89718],[-98.14931,18.89727],[-98.14939,18.89731],[-98.14953,18.89736],[-98.14942,18.89759],[-98.14941,18.89759],[-98.14935,18.89765],[-98.14917,18.89779],[-98.14895,18.89796],[-98.14859,18.89828],[-98.14842,18.89833],[-98.14836,18.89835],[-98.1482,18.89838],[-98.14814,18.89839],[-98.14798,18.8984],[-98.14788,18.89839],[-98.14779,18.89838],[-98.14763,18.8984],[-98.1475,18.89855],[-98.14744,18.89861],[-98.14741,18.89866],[-98.14736,18.89874],[-98.14719,18.89895],[-98.14718,18.89897],[-98.14704,18.89905],[-98.14693,18.89913],[-98.1468,18.8992],[-98.14677,18.89922],[-98.14674,18.89925],[-98.14664,18.89934],[-98.14664,18.89934],[-98.14698,18.89957],[-98.14701,18.8996],[-98.14706,18.89963],[-98.14721,18.89976],[-98.14733,18.89987],[-98.14748,18.9],[-98.14758,18.90015],[-98.1476,18.90018],[-98.14776,18.90042],[-98.1479,18.90053],[-98.148,18.9006],[-98.14822,18.9007],[-98.14843,18.90076],[-98.14858,18.90087],[-98.14862,18.90101],[-98.14865,18.90105],[-98.14871,18.90112],[-98.14871,18.90112],[-98.14888,18.90124],[-98.14908,18.90139],[-98.14916,18.90146],[-98.14927,18.90154],[-98.1493,18.9016],[-98.14934,18.90167],[-98.14942,18.90181],[-98.14942,18.90182],[-98.14942,18.90182],[-98.14949,18.9019],[-98.14961,18.90202],[-98.14972,18.90216],[-98.14972,18.90216],[-98.14974,18.90226],[-98.14974,18.90226],[-98.14979,18.9023],[-98.14987,18.90237],[-98.14988,18.90238],[-98.14994,18.90245],[-98.15001,18.90265],[-98.15002,18.90274],[-98.15005,18.90286],[-98.15006,18.90301],[-98.15007,18.9031],[-98.15007,18.90319],[-98.1501,18.90328],[-98.15013,18.90339],[-98.15017,18.90345],[-98.1502,18.90348],[-98.15029,18.9036],[-98.15032,18.90364],[-98.15038,18.90372],[-98.15041,18.90375],[-98.15043,18.90378],[-98.15049,18.90384],[-98.15049,18.90388],[-98.15049,18.90389],[-98.1505,18.90392],[-98.15051,18.90393],[-98.15052,18.90395],[-98.15058,18.90398],[-98.15062,18.90403],[-98.15063,18.90405],[-98.15066,18.90407],[-98.15067,18.90417],[-98.15067,18.90422],[-98.15066,18.90425],[-98.15068,18.90433],[-98.15069,18.9044],[-98.1507,18.90444],[-98.1507,18.90445],[-98.15071,18.90445],[-98.15076,18.90448],[-98.15077,18.9045],[-98.15077,18.90451],[-98.15076,18.90454],[-98.15074,18.90456],[-98.15073,18.90457],[-98.15071,18.90461],[-98.15071,18.90462],[-98.15068,18.90468],[-98.15066,18.90472],[-98.15062,18.90476],[-98.15061,18.90479],[-98.15061,18.90481],[-98.15061,18.90482],[-98.15061,18.90484],[-98.15065,18.90487],[-98.15069,18.90491],[-98.15071,18.90493],[-98.15075,18.90499],[-98.15076,18.90505],[-98.15077,18.90512],[-98.15078,18.90518],[-98.15078,18.90523],[-98.15079,18.90527],[-98.15082,18.90534],[-98.15086,18.90541],[-98.15088,18.90543],[-98.15091,18.90549],[-98.1509,18.90562],[-98.1509,18.90562],[-98.1509,18.90562],[-98.15089,18.90571],[-98.15089,18.90578],[-98.15088,18.90585],[-98.15086,18.90593],[-98.15082,18.90605],[-98.15081,18.90606],[-98.15081,18.90609],[-98.15078,18.90619],[-98.15077,18.9062],[-98.15076,18.90622],[-98.15075,18.90623],[-98.15074,18.90625],[-98.15074,18.90625],[-98.15074,18.90626],[-98.15074,18.90627],[-98.15072,18.9063],[-98.1507,18.90631],[-98.15067,18.90633],[-98.15064,18.90635],[-98.15061,18.90636],[-98.15059,18.90636],[-98.15056,18.90635],[-98.15051,18.90635],[-98.15046,18.90637],[-98.15043,18.90638],[-98.15041,18.90638],[-98.15041,18.90639],[-98.15041,18.9064],[-98.15041,18.9064],[-98.1504,18.90643],[-98.15041,18.90645],[-98.15041,18.90645],[-98.15042,18.90648],[-98.15042,18.9065],[-98.15042,18.90652],[-98.15041,18.90654],[-98.15036,18.90655],[-98.15034,18.90656],[-98.15034,18.90656],[-98.15031,18.90654],[-98.1503,18.90655],[-98.15028,18.90655],[-98.15028,18.90655],[-98.15027,18.90655],[-98.15026,18.90656],[-98.15025,18.90656],[-98.15021,18.90659],[-98.15018,18.9066],[-98.15013,18.9066],[-98.15012,18.9066],[-98.15004,18.90662],[-98.14998,18.90663],[-98.14992,18.90666],[-98.14985,18.90668],[-98.14979,18.9067],[-98.14979,18.90671],[-98.14977,18.90672],[-98.14973,18.90672],[-98.14969,18.90673],[-98.14965,18.90675],[-98.14961,18.90678],[-98.14956,18.90679],[-98.14956,18.90679],[-98.14956,18.90679],[-98.14954,18.9068],[-98.14951,18.90681],[-98.14948,18.90681],[-98.14945,18.90681],[-98.1494,18.90681],[-98.1494,18.90681],[-98.1494,18.90681],[-98.14937,18.9068],[-98.14937,18.9068],[-98.14935,18.9068],[-98.14933,18.9068],[-98.14931,18.9068],[-98.14929,18.9068],[-98.14923,18.9068],[-98.14919,18.90679],[-98.14919,18.90679],[-98.14919,18.90679],[-98.14917,18.90678],[-98.14914,18.90676],[-98.14913,18.90676],[-98.14912,18.90675],[-98.14911,18.90675],[-98.14909,18.90675],[-98.14906,18.90676],[-98.14906,18.90676],[-98.14905,18.90677],[-98.149,18.90679],[-98.14898,18.90679],[-98.14897,18.90679],[-98.14897,18.90679],[-98.14895,18.90678],[-98.14892,18.90677],[-98.14892,18.90677],[-98.14892,18.90676],[-98.14889,18.90672],[-98.14888,18.90671],[-98.14887,18.9067],[-98.14886,18.90668],[-98.14885,18.90666],[-98.14885,18.90664],[-98.14885,18.90663],[-98.14883,18.9066],[-98.14883,18.90659],[-98.14882,18.90656],[-98.14878,18.9065],[-98.14875,18.90646],[-98.14874,18.90639],[-98.14873,18.90634],[-98.14873,18.90632],[-98.14872,18.90632],[-98.14872,18.90631],[-98.1487,18.9063],[-98.14868,18.90631],[-98.14868,18.90631],[-98.14865,18.9063],[-98.14865,18.9063],[-98.14864,18.9063],[-98.14863,18.90629],[-98.14862,18.90629],[-98.1486,18.90629],[-98.14859,18.90631],[-98.14858,18.90632],[-98.14858,18.90632],[-98.14856,18.90633],[-98.14854,18.90633],[-98.14853,18.90633],[-98.14851,18.90633],[-98.14846,18.90632],[-98.14844,18.90632],[-98.14842,18.90633],[-98.14842,18.90633],[-98.1484,18.90634],[-98.14838,18.90636],[-98.14837,18.90638],[-98.14837,18.90638],[-98.14837,18.90641],[-98.14838,18.90644],[-98.14839,18.90649],[-98.14839,18.90653],[-98.1484,18.90655],[-98.1484,18.90655],[-98.1484,18.90656],[-98.1484,18.90658],[-98.1484,18.90658],[-98.14838,18.9066],[-98.14838,18.9066],[-98.14838,18.9066],[-98.14837,18.90662],[-98.14837,18.90662],[-98.14837,18.90663],[-98.14837,18.90665],[-98.14837,18.90666],[-98.14837,18.90667],[-98.14837,18.90669],[-98.14837,18.9067],[-98.14836,18.90672],[-98.14836,18.90672],[-98.14836,18.90673],[-98.14837,18.90675],[-98.14838,18.90677],[-98.14838,18.9068],[-98.14838,18.90683],[-98.14838,18.90684],[-98.14838,18.90686],[-98.14838,18.90687],[-98.14838,18.90689],[-98.14837,18.90691],[-98.14835,18.90694],[-98.14832,18.90696],[-98.14827,18.90698],[-98.14823,18.907],[-98.1482,18.907],[-98.14816,18.907],[-98.14813,18.907],[-98.14809,18.907],[-98.14808,18.907],[-98.14807,18.907],[-98.14804,18.907],[-98.14801,18.907],[-98.14799,18.90701],[-98.14795,18.90704],[-98.14787,18.90709],[-98.14786,18.90709],[-98.14785,18.9071],[-98.14782,18.90713],[-98.14781,18.90716],[-98.14781,18.90721],[-98.14779,18.90724],[-98.14778,18.90726],[-98.14775,18.9073],[-98.14773,18.90731],[-98.14772,18.90733],[-98.14771,18.90733],[-98.1477,18.90734],[-98.14768,18.90735],[-98.14767,18.90735],[-98.14765,18.90736],[-98.14765,18.90736],[-98.14761,18.90738],[-98.14757,18.90739],[-98.14753,18.90741],[-98.14749,18.90742],[-98.14748,18.90742],[-98.14748,18.90742],[-98.14744,18.90744],[-98.14742,18.90745],[-98.14741,18.90746],[-98.14735,18.90746],[-98.1473,18.90746],[-98.14726,18.90745],[-98.14725,18.90745],[-98.14722,18.90743],[-98.1472,18.90741],[-98.14718,18.9074],[-98.14717,18.90739],[-98.14713,18.90737],[-98.14712,18.90736],[-98.147,18.90731],[-98.14697,18.9073],[-98.14694,18.90729],[-98.14691,18.90727],[-98.1469,18.90726],[-98.14688,18.90725],[-98.14686,18.90721],[-98.14685,18.9072],[-98.14684,18.90718],[-98.14682,18.90716],[-98.14682,18.90716],[-98.14678,18.90712],[-98.14676,18.90708],[-98.14675,18.90708],[-98.14674,18.90705],[-98.14673,18.90703],[-98.14673,18.90702],[-98.14671,18.90698],[-98.14671,18.90693],[-98.14671,18.90692],[-98.1467,18.90691],[-98.14669,18.90687],[-98.14668,18.90685],[-98.14668,18.90682],[-98.14668,18.9068],[-98.14668,18.90679],[-98.14668,18.90679],[-98.14668,18.90675],[-98.14669,18.90673],[-98.14669,18.90672],[-98.14667,18.90669],[-98.14666,18.90665],[-98.14666,18.90663],[-98.14666,18.9066],[-98.14665,18.90657],[-98.14665,18.90657],[-98.14663,18.90655],[-98.14661,18.90653],[-98.14661,18.90651],[-98.14661,18.9065],[-98.14661,18.90649],[-98.14661,18.90647],[-98.14661,18.90646],[-98.14661,18.90645],[-98.14661,18.90644],[-98.14661,18.90643],[-98.14661,18.90642],[-98.14661,18.90641],[-98.14662,18.90638],[-98.14662,18.90637],[-98.14662,18.90636],[-98.14661,18.90632],[-98.14659,18.90631],[-98.14658,18.90631],[-98.14658,18.90631],[-98.14656,18.90629],[-98.14656,18.90629],[-98.14656,18.90627],[-98.14657,18.90626],[-98.14657,18.90624],[-98.14657,18.90624],[-98.14657,18.90622],[-98.14657,18.90622],[-98.14657,18.9062],[-98.14657,18.9062],[-98.14656,18.90619],[-98.14654,18.90619],[-98.14653,18.90621],[-98.14652,18.90623],[-98.14652,18.90623],[-98.1465,18.90624],[-98.1465,18.90624],[-98.1465,18.90625],[-98.14649,18.90626],[-98.14649,18.90628],[-98.14649,18.90628],[-98.14649,18.90628],[-98.1465,18.9063],[-98.1465,18.90631],[-98.1465,18.90631],[-98.1465,18.90633],[-98.14649,18.90635],[-98.14647,18.90637],[-98.14645,18.9064],[-98.14643,18.90643],[-98.14641,18.90646],[-98.1464,18.90649],[-98.14639,18.90651],[-98.14638,18.90653],[-98.14637,18.90654],[-98.14637,18.90654],[-98.14636,18.90655],[-98.14636,18.90656],[-98.14635,18.90656],[-98.14635,18.90657],[-98.14636,18.90658],[-98.14636,18.90659],[-98.14637,18.9066],[-98.14637,18.90664],[-98.14638,18.90666],[-98.14638,18.90668],[-98.14637,18.90668],[-98.14636,18.9067],[-98.14635,18.90671],[-98.14635,18.90671],[-98.14634,18.90674],[-98.14634,18.90676],[-98.14634,18.90676],[-98.14632,18.90678],[-98.14632,18.90678],[-98.14631,18.90681],[-98.14631,18.90681],[-98.14632,18.90681],[-98.14633,18.90683],[-98.14634,18.90684],[-98.14634,18.90685],[-98.14634,18.90686],[-98.14634,18.90687],[-98.14633,18.90688],[-98.14632,18.9069],[-98.14631,18.9069],[-98.1463,18.90691],[-98.1463,18.90692],[-98.14629,18.90693],[-98.14628,18.90694],[-98.14626,18.90695],[-98.14626,18.90695],[-98.14625,18.90696],[-98.14623,18.90696],[-98.14621,18.90696],[-98.14616,18.90696],[-98.14614,18.90696],[-98.14611,18.90696],[-98.14608,18.90695],[-98.14605,18.90695],[-98.14603,18.90694],[-98.14602,18.90693],[-98.14602,18.90693],[-98.14599,18.90691],[-98.14599,18.90691],[-98.14595,18.90687],[-98.14595,18.90687],[-98.14592,18.90685],[-98.14586,18.90685],[-98.1458,18.90684],[-98.14577,18.90682],[-98.14574,18.90681],[-98.14571,18.9068],[-98.14571,18.9068],[-98.14571,18.9068],[-98.1457,18.9068],[-98.14568,18.90679],[-98.14566,18.90679],[-98.14564,18.90679],[-98.14563,18.90678],[-98.14562,18.90678],[-98.1456,18.90677],[-98.14559,18.90676],[-98.14556,18.90674],[-98.14555,18.90673],[-98.14554,18.90671],[-98.14553,18.9067],[-98.1455,18.90667],[-98.14547,18.90664],[-98.14541,18.90658],[-98.14541,18.90657],[-98.1454,18.90656],[-98.14539,18.90654],[-98.14537,18.90652],[-98.14532,18.90649],[-98.14531,18.90648],[-98.14528,18.90643],[-98.14525,18.90639],[-98.14524,18.90637],[-98.14522,18.90635],[-98.14522,18.90635],[-98.1452,18.90634],[-98.14519,18.90634],[-98.14518,18.90633],[-98.14516,18.90632],[-98.14513,18.90629],[-98.14513,18.90629],[-98.14512,18.90628],[-98.14511,18.90627],[-98.14511,18.90627],[-98.14509,18.90625],[-98.14506,18.90624],[-98.14503,18.90623],[-98.145,18.90622],[-98.14499,18.90619],[-98.14498,18.90619],[-98.14497,18.90615],[-98.14496,18.90613],[-98.14493,18.9061],[-98.14491,18.90607],[-98.1449,18.90604],[-98.14489,18.90602],[-98.14487,18.90598],[-98.14486,18.90597],[-98.14483,18.90594],[-98.14481,18.90591],[-98.14481,18.90591],[-98.14478,18.90591],[-98.14478,18.90591],[-98.14478,18.90593],[-98.14478,18.90597],[-98.14478,18.90599],[-98.14478,18.90601],[-98.14479,18.90602],[-98.14479,18.90605],[-98.14479,18.90608],[-98.14477,18.90611],[-98.14478,18.90614],[-98.14478,18.90614],[-98.14479,18.90618],[-98.14479,18.90623],[-98.14479,18.90623],[-98.14479,18.90623],[-98.1448,18.90624],[-98.14481,18.90627],[-98.14482,18.90629],[-98.14485,18.90633],[-98.14486,18.90634],[-98.14488,18.90638],[-98.14492,18.9064],[-98.14494,18.90641],[-98.14495,18.90641],[-98.145,18.90642],[-98.14504,18.90644],[-98.14509,18.9065],[-98.14511,18.90653],[-98.14511,18.90654],[-98.14513,18.90656],[-98.14515,18.9066],[-98.14516,18.90664],[-98.14522,18.90673],[-98.14525,18.90676],[-98.14525,18.90677],[-98.14527,18.90679],[-98.14529,18.90685],[-98.14531,18.90688],[-98.14531,18.90689],[-98.14532,18.90692],[-98.14534,18.90696],[-98.14534,18.90696],[-98.14534,18.90696],[-98.14536,18.90699],[-98.14537,18.90701],[-98.14538,18.90703],[-98.14539,18.90707],[-98.14541,18.9071],[-98.14541,18.90711],[-98.14542,18.90712],[-98.14544,18.90714],[-98.14546,18.90716],[-98.14549,18.9072],[-98.1455,18.90724],[-98.14551,18.90726],[-98.14553,18.9073],[-98.14555,18.90734],[-98.14558,18.90744],[-98.14559,18.90746],[-98.1456,18.90747],[-98.1456,18.90751],[-98.1456,18.90753],[-98.1456,18.90754],[-98.14558,18.90758],[-98.14557,18.90759],[-98.14557,18.90761],[-98.14557,18.90764],[-98.14558,18.90765],[-98.14559,18.9077],[-98.1456,18.90772],[-98.14563,18.90773],[-98.14564,18.90773],[-98.14568,18.90774],[-98.14568,18.90775],[-98.1457,18.90777],[-98.14569,18.9078],[-98.14569,18.90782],[-98.14568,18.90784],[-98.14569,18.90788],[-98.14569,18.90788],[-98.14569,18.90788],[-98.14571,18.90791],[-98.14572,18.90791],[-98.14572,18.90791],[-98.14575,18.90792],[-98.14577,18.90791],[-98.14578,18.9079],[-98.14579,18.9079],[-98.1458,18.90789],[-98.14582,18.9079],[-98.14583,18.9079],[-98.14584,18.90791],[-98.14585,18.90791],[-98.14588,18.90794],[-98.1459,18.90797],[-98.14591,18.908],[-98.14596,18.90805],[-98.14605,18.9081],[-98.14611,18.90815],[-98.14611,18.90815],[-98.14611,18.90815],[-98.14619,18.9082],[-98.14622,18.90823],[-98.14623,18.90824],[-98.14623,18.90825],[-98.14624,18.90826],[-98.14628,18.90828],[-98.14632,18.9083],[-98.14633,18.90831],[-98.14638,18.90833],[-98.14642,18.90836],[-98.14643,18.90836],[-98.14648,18.90841],[-98.14652,18.90847],[-98.14653,18.90848],[-98.14654,18.90849],[-98.14662,18.90857],[-98.14665,18.90861],[-98.14668,18.90864],[-98.14668,18.90864],[-98.14671,18.90868],[-98.14672,18.90869],[-98.14673,18.9087],[-98.14674,18.90871],[-98.14676,18.90874],[-98.14676,18.90876],[-98.14677,18.90877],[-98.14678,18.90881],[-98.14679,18.90881],[-98.14679,18.90881],[-98.14679,18.90882],[-98.14681,18.90883],[-98.14682,18.90884],[-98.14683,18.90886],[-98.14683,18.9089],[-98.14687,18.90893],[-98.14688,18.90897],[-98.14688,18.909],[-98.14687,18.909],[-98.14687,18.90902],[-98.14686,18.90904],[-98.14685,18.90905],[-98.14684,18.90908],[-98.14682,18.90913],[-98.1468,18.90914],[-98.14679,18.90916],[-98.14676,18.90917],[-98.14675,18.90918],[-98.14673,18.9092],[-98.14673,18.9092],[-98.14672,18.90923],[-98.14669,18.90925],[-98.14667,18.90926],[-98.14664,18.90928],[-98.1466,18.90931],[-98.14658,18.90934],[-98.14657,18.90935],[-98.14654,18.90935],[-98.14653,18.90936],[-98.1465,18.90935],[-98.14646,18.90934],[-98.14645,18.90934],[-98.14644,18.90933],[-98.14644,18.90933],[-98.14642,18.90933],[-98.14636,18.90933],[-98.14634,18.90933],[-98.14631,18.90931],[-98.14631,18.9093],[-98.14629,18.9093],[-98.14628,18.9093],[-98.14621,18.9093],[-98.14613,18.90927],[-98.14613,18.90927],[-98.14608,18.90926],[-98.14604,18.90923],[-98.14602,18.90922],[-98.14601,18.90922],[-98.14597,18.90921],[-98.14591,18.90919],[-98.14587,18.90918],[-98.14585,18.90918],[-98.14584,18.90918],[-98.14578,18.90921],[-98.14577,18.90923],[-98.14576,18.90924],[-98.14573,18.90932],[-98.14571,18.90933],[-98.1457,18.90934],[-98.14565,18.90937],[-98.14561,18.90938],[-98.1456,18.90939],[-98.1456,18.90939],[-98.14555,18.90942],[-98.14551,18.90944],[-98.14549,18.90944],[-98.14541,18.90945],[-98.14541,18.90945],[-98.14536,18.90942],[-98.14534,18.90942],[-98.14533,18.90942],[-98.1453,18.9094],[-98.14528,18.90937],[-98.14522,18.90932],[-98.1452,18.9093],[-98.14516,18.90924],[-98.14513,18.90923],[-98.14511,18.90922],[-98.14505,18.9092],[-98.145,18.9092],[-98.14498,18.9092],[-98.14493,18.90921],[-98.14489,18.90923],[-98.14485,18.90923],[-98.14478,18.90921],[-98.14477,18.9092],[-98.14472,18.90918],[-98.14467,18.90916],[-98.14464,18.90915],[-98.1446,18.90913],[-98.1446,18.90913],[-98.14457,18.90911],[-98.14452,18.90909],[-98.14451,18.90909],[-98.14451,18.90908],[-98.14444,18.90905],[-98.1444,18.90904],[-98.14439,18.90904],[-98.14436,18.90904],[-98.14433,18.90903],[-98.14431,18.90903],[-98.14427,18.90903],[-98.14424,18.90904],[-98.14422,18.90904],[-98.14417,18.90905],[-98.14414,18.90905],[-98.14413,18.90906],[-98.1441,18.90907],[-98.14409,18.90908],[-98.14408,18.90909],[-98.14405,18.90909],[-98.14402,18.9091],[-98.14402,18.9091],[-98.14402,18.9091],[-98.14402,18.90911],[-98.14402,18.90912],[-98.14403,18.90914],[-98.14403,18.90914],[-98.14403,18.90915],[-98.14404,18.90916],[-98.14404,18.90918],[-98.14404,18.90918],[-98.14404,18.9092],[-98.14404,18.9092],[-98.14402,18.90922],[-98.14401,18.90923],[-98.144,18.90923],[-98.14399,18.90923],[-98.14398,18.90923],[-98.14397,18.90922],[-98.14397,18.90922],[-98.14396,18.9092],[-98.14396,18.9092],[-98.14395,18.90917],[-98.14395,18.90915],[-98.14395,18.90914],[-98.14395,18.90914],[-98.14395,18.90912],[-98.14393,18.90909],[-98.14389,18.90907],[-98.14389,18.90907],[-98.14389,18.90908],[-98.14389,18.90908],[-98.1439,18.90912],[-98.1439,18.90912],[-98.14391,18.90915],[-98.14392,18.90918],[-98.1439,18.90921],[-98.1439,18.90925],[-98.1439,18.90925],[-98.1439,18.90925],[-98.1439,18.90928],[-98.14391,18.90933],[-98.14392,18.90935],[-98.14392,18.90936],[-98.14392,18.90938],[-98.14392,18.9094],[-98.14392,18.90942],[-98.14392,18.90947],[-98.14393,18.90951],[-98.14393,18.90956],[-98.14393,18.90957],[-98.14396,18.90966],[-98.14399,18.90972],[-98.144,18.90977],[-98.14401,18.90977],[-98.14404,18.90982],[-98.14405,18.90987],[-98.14407,18.90991],[-98.14408,18.90994],[-98.1441,18.91001],[-98.14408,18.91006],[-98.14403,18.91009],[-98.14402,18.91011],[-98.14401,18.91011],[-98.14394,18.91016],[-98.14384,18.91022],[-98.14382,18.91024],[-98.14376,18.91028],[-98.14376,18.91028],[-98.14371,18.91029],[-98.14366,18.91028],[-98.14359,18.91026],[-98.14349,18.91028],[-98.14343,18.9103],[-98.14341,18.9103],[-98.14341,18.9103],[-98.14332,18.91028],[-98.14326,18.91027],[-98.14325,18.91027],[-98.14321,18.91026],[-98.14316,18.91024],[-98.14311,18.91021],[-98.14308,18.91019],[-98.14306,18.91017],[-98.14304,18.91012],[-98.14303,18.91011],[-98.14301,18.9101],[-98.143,18.91009],[-98.14295,18.91007],[-98.14291,18.91008],[-98.14289,18.91008],[-98.14289,18.91008],[-98.14289,18.91008],[-98.14285,18.91013],[-98.14284,18.91014],[-98.14283,18.91016],[-98.14279,18.91019],[-98.14271,18.91018],[-98.14268,18.91016],[-98.14267,18.91014],[-98.14266,18.91013],[-98.14263,18.91012],[-98.14258,18.91009],[-98.14251,18.91003],[-98.1425,18.91001],[-98.14246,18.90995],[-98.14243,18.9099],[-98.14242,18.90988],[-98.1424,18.90986],[-98.14234,18.90977],[-98.14228,18.90969],[-98.14228,18.90969],[-98.14228,18.90969],[-98.14228,18.90969],[-98.14225,18.90967],[-98.14222,18.90963],[-98.14221,18.90961],[-98.14219,18.90957],[-98.14216,18.90955],[-98.14213,18.90952],[-98.1421,18.90949],[-98.14209,18.90948],[-98.14207,18.90947],[-98.14205,18.90947],[-98.14203,18.90947],[-98.14202,18.90948],[-98.142,18.90947],[-98.14199,18.90947],[-98.14197,18.90945],[-98.14197,18.90944],[-98.14196,18.90941],[-98.14193,18.90939],[-98.14193,18.90938],[-98.14192,18.90937],[-98.14191,18.90936],[-98.14189,18.90935],[-98.14189,18.90935],[-98.14188,18.90936],[-98.14187,18.90937],[-98.14187,18.90937],[-98.14188,18.90938],[-98.14188,18.90939],[-98.14189,18.9094],[-98.1419,18.90941],[-98.14191,18.90943],[-98.14191,18.90943],[-98.14191,18.90943],[-98.14191,18.90946],[-98.1419,18.9095],[-98.1419,18.90951],[-98.14192,18.90955],[-98.14194,18.90958],[-98.14194,18.90958],[-98.14196,18.90959],[-98.14197,18.90959],[-98.14197,18.90959],[-98.142,18.90961],[-98.14202,18.90962],[-98.14202,18.90962],[-98.14203,18.90962],[-98.14203,18.90964],[-98.14203,18.90965],[-98.14203,18.90966],[-98.14202,18.90968],[-98.14202,18.90971],[-98.14202,18.90973],[-98.14202,18.90973],[-98.14202,18.90974],[-98.14201,18.90976],[-98.142,18.90979],[-98.142,18.9098],[-98.142,18.9098],[-98.142,18.90983],[-98.14202,18.90985],[-98.14202,18.90991],[-98.14202,18.90993],[-98.14203,18.90995],[-98.14204,18.90997],[-98.14206,18.90999],[-98.14208,18.91003],[-98.14209,18.91006],[-98.14211,18.9101],[-98.14211,18.9101],[-98.14211,18.91014],[-98.1421,18.91016],[-98.14211,18.91022],[-98.14209,18.91024],[-98.14206,18.91027],[-98.14206,18.91029],[-98.14206,18.91031],[-98.14205,18.91033],[-98.14205,18.91035],[-98.14204,18.91038],[-98.14203,18.91039],[-98.14202,18.91041],[-98.142,18.91044],[-98.14197,18.91048],[-98.14195,18.91051],[-98.14191,18.91054],[-98.1419,18.91055],[-98.1419,18.91056],[-98.14187,18.91058],[-98.14185,18.91059],[-98.14184,18.91058],[-98.14182,18.91057],[-98.14182,18.91057],[-98.14179,18.91056],[-98.14174,18.91057],[-98.1417,18.91057],[-98.14168,18.91057],[-98.14168,18.91057],[-98.14167,18.91057],[-98.14166,18.91058],[-98.14164,18.91059],[-98.14163,18.91061],[-98.14163,18.91062],[-98.14162,18.91065],[-98.14158,18.91066],[-98.14158,18.91066],[-98.14153,18.91066],[-98.14152,18.91068],[-98.14153,18.91072],[-98.14154,18.91076],[-98.14153,18.91079],[-98.14153,18.9108],[-98.14154,18.91081],[-98.14156,18.91082],[-98.14157,18.91083],[-98.14159,18.91085],[-98.14159,18.91086],[-98.14161,18.91088],[-98.14162,18.91089],[-98.14162,18.91089],[-98.14162,18.91091],[-98.14162,18.91091],[-98.1416,18.91093],[-98.1416,18.91093],[-98.14159,18.91095],[-98.14157,18.91099],[-98.14155,18.91103],[-98.14152,18.91106],[-98.1415,18.91108],[-98.14149,18.91109],[-98.14146,18.9111],[-98.14146,18.91111],[-98.14143,18.91111],[-98.14139,18.91111],[-98.14136,18.91112],[-98.14135,18.91112],[-98.14133,18.91112],[-98.14131,18.91112],[-98.14125,18.91113],[-98.14122,18.91113],[-98.14117,18.91112],[-98.14114,18.9111],[-98.14113,18.91109],[-98.14112,18.91106],[-98.1411,18.91103],[-98.1411,18.91102],[-98.1411,18.91099],[-98.1411,18.91098],[-98.1411,18.91097],[-98.14109,18.91096],[-98.14109,18.91094],[-98.14109,18.91093],[-98.14108,18.91092],[-98.14106,18.9109],[-98.14106,18.9109],[-98.14106,18.9109],[-98.14102,18.91089],[-98.141,18.91086],[-98.14097,18.91084],[-98.14096,18.91083],[-98.14096,18.91083],[-98.14093,18.91083],[-98.14092,18.91085],[-98.14092,18.91086],[-98.14092,18.91089],[-98.14092,18.91092],[-98.1409,18.91093],[-98.14088,18.91094],[-98.14087,18.91094],[-98.14084,18.91095],[-98.14083,18.91095],[-98.14082,18.91096],[-98.1408,18.91096],[-98.14077,18.91096],[-98.14072,18.91095],[-98.14072,18.91095],[-98.1407,18.91093],[-98.14069,18.91092],[-98.14067,18.9109],[-98.14066,18.91089],[-98.14064,18.91087],[-98.14063,18.91086],[-98.14062,18.91085],[-98.1406,18.91082],[-98.14057,18.9108],[-98.14055,18.91078],[-98.14052,18.91076],[-98.1405,18.91075],[-98.14047,18.9107],[-98.14045,18.91066],[-98.14045,18.91066],[-98.14045,18.91066],[-98.14044,18.91062],[-98.14043,18.91061],[-98.14042,18.91059],[-98.14041,18.91059],[-98.1404,18.91058],[-98.14038,18.91056],[-98.14038,18.91056],[-98.14038,18.91056],[-98.14037,18.91054],[-98.14035,18.91052],[-98.14035,18.91052],[-98.14035,18.9105],[-98.14034,18.91048],[-98.14033,18.91047],[-98.14033,18.91047],[-98.14032,18.91047],[-98.1403,18.91047],[-98.1403,18.91049],[-98.1403,18.9105],[-98.1403,18.9105],[-98.14031,18.91052],[-98.14032,18.91052],[-98.14032,18.91053],[-98.14032,18.91055],[-98.14032,18.91055],[-98.14032,18.91057],[-98.1403,18.91058],[-98.1403,18.91058],[-98.14029,18.91057],[-98.14028,18.91057],[-98.14027,18.91057],[-98.14027,18.91057],[-98.14027,18.91057],[-98.14026,18.91058],[-98.14026,18.91058],[-98.14026,18.91058],[-98.14025,18.91059],[-98.14025,18.91061],[-98.14027,18.91063],[-98.14027,18.91064],[-98.14028,18.91065],[-98.14028,18.91066],[-98.14027,18.91068],[-98.14027,18.91068],[-98.14027,18.9107],[-98.14027,18.91071],[-98.14027,18.91072],[-98.14026,18.91073],[-98.14026,18.91073],[-98.14028,18.91075],[-98.14028,18.91078],[-98.14028,18.91078],[-98.14027,18.9108],[-98.14027,18.9108],[-98.14026,18.91081],[-98.14024,18.91082],[-98.14023,18.91083],[-98.14023,18.91083],[-98.14023,18.91085],[-98.14021,18.91087],[-98.1402,18.9109],[-98.14019,18.91093],[-98.14018,18.91095],[-98.14017,18.91098],[-98.14016,18.91099],[-98.14013,18.91102],[-98.14012,18.91104],[-98.14011,18.91105],[-98.14007,18.91106],[-98.14003,18.91107],[-98.14001,18.91107],[-98.13999,18.91107],[-98.13998,18.91107],[-98.13997,18.91107],[-98.13996,18.91107],[-98.13995,18.91107],[-98.13994,18.91107],[-98.13992,18.91108],[-98.13988,18.91108],[-98.13988,18.91108],[-98.13987,18.91108],[-98.13985,18.91107],[-98.13981,18.91106],[-98.13979,18.91106],[-98.13979,18.91106],[-98.13979,18.91106],[-98.13977,18.91108],[-98.13977,18.91108],[-98.13975,18.9111],[-98.13975,18.91113],[-98.13975,18.91116],[-98.13975,18.91117],[-98.13974,18.9112],[-98.13975,18.91122],[-98.13974,18.91123],[-98.13974,18.91125],[-98.13974,18.91126],[-98.13975,18.91128],[-98.13973,18.91131],[-98.13972,18.91131],[-98.13969,18.91133],[-98.13967,18.91133],[-98.13965,18.91134],[-98.13962,18.91138],[-98.1396,18.9114],[-98.13959,18.9114],[-98.13956,18.91139],[-98.13954,18.91137],[-98.13951,18.91136],[-98.13946,18.91135],[-98.13944,18.91135],[-98.13943,18.91135],[-98.13942,18.91135],[-98.1394,18.91136],[-98.1394,18.91136],[-98.13939,18.91136],[-98.13934,18.91138],[-98.13929,18.91139],[-98.13926,18.91139],[-98.13922,18.91139],[-98.13918,18.91139],[-98.13913,18.91139],[-98.1391,18.91138],[-98.13909,18.91137],[-98.13908,18.91137],[-98.13907,18.91136],[-98.13907,18.91136],[-98.13906,18.91135],[-98.13902,18.91136],[-98.13902,18.91136],[-98.13898,18.91137],[-98.13898,18.91137],[-98.13894,18.91137],[-98.13892,18.91137],[-98.13891,18.91137],[-98.1389,18.91136],[-98.13889,18.91135],[-98.13886,18.91133],[-98.13884,18.91131],[-98.13882,18.9113],[-98.1388,18.91129],[-98.13878,18.91128],[-98.13878,18.91127],[-98.13876,18.91126],[-98.13874,18.91125],[-98.13873,18.91125],[-98.13873,18.91125],[-98.13872,18.91125],[-98.13871,18.91126],[-98.13869,18.91127],[-98.13866,18.91126],[-98.13866,18.91126],[-98.13863,18.91123],[-98.13863,18.91123],[-98.13861,18.91124],[-98.13861,18.91124],[-98.13859,18.91126],[-98.13859,18.91126],[-98.13856,18.91128],[-98.13856,18.91128],[-98.13853,18.91128],[-98.13851,18.91128],[-98.1385,18.91128],[-98.13848,18.91129],[-98.13847,18.91129],[-98.13847,18.91129],[-98.13845,18.9113],[-98.13844,18.91131],[-98.13841,18.91131],[-98.13841,18.91131],[-98.13841,18.91131],[-98.13842,18.91133],[-98.13842,18.91135],[-98.13842,18.91137],[-98.13843,18.91138],[-98.13844,18.9114],[-98.13845,18.9114],[-98.13847,18.91141],[-98.13847,18.91141],[-98.13847,18.91141],[-98.13847,18.91141],[-98.13851,18.91142],[-98.13852,18.91142],[-98.13852,18.91142],[-98.13854,18.91143],[-98.13854,18.91144],[-98.13854,18.91144],[-98.13856,18.91143],[-98.13859,18.91144],[-98.13859,18.91144],[-98.13859,18.91144],[-98.13861,18.91144],[-98.13864,18.91149],[-98.13864,18.91149],[-98.13866,18.91152],[-98.13866,18.91152],[-98.13867,18.91153],[-98.13869,18.91154],[-98.13871,18.91156],[-98.13871,18.91156],[-98.13873,18.91157],[-98.13874,18.91158],[-98.13875,18.91159],[-98.13876,18.9116],[-98.13877,18.9116],[-98.13877,18.9116],[-98.13879,18.91162],[-98.1388,18.91163],[-98.13882,18.91163],[-98.13883,18.91164],[-98.13883,18.91164],[-98.13883,18.91166],[-98.13885,18.91168],[-98.13887,18.91169],[-98.13889,18.9117],[-98.13889,18.9117],[-98.13892,18.91172],[-98.13894,18.91173],[-98.13896,18.91175],[-98.13899,18.91177],[-98.13901,18.91177],[-98.13904,18.91178],[-98.13907,18.9118],[-98.13909,18.9118],[-98.13909,18.9118],[-98.13909,18.9118],[-98.13913,18.9118],[-98.13916,18.91182],[-98.13918,18.91183],[-98.13919,18.91184],[-98.13921,18.91185],[-98.13925,18.91187],[-98.13927,18.91188],[-98.13928,18.91189],[-98.13928,18.9119],[-98.1393,18.91192],[-98.1393,18.91194],[-98.1393,18.91195],[-98.13929,18.912],[-98.13929,18.91201],[-98.13929,18.91205],[-98.13927,18.91209],[-98.13927,18.91211],[-98.13926,18.91217],[-98.13925,18.9122],[-98.13923,18.91223],[-98.13925,18.91225],[-98.13926,18.91227],[-98.13925,18.91229],[-98.13925,18.9123],[-98.13926,18.91235],[-98.13925,18.91239],[-98.13925,18.91243],[-98.13924,18.91244],[-98.13922,18.91251],[-98.13921,18.91253],[-98.13919,18.91257],[-98.13915,18.9126],[-98.13911,18.91261],[-98.13903,18.91262],[-98.13894,18.91262],[-98.13889,18.91262],[-98.13885,18.9126],[-98.13883,18.91259],[-98.13879,18.91257],[-98.13877,18.91257],[-98.13875,18.91256],[-98.13872,18.91255],[-98.13859,18.91249],[-98.13855,18.91247],[-98.13843,18.91241],[-98.13842,18.91241],[-98.13836,18.91238],[-98.13833,18.91236],[-98.13833,18.91236],[-98.13833,18.91236],[-98.1383,18.91235],[-98.1383,18.91235],[-98.13828,18.91233],[-98.13826,18.91233],[-98.13826,18.91233],[-98.13823,18.91235],[-98.13823,18.91239],[-98.13823,18.91245],[-98.13821,18.91254],[-98.13818,18.91259],[-98.13817,18.91261],[-98.13814,18.91263],[-98.13809,18.91265],[-98.13804,18.91266],[-98.13799,18.91267],[-98.13795,18.91267],[-98.13788,18.91267],[-98.13785,18.91267],[-98.13782,18.91268],[-98.13775,18.91269],[-98.13766,18.91272],[-98.13761,18.91275],[-98.13757,18.91277],[-98.13753,18.91279],[-98.1375,18.91281],[-98.13742,18.91282],[-98.1374,18.91283],[-98.13737,18.91284],[-98.13726,18.91283],[-98.13719,18.91281],[-98.13717,18.91281],[-98.13711,18.9128],[-98.13707,18.91281],[-98.13703,18.91283],[-98.13701,18.91283],[-98.137,18.91387],[-98.13663,18.9156],[-98.13671,18.91694],[-98.13706,18.91845],[-98.13768,18.91969],[-98.13861,18.92096],[-98.1396,18.92259],[-98.14019,18.92428],[-98.14041,18.92457],[-98.14073,18.92477],[-98.14093,18.92481],[-98.14123,18.92479],[-98.14152,18.9247],[-98.14172,18.92456],[-98.14198,18.92446],[-98.14252,18.92456],[-98.14305,18.92472],[-98.14305,18.92472],[-98.14356,18.92487],[-98.14399,18.92508],[-98.14421,18.92545],[-98.14435,18.92574],[-98.14435,18.92574],[-98.1444,18.9259],[-98.1444,18.92638],[-98.14444,18.92665],[-98.14454,18.9269],[-98.14467,18.92713],[-98.14473,18.92735],[-98.14467,18.92779],[-98.14451,18.92823],[-98.14429,18.92864],[-98.14402,18.92907],[-98.1438,18.92986],[-98.14362,18.93039],[-98.14332,18.93099],[-98.14317,18.93139],[-98.14309,18.93178],[-98.14306,18.93215],[-98.14313,18.93255],[-98.14328,18.93291],[-98.14351,18.93327],[-98.14357,18.93352],[-98.14355,18.93373],[-98.14345,18.93422],[-98.14348,18.93444],[-98.14351,18.93453],[-98.14355,18.93457],[-98.1436,18.93461],[-98.14363,18.93463],[-98.14368,18.9347],[-98.14369,18.93476],[-98.14372,18.93494],[-98.14378,18.93506],[-98.14393,18.93522],[-98.144,18.93528],[-98.14408,18.93533],[-98.14419,18.93535],[-98.14427,18.93536],[-98.14443,18.93541],[-98.14453,18.93546],[-98.14467,18.93563],[-98.14476,18.93575],[-98.14484,18.93582],[-98.14485,18.93587],[-98.14483,18.93596],[-98.14479,18.93608],[-98.14479,18.93623],[-98.14491,18.93652],[-98.1451,18.93695],[-98.1452,18.93729],[-98.14533,18.93748],[-98.14555,18.93759],[-98.14587,18.9379],[-98.146,18.93813],[-98.14606,18.93849],[-98.1461,18.9386],[-98.14612,18.93865],[-98.14615,18.93868],[-98.14619,18.93869],[-98.14628,18.9387],[-98.14639,18.93866],[-98.14648,18.93863],[-98.14661,18.93864],[-98.14671,18.93866],[-98.14682,18.93874],[-98.1469,18.93889],[-98.14693,18.93898],[-98.14702,18.93905],[-98.14713,18.93912],[-98.14718,18.9392],[-98.14725,18.93932],[-98.14725,18.93943],[-98.14723,18.9395],[-98.14722,18.93956],[-98.14725,18.93963],[-98.14728,18.93968],[-98.14733,18.93974],[-98.1474,18.93984],[-98.14746,18.94003],[-98.14748,18.94011],[-98.14747,18.94021],[-98.14744,18.94036],[-98.14735,18.94049],[-98.14724,18.94062],[-98.14714,18.9409],[-98.14705,18.9411],[-98.14699,18.9412],[-98.14698,18.94129],[-98.14702,18.94145],[-98.14708,18.94153],[-98.14716,18.94158],[-98.14726,18.94161],[-98.14747,18.94168],[-98.14767,18.94182],[-98.14781,18.94202],[-98.14795,18.94222],[-98.14804,18.94241],[-98.1482,18.94261],[-98.14842,18.94283],[-98.14859,18.94299],[-98.14878,18.94307],[-98.1489,18.9431],[-98.14914,18.94325],[-98.14924,18.94332],[-98.14929,18.94336],[-98.14933,18.94344],[-98.14932,18.94356],[-98.14928,18.94369],[-98.14928,18.94382],[-98.14929,18.94391],[-98.14933,18.94401],[-98.14951,18.94416],[-98.1498,18.94463],[-98.15014,18.94509],[-98.15026,18.94523],[-98.1503,18.94531],[-98.15033,18.94549],[-98.15032,18.94567],[-98.15037,18.94579],[-98.15042,18.94586],[-98.1505,18.94592],[-98.15056,18.94595],[-98.15063,18.946],[-98.1507,18.94609],[-98.1508,18.94616],[-98.15083,18.94622],[-98.15082,18.9463],[-98.15071,18.94641],[-98.1505,18.94664],[-98.15045,18.94678],[-98.15046,18.94685],[-98.15063,18.947],[-98.15062,18.94718],[-98.15058,18.94732],[-98.15067,18.94752],[-98.15082,18.94773],[-98.15085,18.94804],[-98.15075,18.94846],[-98.15066,18.9488],[-98.15064,18.94898],[-98.15075,18.94948],[-98.15096,18.95012],[-98.15111,18.95062],[-98.15122,18.95076],[-98.15147,18.95097],[-98.15161,18.95114],[-98.15174,18.95151],[-98.15186,18.95215],[-98.15184,18.95242],[-98.15173,18.9526],[-98.15148,18.9528],[-98.15135,18.95293],[-98.15135,18.95293],[-98.15135,18.95293],[-98.15176,18.95323],[-98.15207,18.95338],[-98.15235,18.95343],[-98.15269,18.9534],[-98.15302,18.95324],[-98.1537,18.95282],[-98.15589,18.95129],[-98.15621,18.95113],[-98.15653,18.95106],[-98.15679,18.95108],[-98.15706,18.95115],[-98.15783,18.95167],[-98.15837,18.95203],[-98.15858,18.95213],[-98.15881,18.95212],[-98.15901,18.95205],[-98.15921,18.95192],[-98.15941,18.95171],[-98.1596,18.95128],[-98.16032,18.94972],[-98.16102,18.94824],[-98.16161,18.94925],[-98.16214,18.94942],[-98.16262,18.94934],[-98.16307,18.94923],[-98.16372,18.94902],[-98.16392,18.94893],[-98.1641,18.94875],[-98.16429,18.94845],[-98.16437,18.94809],[-98.16456,18.94774],[-98.16464,18.94744],[-98.16467,18.94708],[-98.16494,18.9467],[-98.16536,18.94635],[-98.16542,18.94621],[-98.16563,18.9454],[-98.16578,18.94446],[-98.16606,18.94371],[-98.16622,18.94324],[-98.16666,18.94296],[-98.1672,18.94238],[-98.16876,18.94068],[-98.16972,18.9396],[-98.1711,18.93879],[-98.1729,18.93831],[-98.17529,18.93829],[-98.17529,18.93685],[-98.17542,18.9355],[-98.17633,18.93224],[-98.17772,18.92916],[-98.1789,18.92665],[-98.17997,18.92452],[-98.18059,18.92354],[-98.18362,18.91942],[-98.18609,18.9177],[-98.18845,18.91719],[-98.19041,18.91743],[-98.19277,18.9191],[-98.19359,18.9206],[-98.1941,18.92188],[-98.19517,18.92365],[-98.19614,18.92445],[-98.19738,18.92558],[-98.19908,18.92638],[-98.20021,18.92681],[-98.2014,18.92761],[-98.2023,18.92889],[-98.20343,18.9298],[-98.20434,18.93055],[-98.20598,18.93109],[-98.20734,18.93109],[-98.20858,18.93102],[-98.20928,18.93057],[-98.20978,18.93011],[-98.21012,18.9297],[-98.21077,18.92924],[-98.21135,18.92909],[-98.21188,18.92911],[-98.21232,18.92927],[-98.21263,18.92955],[-98.21292,18.92998],[-98.21307,18.93038],[-98.21315,18.93083],[-98.21346,18.93145],[-98.21421,18.9321],[-98.21498,18.93248],[-98.21584,18.93277],[-98.21663,18.93289],[-98.21699,18.93292],[-98.21758,18.93336],[-98.21867,18.93413],[-98.2196,18.93443],[-98.22003,18.93446],[-98.22053,18.93461],[-98.22066,18.93506],[-98.22076,18.93553],[-98.22107,18.93581],[-98.22174,18.93597],[-98.22246,18.93592],[-98.22326,18.93579],[-98.22344,18.93569],[-98.22367,18.93537],[-98.22373,18.93476],[-98.22382,18.93437],[-98.22413,18.93403],[-98.22439,18.9339],[-98.22495,18.93364],[-98.22544,18.93332],[-98.22545,18.93328],[-98.22546,18.93332],[-98.22619,18.93311],[-98.22677,18.93317],[-98.22781,18.93351],[-98.22857,18.93359],[-98.22925,18.93355],[-98.22988,18.93336],[-98.23031,18.93316],[-98.23057,18.93291],[-98.23092,18.93265],[-98.23128,18.93267],[-98.23165,18.93283],[-98.23191,18.933],[-98.23269,18.93357],[-98.2337,18.93452],[-98.23414,18.93481],[-98.23458,18.93509],[-98.23484,18.93545],[-98.23501,18.93582],[-98.23538,18.93586],[-98.23583,18.9357],[-98.23646,18.93518]]]}},{"type":"Feature","properties":{"cp":72963,"nombre":"CP 72963"},"geometry":{"type":"Polygon","coordinates":[[[-98.20434,18.93055],[-98.20343,18.9298],[-98.2023,18.92889],[-98.2014,18.92761],[-98.20021,18.92681],[-98.19908,18.92638],[-98.19738,18.92558],[-98.19614,18.92445],[-98.19517,18.92365],[-98.1941,18.92188],[-98.19359,18.9206],[-98.19277,18.9191],[-98.19041,18.91743],[-98.18845,18.91719],[-98.18609,18.9177],[-98.18362,18.91942],[-98.18059,18.92354],[-98.17997,18.92452],[-98.1789,18.92665],[-98.17772,18.92916],[-98.17633,18.93224],[-98.17542,18.9355],[-98.17529,18.93685],[-98.17529,18.93829],[-98.176,18.93832],[-98.17781,18.93849],[-98.17857,18.93889],[-98.17897,18.93956],[-98.179,18.94102],[-98.17887,18.94167],[-98.17865,18.94214],[-98.17833,18.94317],[-98.17824,18.94371],[-98.1782,18.94414],[-98.17824,18.94455],[-98.17853,18.94513],[-98.17879,18.9454],[-98.1791,18.94554],[-98.17946,18.94558],[-98.17968,18.94567],[-98.17983,18.94583],[-98.17997,18.94607],[-98.18019,18.9464],[-98.18068,18.94661],[-98.18115,18.94708],[-98.18169,18.9476],[-98.18178,18.94776],[-98.18177,18.94799],[-98.18172,18.94831],[-98.18158,18.94878],[-98.18148,18.94926],[-98.18149,18.94952],[-98.18172,18.94997],[-98.18214,18.95032],[-98.18273,18.9505],[-98.1832,18.95049],[-98.1841,18.95044],[-98.18554,18.95063],[-98.18612,18.95078],[-98.18655,18.95096],[-98.18675,18.95104],[-98.18683,18.95114],[-98.1869,18.95126],[-98.18693,18.95142],[-98.18725,18.95167],[-98.18783,18.95212],[-98.18797,18.95235],[-98.18895,18.95238],[-98.18943,18.95214],[-98.19023,18.95206],[-98.19071,18.95117],[-98.1913,18.94859],[-98.19193,18.94724],[-98.19259,18.94649],[-98.19398,18.94618],[-98.19612,18.94675],[-98.1966,18.94704],[-98.19691,18.94721],[-98.19728,18.94732],[-98.19761,18.94728],[-98.19786,18.94702],[-98.19811,18.94666],[-98.19847,18.94652],[-98.1987,18.94649],[-98.19891,18.94649],[-98.19914,18.9466],[-98.19927,18.94683],[-98.19935,18.94737],[-98.1996,18.9477],[-98.19994,18.94804],[-98.20028,18.94825],[-98.20077,18.9484],[-98.20085,18.94738],[-98.20103,18.94592],[-98.20125,18.94401],[-98.20106,18.94233],[-98.20093,18.94082],[-98.20087,18.93899],[-98.20109,18.93723],[-98.20188,18.93497],[-98.20295,18.93291],[-98.20434,18.93055]]]}},{"type":"Feature","properties":{"cp":72250,"nombre":"CP 72250"},"geometry":{"type":"Polygon","coordinates":[[[-98.16693,19.05765],[-98.16508,19.05625],[-98.16446,19.05685],[-98.16176,19.05557],[-98.15935,19.05427],[-98.15918,19.05449],[-98.1617,19.05584],[-98.16667,19.05821],[-98.16689,19.0583],[-98.16693,19.05765]]]}},{"type":"Feature","properties":{"cp":72260,"nombre":"CP 72260"},"geometry":{"type":"Polygon","coordinates":[[[-98.19226,19.06073],[-98.19276,19.05757],[-98.19285,19.05691],[-98.19296,19.05612],[-98.19303,19.05559],[-98.19305,19.0555],[-98.19306,19.05541],[-98.19307,19.05532],[-98.19308,19.05522],[-98.19308,19.05513],[-98.19308,19.05503],[-98.19308,19.05494],[-98.19307,19.05485],[-98.19305,19.05475],[-98.19304,19.05466],[-98.19301,19.05457],[-98.19299,19.05448],[-98.19296,19.05439],[-98.19293,19.0543],[-98.19289,19.05421],[-98.19285,19.05413],[-98.19281,19.05404],[-98.19276,19.05396],[-98.19175,19.05284],[-98.19175,19.05284],[-98.19094,19.05368],[-98.19052,19.05414],[-98.19031,19.05453],[-98.18997,19.05538],[-98.1881,19.05438],[-98.18764,19.05452],[-98.18737,19.05442],[-98.1872,19.05436],[-98.18704,19.05435],[-98.18691,19.05416],[-98.18678,19.054],[-98.18661,19.05388],[-98.18647,19.05381],[-98.18626,19.05378],[-98.18614,19.05377],[-98.18599,19.05382],[-98.18592,19.05392],[-98.18579,19.05404],[-98.18574,19.05416],[-98.18541,19.05389],[-98.18514,19.05338],[-98.18501,19.05341],[-98.18473,19.05342],[-98.18458,19.05336],[-98.1843,19.05302],[-98.18413,19.0528],[-98.18412,19.05245],[-98.18424,19.05221],[-98.18434,19.05206],[-98.18443,19.05197],[-98.18422,19.05181],[-98.18381,19.05145],[-98.18356,19.05141],[-98.18342,19.05153],[-98.18296,19.05178],[-98.18256,19.05224],[-98.18206,19.05228],[-98.18195,19.05214],[-98.18156,19.05199],[-98.1813,19.05188],[-98.18096,19.05181],[-98.18023,19.05163],[-98.17976,19.05168],[-98.17976,19.05168],[-98.17939,19.05179],[-98.17884,19.052],[-98.17856,19.05205],[-98.17846,19.05212],[-98.17839,19.05221],[-98.17834,19.05236],[-98.17834,19.05258],[-98.17835,19.05273],[-98.17842,19.05289],[-98.17842,19.05311],[-98.17837,19.05343],[-98.17836,19.0541],[-98.17839,19.05468],[-98.17842,19.05493],[-98.1783,19.05513],[-98.1781,19.05533],[-98.178,19.05549],[-98.17797,19.05567],[-98.17794,19.05578],[-98.17768,19.05602],[-98.17756,19.05596],[-98.17615,19.05546],[-98.17586,19.05594],[-98.17564,19.05585],[-98.17547,19.05623],[-98.17524,19.05662],[-98.17507,19.05692],[-98.1749,19.05716],[-98.17475,19.05743],[-98.17462,19.05732],[-98.1744,19.05692],[-98.17416,19.05648],[-98.17405,19.0564],[-98.17387,19.05642],[-98.17351,19.05671],[-98.17311,19.05701],[-98.173,19.05719],[-98.17288,19.05717],[-98.17267,19.05686],[-98.1723,19.05633],[-98.17213,19.05616],[-98.17185,19.05581],[-98.17168,19.0561],[-98.17091,19.05678],[-98.17026,19.05732],[-98.16994,19.05758],[-98.17152,19.05957],[-98.17169,19.05982],[-98.17173,19.06004],[-98.17155,19.06117],[-98.16996,19.05993],[-98.16872,19.05902],[-98.16854,19.05925],[-98.16831,19.05913],[-98.16689,19.0583],[-98.1664,19.05871],[-98.16588,19.05915],[-98.16511,19.05968],[-98.16473,19.05933],[-98.16367,19.05896],[-98.16287,19.05872],[-98.16251,19.05847],[-98.16085,19.06027],[-98.15951,19.05938],[-98.15978,19.06203],[-98.15978,19.06203],[-98.15984,19.06204],[-98.16664,19.06277],[-98.16709,19.06282],[-98.17156,19.06347],[-98.17461,19.06387],[-98.17567,19.064],[-98.17696,19.06415],[-98.17669,19.06371],[-98.17581,19.06358],[-98.17447,19.06319],[-98.1757,19.06246],[-98.17672,19.06265],[-98.17782,19.06288],[-98.17895,19.0631],[-98.18078,19.06341],[-98.18103,19.06314],[-98.18103,19.06314],[-98.18127,19.06286],[-98.18246,19.06153],[-98.1827,19.06125],[-98.18312,19.06084],[-98.18324,19.06074],[-98.18334,19.06071],[-98.18343,19.0607],[-98.18353,19.06072],[-98.18362,19.06077],[-98.18379,19.06082],[-98.18389,19.06084],[-98.18399,19.06085],[-98.18408,19.06086],[-98.18418,19.06087],[-98.18428,19.06087],[-98.18438,19.06087],[-98.18495,19.06079],[-98.18505,19.06076],[-98.18514,19.06073],[-98.18523,19.06069],[-98.18532,19.06064],[-98.1854,19.06059],[-98.18548,19.06053],[-98.18555,19.06047],[-98.18629,19.06005],[-98.18612,19.06065],[-98.18527,19.06167],[-98.18581,19.0619],[-98.18544,19.06329],[-98.18544,19.06329],[-98.18635,19.06349],[-98.18595,19.06498],[-98.18701,19.06503],[-98.18773,19.06505],[-98.18954,19.0651],[-98.19031,19.06506],[-98.19071,19.06507],[-98.19086,19.0651],[-98.19098,19.06477],[-98.19122,19.06443],[-98.19133,19.06428],[-98.19159,19.06369],[-98.19196,19.06258],[-98.19224,19.06082],[-98.19226,19.06073]]]}},{"type":"Feature","properties":{"cp":72230,"nombre":"CP 72230"},"geometry":{"type":"Polygon","coordinates":[[[-98.19508,19.09025],[-98.19634,19.09002],[-98.19731,19.08979],[-98.19782,19.08962],[-98.19838,19.0894],[-98.19977,19.08627],[-98.1997,19.08604],[-98.20093,19.08627],[-98.20132,19.08635],[-98.2014,19.08596],[-98.20103,19.08572],[-98.20064,19.08548],[-98.20065,19.08539],[-98.20064,19.08401],[-98.20066,19.08293],[-98.20071,19.08135],[-98.20094,19.07393],[-98.19891,19.07387],[-98.19787,19.07387],[-98.19753,19.07382],[-98.19721,19.07372],[-98.197,19.07363],[-98.19682,19.07358],[-98.19588,19.06946],[-98.1941,19.07211],[-98.19162,19.07084],[-98.19139,19.07054],[-98.19134,19.07024],[-98.1914,19.07001],[-98.19209,19.06882],[-98.19163,19.06732],[-98.19147,19.06688],[-98.19089,19.06793],[-98.19049,19.06855],[-98.18969,19.06992],[-98.18854,19.06934],[-98.18766,19.06891],[-98.18589,19.06818],[-98.18566,19.06812],[-98.18548,19.06815],[-98.18549,19.06834],[-98.18556,19.0685],[-98.18561,19.06867],[-98.18565,19.06882],[-98.1856,19.06902],[-98.18554,19.06924],[-98.18551,19.06945],[-98.18548,19.06965],[-98.1855,19.07],[-98.1855,19.07023],[-98.18543,19.07046],[-98.18527,19.07071],[-98.18505,19.07097],[-98.18495,19.07115],[-98.18492,19.07132],[-98.18497,19.0715],[-98.18503,19.07167],[-98.18507,19.07194],[-98.18485,19.07245],[-98.18478,19.0727],[-98.18476,19.07286],[-98.18484,19.073],[-98.18493,19.07319],[-98.18504,19.07336],[-98.18537,19.07341],[-98.18509,19.07391],[-98.18485,19.07392],[-98.18457,19.07406],[-98.18435,19.07417],[-98.18412,19.07422],[-98.18375,19.07446],[-98.18349,19.07465],[-98.18321,19.07484],[-98.18295,19.07492],[-98.1827,19.07495],[-98.1825,19.07493],[-98.18237,19.075],[-98.18222,19.0751],[-98.18207,19.07515],[-98.18192,19.07517],[-98.18179,19.07523],[-98.18169,19.07534],[-98.18167,19.0756],[-98.18167,19.0756],[-98.18194,19.07572],[-98.18238,19.07595],[-98.18255,19.07604],[-98.18275,19.07614],[-98.1852,19.07745],[-98.18579,19.07644],[-98.18624,19.07669],[-98.18724,19.0772],[-98.18796,19.07759],[-98.18781,19.07793],[-98.18815,19.07812],[-98.18927,19.0787],[-98.18997,19.07906],[-98.19012,19.07918],[-98.19134,19.08021],[-98.19198,19.08062],[-98.1924,19.08104],[-98.19305,19.08151],[-98.19388,19.08213],[-98.1942,19.08229],[-98.19412,19.08252],[-98.18925,19.0817],[-98.18916,19.08251],[-98.18902,19.08285],[-98.1887,19.08333],[-98.18819,19.08417],[-98.19241,19.08485],[-98.19218,19.08609],[-98.19196,19.08733],[-98.1917,19.08843],[-98.19154,19.08927],[-98.19272,19.08963],[-98.19382,19.09006],[-98.19427,19.09042],[-98.19489,19.09029],[-98.19508,19.09025]]]}},{"type":"Feature","properties":{"cp":72240,"nombre":"CP 72240"},"geometry":{"type":"Polygon","coordinates":[[[-98.18544,19.06329],[-98.18527,19.06384],[-98.18521,19.06401],[-98.18504,19.064],[-98.18475,19.06411],[-98.18451,19.06421],[-98.18351,19.06435],[-98.18359,19.06415],[-98.18274,19.064],[-98.18274,19.06408],[-98.18196,19.06405],[-98.18198,19.0638],[-98.18128,19.06374],[-98.18125,19.06366],[-98.18103,19.06314],[-98.18103,19.06314],[-98.18078,19.06341],[-98.17985,19.06448],[-98.17696,19.06415],[-98.17567,19.064],[-98.17557,19.06479],[-98.17549,19.06532],[-98.17538,19.06574],[-98.17537,19.0658],[-98.17503,19.06586],[-98.17415,19.06604],[-98.17293,19.0663],[-98.17319,19.06678],[-98.17354,19.06743],[-98.17379,19.06792],[-98.17433,19.0677],[-98.17516,19.06729],[-98.17515,19.06735],[-98.17544,19.06756],[-98.17565,19.06757],[-98.17593,19.06755],[-98.17636,19.0676],[-98.17684,19.06773],[-98.17482,19.07],[-98.175,19.07033],[-98.17516,19.07067],[-98.17537,19.07101],[-98.17561,19.07136],[-98.17635,19.07052],[-98.17717,19.06963],[-98.17797,19.06871],[-98.17856,19.0678],[-98.17876,19.0675],[-98.17911,19.06696],[-98.18347,19.06983],[-98.1837,19.06952],[-98.18441,19.06894],[-98.1848,19.06864],[-98.18511,19.06846],[-98.18548,19.06815],[-98.18559,19.06791],[-98.18562,19.0677],[-98.18562,19.06744],[-98.18565,19.06732],[-98.18572,19.06727],[-98.18585,19.06728],[-98.18601,19.06733],[-98.18613,19.06738],[-98.18629,19.06737],[-98.18643,19.06701],[-98.18662,19.06645],[-98.18687,19.06561],[-98.18701,19.06503],[-98.18595,19.06498],[-98.18635,19.06349],[-98.18544,19.06329],[-98.18544,19.06329]]]}},{"type":"Feature","properties":{"cp":72080,"nombre":"CP 72080"},"geometry":{"type":"Polygon","coordinates":[[[-98.19086,19.0651],[-98.19079,19.06538],[-98.19072,19.06564],[-98.1907,19.06573],[-98.19069,19.06581],[-98.1907,19.0659],[-98.1907,19.06593],[-98.19072,19.06599],[-98.19075,19.06607],[-98.19079,19.06614],[-98.19089,19.06626],[-98.19123,19.06664],[-98.19147,19.06688],[-98.19163,19.06732],[-98.19209,19.06882],[-98.1914,19.07001],[-98.19134,19.07024],[-98.19139,19.07054],[-98.19162,19.07084],[-98.1941,19.07211],[-98.19588,19.06946],[-98.19615,19.06904],[-98.19697,19.06781],[-98.19729,19.06733],[-98.19745,19.06709],[-98.19797,19.06631],[-98.19868,19.0653],[-98.19884,19.06577],[-98.19909,19.06574],[-98.19923,19.06572],[-98.2008,19.06546],[-98.20192,19.0653],[-98.20407,19.06506],[-98.20432,19.06503],[-98.2045,19.06475],[-98.20567,19.06552],[-98.20671,19.0662],[-98.20717,19.06566],[-98.20781,19.06503],[-98.20859,19.06419],[-98.20963,19.06267],[-98.2104,19.06175],[-98.2123,19.06019],[-98.20937,19.05872],[-98.20845,19.05917],[-98.20704,19.05991],[-98.20704,19.05991],[-98.20704,19.05991],[-98.20536,19.06081],[-98.20394,19.06157],[-98.20315,19.06192],[-98.2021,19.06221],[-98.20129,19.06368],[-98.19997,19.06279],[-98.19938,19.06239],[-98.19987,19.06166],[-98.19877,19.06093],[-98.19976,19.05929],[-98.19843,19.05825],[-98.19886,19.0575],[-98.199,19.05728],[-98.19912,19.05705],[-98.20065,19.05446],[-98.19754,19.05288],[-98.19607,19.05211],[-98.19607,19.05211],[-98.19561,19.05284],[-98.19416,19.05526],[-98.1935,19.05637],[-98.19296,19.05612],[-98.19285,19.05691],[-98.19276,19.05757],[-98.19226,19.06073],[-98.19224,19.06082],[-98.19196,19.06258],[-98.19159,19.06369],[-98.19133,19.06428],[-98.19122,19.06443],[-98.19098,19.06477],[-98.19086,19.0651]]]}},{"type":"Feature","properties":{"cp":72967,"nombre":"CP 72967"},"geometry":{"type":"Polygon","coordinates":[[[-98.2438,18.94017],[-98.24393,18.94009],[-98.24408,18.94004],[-98.2441,18.94004],[-98.24434,18.94005],[-98.24449,18.94009],[-98.24467,18.94022],[-98.24479,18.94038],[-98.24491,18.94064],[-98.24495,18.94098],[-98.2448,18.9414],[-98.24435,18.94186],[-98.24426,18.94208],[-98.24426,18.9423],[-98.24446,18.9427],[-98.24502,18.94354],[-98.2453,18.94408],[-98.24552,18.94421],[-98.24569,18.94427],[-98.24597,18.94425],[-98.24637,18.94412],[-98.24657,18.94409],[-98.24669,18.94406],[-98.24696,18.94409],[-98.24715,18.94414],[-98.24739,18.94428],[-98.2476,18.94443],[-98.24821,18.94343],[-98.24945,18.94249],[-98.25224,18.93996],[-98.25144,18.93923],[-98.252,18.93858],[-98.25123,18.93805],[-98.25165,18.93776],[-98.2514,18.93759],[-98.25196,18.9369],[-98.25189,18.93674],[-98.25239,18.93629],[-98.2534,18.93695],[-98.25571,18.93657],[-98.25833,18.93435],[-98.26028,18.93156],[-98.26387,18.93302],[-98.26399,18.93315],[-98.26478,18.93447],[-98.26487,18.93457],[-98.26532,18.93484],[-98.26743,18.93582],[-98.26688,18.93642],[-98.26828,18.93731],[-98.26859,18.93683],[-98.26922,18.93721],[-98.26957,18.93748],[-98.27041,18.93813],[-98.27095,18.93826],[-98.27148,18.9385],[-98.27169,18.93872],[-98.27184,18.93887],[-98.27202,18.93909],[-98.27235,18.93939],[-98.27272,18.93955],[-98.27317,18.93963],[-98.27364,18.93967],[-98.27401,18.93971],[-98.27462,18.93986],[-98.27532,18.9402],[-98.2758,18.94035],[-98.27604,18.94029],[-98.27631,18.94007],[-98.27646,18.93957],[-98.27654,18.93912],[-98.27675,18.93882],[-98.27675,18.93868],[-98.27675,18.93863],[-98.27677,18.93829],[-98.2768,18.9379],[-98.27667,18.9372],[-98.27664,18.93708],[-98.27664,18.93707],[-98.27661,18.93684],[-98.2765,18.93661],[-98.27649,18.93658],[-98.27647,18.9365],[-98.2764,18.93624],[-98.27639,18.93605],[-98.27638,18.93586],[-98.27641,18.93576],[-98.27648,18.93553],[-98.27646,18.93517],[-98.27646,18.93512],[-98.27646,18.93506],[-98.27654,18.93452],[-98.27664,18.93445],[-98.27664,18.93445],[-98.2769,18.93409],[-98.27704,18.93376],[-98.27713,18.93346],[-98.27718,18.93331],[-98.27703,18.93263],[-98.27702,18.93236],[-98.27705,18.93216],[-98.27708,18.93204],[-98.2771,18.93191],[-98.27711,18.93185],[-98.27715,18.93166],[-98.27716,18.9316],[-98.27752,18.93133],[-98.27741,18.93099],[-98.27715,18.93102],[-98.27703,18.93096],[-98.27694,18.93091],[-98.27658,18.93073],[-98.27651,18.93069],[-98.27627,18.93042],[-98.27636,18.93034],[-98.27637,18.93034],[-98.27639,18.9303],[-98.27644,18.93017],[-98.27668,18.93015],[-98.27678,18.93016],[-98.27698,18.9302],[-98.27698,18.92972],[-98.27701,18.92964],[-98.27702,18.92959],[-98.27702,18.92959],[-98.27711,18.92953],[-98.27722,18.92944],[-98.27769,18.92935],[-98.27804,18.92927],[-98.27858,18.92925],[-98.27858,18.92923],[-98.27866,18.92899],[-98.27863,18.92853],[-98.2786,18.92822],[-98.27857,18.92801],[-98.27854,18.92773],[-98.27857,18.92756],[-98.27857,18.92754],[-98.27874,18.92708],[-98.27871,18.92684],[-98.27867,18.92652],[-98.27871,18.92627],[-98.2788,18.92618],[-98.27876,18.92594],[-98.27871,18.92586],[-98.27866,18.92578],[-98.27862,18.92574],[-98.27854,18.92565],[-98.27847,18.92535],[-98.27842,18.92503],[-98.27839,18.92494],[-98.27833,18.92474],[-98.2782,18.92439],[-98.27819,18.92437],[-98.27818,18.92429],[-98.27815,18.9241],[-98.27813,18.92382],[-98.27809,18.92357],[-98.27807,18.92343],[-98.27803,18.92322],[-98.2784,18.92302],[-98.27868,18.92301],[-98.27877,18.92303],[-98.2785,18.92269],[-98.27874,18.92245],[-98.27914,18.92191],[-98.27915,18.9219],[-98.27965,18.92098],[-98.27953,18.92087],[-98.27952,18.92086],[-98.27952,18.92086],[-98.27956,18.92041],[-98.27956,18.92041],[-98.2797,18.92025],[-98.27981,18.92011],[-98.27991,18.9199],[-98.27995,18.9198],[-98.28005,18.91955],[-98.28004,18.91943],[-98.28004,18.9194],[-98.28005,18.91934],[-98.28006,18.91926],[-98.28008,18.91913],[-98.28017,18.91876],[-98.28006,18.91859],[-98.28006,18.91844],[-98.28005,18.9183],[-98.28012,18.91812],[-98.28014,18.91793],[-98.28014,18.91793],[-98.28016,18.91791],[-98.28024,18.9178],[-98.28031,18.91767],[-98.28036,18.91757],[-98.28037,18.91753],[-98.28042,18.91737],[-98.28043,18.91735],[-98.28043,18.91723],[-98.28043,18.91717],[-98.28041,18.9171],[-98.28039,18.91698],[-98.28039,18.91688],[-98.2804,18.91682],[-98.28035,18.91679],[-98.2803,18.91676],[-98.2802,18.91672],[-98.28014,18.91674],[-98.28011,18.91675],[-98.27994,18.91678],[-98.2798,18.91678],[-98.2798,18.91678],[-98.27978,18.91677],[-98.27974,18.91674],[-98.27974,18.91674],[-98.27981,18.91652],[-98.27981,18.91652],[-98.27989,18.91649],[-98.27989,18.91649],[-98.27996,18.91649],[-98.27997,18.91649],[-98.28001,18.91648],[-98.2801,18.91639],[-98.28001,18.91637],[-98.27987,18.91637],[-98.2797,18.91637],[-98.27954,18.91638],[-98.27938,18.91643],[-98.27908,18.91651],[-98.2789,18.91657],[-98.2789,18.91657],[-98.2789,18.91657],[-98.27889,18.91655],[-98.27883,18.91642],[-98.2788,18.91638],[-98.27879,18.91638],[-98.27878,18.91636],[-98.27871,18.91622],[-98.27869,18.91609],[-98.27868,18.91599],[-98.27868,18.91598],[-98.27865,18.91588],[-98.27847,18.91573],[-98.27846,18.91572],[-98.27846,18.91572],[-98.27844,18.91561],[-98.27843,18.9156],[-98.27832,18.91547],[-98.27821,18.91544],[-98.27809,18.91533],[-98.27802,18.91524],[-98.27794,18.91514],[-98.27784,18.9151],[-98.27768,18.91505],[-98.27763,18.91504],[-98.27753,18.91502],[-98.27739,18.91498],[-98.27733,18.91497],[-98.27728,18.91494],[-98.27712,18.91483],[-98.27698,18.91469],[-98.27679,18.91475],[-98.27659,18.9149],[-98.27652,18.91507],[-98.27642,18.91523],[-98.27632,18.91531],[-98.27611,18.91535],[-98.27564,18.91526],[-98.27531,18.91513],[-98.27518,18.91506],[-98.2751,18.91483],[-98.27497,18.91458],[-98.27482,18.91437],[-98.27458,18.91414],[-98.27428,18.91401],[-98.27401,18.91395],[-98.27371,18.91397],[-98.27326,18.91416],[-98.27272,18.91445],[-98.27255,18.91452],[-98.27227,18.91447],[-98.2719,18.91438],[-98.27139,18.91436],[-98.27119,18.91445],[-98.27109,18.91459],[-98.27096,18.91479],[-98.2708,18.91493],[-98.27051,18.91499],[-98.27045,18.91503],[-98.27031,18.91522],[-98.27012,18.91539],[-98.26979,18.91551],[-98.2694,18.9155],[-98.26897,18.9155],[-98.26862,18.91559],[-98.26831,18.91574],[-98.26805,18.9159],[-98.26773,18.91614],[-98.26763,18.91634],[-98.26766,18.91663],[-98.26771,18.91686],[-98.26763,18.917],[-98.2675,18.91707],[-98.2673,18.91707],[-98.2671,18.91705],[-98.26691,18.91711],[-98.26679,18.9172],[-98.26678,18.91742],[-98.26682,18.91763],[-98.26679,18.91778],[-98.26665,18.91787],[-98.26658,18.91787],[-98.26643,18.91787],[-98.26632,18.91793],[-98.26618,18.91831],[-98.26614,18.91875],[-98.26611,18.919],[-98.26601,18.91913],[-98.26585,18.91913],[-98.26561,18.91907],[-98.26535,18.919],[-98.26518,18.91903],[-98.26515,18.91913],[-98.26528,18.91934],[-98.26551,18.91959],[-98.26579,18.9197],[-98.26592,18.91989],[-98.26592,18.92009],[-98.26581,18.92018],[-98.26564,18.92015],[-98.26539,18.92005],[-98.26521,18.92012],[-98.26518,18.92023],[-98.26522,18.9204],[-98.26515,18.92061],[-98.26507,18.92065],[-98.26488,18.92064],[-98.26471,18.92054],[-98.26458,18.92051],[-98.26442,18.92058],[-98.26435,18.9207],[-98.26427,18.92081],[-98.26411,18.9209],[-98.26398,18.9209],[-98.26377,18.92083],[-98.26366,18.92086],[-98.26354,18.92096],[-98.26343,18.92117],[-98.26324,18.92128],[-98.26305,18.92131],[-98.26292,18.92139],[-98.26278,18.92153],[-98.26266,18.92179],[-98.2625,18.92194],[-98.26229,18.92208],[-98.26199,18.92243],[-98.26183,18.92266],[-98.26148,18.92285],[-98.26123,18.92283],[-98.26095,18.92277],[-98.26079,18.92284],[-98.26053,18.923],[-98.26006,18.92335],[-98.25957,18.92366],[-98.25943,18.92389],[-98.25931,18.92411],[-98.25919,18.92416],[-98.25882,18.92417],[-98.2583,18.9241],[-98.25797,18.92402],[-98.25771,18.92408],[-98.25755,18.92429],[-98.25745,18.92447],[-98.25725,18.92457],[-98.25706,18.92458],[-98.25697,18.92448],[-98.25701,18.92431],[-98.25691,18.92421],[-98.25647,18.92421],[-98.25633,18.9243],[-98.25624,18.9244],[-98.25601,18.92464],[-98.25588,18.92472],[-98.25574,18.925],[-98.25569,18.92531],[-98.25565,18.92558],[-98.25559,18.92574],[-98.25547,18.92584],[-98.2553,18.92588],[-98.25514,18.92578],[-98.25511,18.92563],[-98.25503,18.92546],[-98.25491,18.92545],[-98.25477,18.92552],[-98.25441,18.92577],[-98.2539,18.92588],[-98.2528,18.92608],[-98.25228,18.92613],[-98.25203,18.92608],[-98.25183,18.92594],[-98.25171,18.92564],[-98.25173,18.92548],[-98.25187,18.92532],[-98.252,18.92526],[-98.25223,18.92516],[-98.25228,18.92503],[-98.25219,18.92489],[-98.25209,18.92466],[-98.25193,18.92408],[-98.25147,18.92367],[-98.25128,18.92363],[-98.25104,18.92358],[-98.25076,18.92341],[-98.2505,18.92341],[-98.25038,18.92352],[-98.25031,18.92377],[-98.25031,18.92391],[-98.25027,18.92401],[-98.25004,18.92417],[-98.24973,18.92423],[-98.24955,18.92415],[-98.2493,18.92386],[-98.24886,18.92372],[-98.24877,18.92397],[-98.24873,18.92451],[-98.24873,18.92507],[-98.24865,18.92547],[-98.24845,18.92587],[-98.24796,18.92638],[-98.24779,18.92642],[-98.24758,18.92667],[-98.24739,18.92677],[-98.24732,18.92678],[-98.24717,18.92668],[-98.24701,18.92671],[-98.24687,18.92677],[-98.24659,18.92677],[-98.24625,18.92672],[-98.2461,18.92663],[-98.24586,18.92652],[-98.24566,18.9265],[-98.24543,18.92662],[-98.24498,18.92684],[-98.24454,18.92689],[-98.2443,18.92693],[-98.24379,18.92753],[-98.2433,18.92855],[-98.24282,18.92956],[-98.24217,18.93006],[-98.24158,18.93041],[-98.24113,18.93048],[-98.24063,18.9304],[-98.24009,18.93011],[-98.23983,18.92991],[-98.23956,18.93001],[-98.23915,18.93053],[-98.23862,18.9313],[-98.23799,18.93198],[-98.23728,18.93261],[-98.23669,18.93342],[-98.23669,18.93344],[-98.23627,18.93377],[-98.23646,18.93518],[-98.23713,18.93493],[-98.23762,18.93488],[-98.2381,18.9349],[-98.23872,18.93499],[-98.23928,18.93498],[-98.24066,18.93457],[-98.2411,18.93444],[-98.24136,18.93444],[-98.2415,18.9345],[-98.2416,18.93466],[-98.24171,18.93505],[-98.24169,18.93539],[-98.2416,18.9359],[-98.24136,18.9363],[-98.24119,18.93681],[-98.24098,18.93742],[-98.24098,18.93767],[-98.24112,18.93822],[-98.24169,18.93937],[-98.24213,18.93985],[-98.24258,18.94019],[-98.24292,18.94032],[-98.24326,18.94037],[-98.2436,18.94028],[-98.2438,18.94017]]]}},{"type":"Feature","properties":{"cp":72623,"nombre":"CP 72623"},"geometry":{"type":"Polygon","coordinates":[[[-98.31659,19.18221],[-98.30208,19.17046],[-98.30194,19.17034],[-98.30136,19.16984],[-98.30109,19.16958],[-98.30061,19.16906],[-98.30054,19.16899],[-98.30047,19.16891],[-98.30043,19.16887],[-98.30031,19.16871],[-98.30002,19.16832],[-98.29976,19.16795],[-98.29961,19.16773],[-98.29949,19.16756],[-98.29937,19.16739],[-98.29936,19.16737],[-98.29932,19.16732],[-98.29921,19.16714],[-98.29913,19.16703],[-98.29908,19.16695],[-98.29891,19.1667],[-98.29884,19.1666],[-98.29872,19.16642],[-98.29864,19.16631],[-98.29861,19.16626],[-98.2986,19.16624],[-98.29836,19.16591],[-98.29834,19.16587],[-98.29832,19.16584],[-98.2982,19.16567],[-98.29815,19.1656],[-98.29803,19.16543],[-98.29798,19.16535],[-98.29792,19.16526],[-98.29746,19.16459],[-98.29741,19.16453],[-98.29698,19.16374],[-98.29698,19.16374],[-98.29632,19.16277],[-98.29565,19.16181],[-98.29475,19.1605],[-98.29384,19.15919],[-98.29231,19.15696],[-98.29227,19.15691],[-98.29227,19.15691],[-98.29227,19.15691],[-98.29227,19.15881],[-98.29208,19.15988],[-98.29198,19.16048],[-98.29192,19.16093],[-98.29154,19.16415],[-98.29151,19.16431],[-98.2914,19.16526],[-98.29135,19.16541],[-98.2911,19.16737],[-98.29022,19.16929],[-98.28999,19.16969],[-98.28972,19.17007],[-98.28952,19.17048],[-98.28929,19.17086],[-98.28909,19.17099],[-98.28879,19.17185],[-98.28878,19.17187],[-98.28803,19.17375],[-98.28803,19.17375],[-98.28803,19.17375],[-98.28788,19.1741],[-98.28894,19.17472],[-98.29165,19.17606],[-98.29335,19.17743],[-98.29768,19.18217],[-98.30241,19.18683],[-98.3034,19.18714],[-98.30548,19.18831],[-98.30594,19.18856],[-98.30716,19.1892],[-98.30954,19.1895],[-98.31026,19.18961],[-98.31202,19.19034],[-98.31217,19.1904],[-98.31238,19.19001],[-98.31541,19.18448],[-98.31548,19.18434],[-98.31571,19.18391],[-98.31591,19.18353],[-98.31593,19.18349],[-98.31612,19.18315],[-98.31615,19.18311],[-98.31648,19.1825],[-98.31658,19.18225],[-98.31659,19.18221]]]}},{"type":"Feature","properties":{"cp":72483,"nombre":"CP 72483"},"geometry":{"type":"Polygon","coordinates":[[[-98.25187,19.00166],[-98.25231,19.0001],[-98.25141,18.99965],[-98.25064,18.99952],[-98.25015,19.00056],[-98.25075,19.00085],[-98.2506,19.00109],[-98.25187,19.00166]]]}},{"type":"Feature","properties":{"cp":72320,"nombre":"CP 72320"},"geometry":{"type":"Polygon","coordinates":[[[-98.13035,19.04282],[-98.13038,19.04293],[-98.13039,19.04294],[-98.13039,19.04295],[-98.1304,19.04298],[-98.13044,19.04314],[-98.13046,19.04371],[-98.13115,19.04352],[-98.13177,19.04335],[-98.13213,19.0433],[-98.13236,19.04331],[-98.13263,19.04335],[-98.13298,19.04342],[-98.13324,19.04338],[-98.13341,19.04337],[-98.13358,19.04332],[-98.13379,19.04328],[-98.13525,19.04298],[-98.13663,19.04266],[-98.1384,19.04227],[-98.13985,19.04194],[-98.14087,19.04192],[-98.14189,19.04192],[-98.14732,19.04188],[-98.14716,19.04742],[-98.14716,19.0476],[-98.14982,19.04798],[-98.15299,19.04828],[-98.15352,19.04905],[-98.15402,19.04976],[-98.15411,19.04959],[-98.15417,19.04944],[-98.15454,19.04912],[-98.15471,19.0491],[-98.15491,19.0492],[-98.15507,19.04927],[-98.15529,19.04924],[-98.15572,19.04908],[-98.15636,19.04875],[-98.15674,19.04844],[-98.15708,19.04807],[-98.15734,19.04765],[-98.15748,19.04738],[-98.15771,19.04735],[-98.15779,19.04721],[-98.15789,19.04703],[-98.15807,19.04685],[-98.15845,19.04657],[-98.15876,19.04633],[-98.15904,19.04612],[-98.15921,19.04589],[-98.15935,19.0457],[-98.15966,19.04537],[-98.15982,19.04507],[-98.16011,19.04442],[-98.16023,19.044],[-98.16023,19.044],[-98.16023,19.044],[-98.15921,19.04407],[-98.15729,19.04318],[-98.15787,19.04175],[-98.15825,19.04077],[-98.15763,19.0407],[-98.15763,19.0407],[-98.15724,19.0406],[-98.15709,19.04057],[-98.15618,19.04037],[-98.15579,19.04033],[-98.1554,19.04034],[-98.15509,19.04032],[-98.15487,19.04026],[-98.15459,19.04008],[-98.15431,19.03997],[-98.15404,19.03994],[-98.15383,19.03997],[-98.15365,19.03991],[-98.15306,19.03979],[-98.15248,19.03951],[-98.152,19.03915],[-98.1516,19.03889],[-98.15102,19.03848],[-98.1502,19.03769],[-98.1499,19.03747],[-98.1499,19.03747],[-98.14973,19.03748],[-98.14949,19.03742],[-98.14925,19.03742],[-98.14905,19.0373],[-98.1489,19.03718],[-98.1489,19.03718],[-98.14852,19.03787],[-98.14843,19.03808],[-98.14843,19.03871],[-98.14836,19.03955],[-98.14815,19.04088],[-98.1472,19.04085],[-98.14603,19.0409],[-98.14359,19.04077],[-98.14217,19.04069],[-98.14155,19.04071],[-98.14101,19.04079],[-98.14084,19.0408],[-98.13952,19.04087],[-98.13872,19.04094],[-98.13753,19.04091],[-98.13583,19.04111],[-98.13482,19.04126],[-98.13425,19.04136],[-98.13392,19.04146],[-98.13358,19.04162],[-98.13314,19.04186],[-98.13216,19.04218],[-98.13098,19.04259],[-98.13035,19.04282]]]}},{"type":"Feature","properties":{"cp":72223,"nombre":"CP 72223"},"geometry":{"type":"Polygon","coordinates":[[[-98.18167,19.0756],[-98.18162,19.07579],[-98.18162,19.07579],[-98.18184,19.0759],[-98.18234,19.07647],[-98.18262,19.07686],[-98.1829,19.07726],[-98.18312,19.07757],[-98.18341,19.07797],[-98.18368,19.07837],[-98.18608,19.08164],[-98.18648,19.08148],[-98.18718,19.08122],[-98.18845,19.08144],[-98.18925,19.0817],[-98.19412,19.08252],[-98.1942,19.08229],[-98.19388,19.08213],[-98.19305,19.08151],[-98.1924,19.08104],[-98.19198,19.08062],[-98.19134,19.08021],[-98.19012,19.07918],[-98.18997,19.07906],[-98.18927,19.0787],[-98.18815,19.07812],[-98.18781,19.07793],[-98.18796,19.07759],[-98.18724,19.0772],[-98.18624,19.07669],[-98.18579,19.07644],[-98.1852,19.07745],[-98.18275,19.07614],[-98.18255,19.07604],[-98.18238,19.07595],[-98.18194,19.07572],[-98.18167,19.0756]]]}},{"type":"Feature","properties":{"cp":72864,"nombre":"CP 72864"},"geometry":{"type":"Polygon","coordinates":[[[-98.31014,18.99819],[-98.31079,18.99793],[-98.31147,18.99747],[-98.3144,18.99532],[-98.31742,18.9931],[-98.31893,18.99243],[-98.31917,18.9924],[-98.31946,18.9924],[-98.31978,18.99229],[-98.31993,18.99216],[-98.32007,18.99195],[-98.32019,18.99168],[-98.32049,18.99121],[-98.32089,18.99086],[-98.32133,18.99049],[-98.32172,18.99058],[-98.32196,18.99052],[-98.32215,18.99022],[-98.32227,18.98994],[-98.32245,18.98982],[-98.32267,18.98928],[-98.32297,18.98884],[-98.32334,18.98854],[-98.32401,18.98777],[-98.32455,18.98708],[-98.32491,18.98657],[-98.32512,18.98606],[-98.32544,18.98594],[-98.32568,18.9859],[-98.32613,18.98592],[-98.32639,18.98551],[-98.32657,18.98514],[-98.32682,18.98475],[-98.32707,18.98455],[-98.32712,18.98437],[-98.32721,18.98394],[-98.32739,18.98354],[-98.3277,18.98335],[-98.32786,18.98312],[-98.32788,18.98285],[-98.32791,18.98259],[-98.32803,18.98252],[-98.32827,18.98251],[-98.32848,18.98251],[-98.32863,18.98236],[-98.32876,18.98209],[-98.32893,18.98146],[-98.32937,18.98075],[-98.33,18.97989],[-98.33013,18.97952],[-98.33027,18.9789],[-98.33031,18.97797],[-98.3272,18.97797],[-98.32665,18.97804],[-98.32605,18.97812],[-98.32561,18.97829],[-98.3251,18.97857],[-98.32464,18.97881],[-98.32413,18.97918],[-98.32282,18.9804],[-98.32135,18.98154],[-98.32005,18.98225],[-98.31884,18.98286],[-98.3173,18.98365],[-98.31613,18.98399],[-98.3151,18.98416],[-98.31498,18.98415],[-98.31402,18.98414],[-98.31372,18.98413],[-98.31244,18.98406],[-98.31153,18.98406],[-98.31086,18.98412],[-98.30967,18.9843],[-98.30967,18.9843],[-98.30967,18.9843],[-98.30967,18.9843],[-98.30904,18.98441],[-98.30811,18.98457],[-98.30689,18.9848],[-98.30599,18.98494],[-98.30507,18.98514],[-98.30457,18.98525],[-98.30421,18.98533],[-98.30423,18.98537],[-98.30428,18.98548],[-98.30435,18.98569],[-98.30441,18.98577],[-98.30461,18.98617],[-98.30468,18.98626],[-98.30473,18.98633],[-98.30493,18.98668],[-98.30493,18.98668],[-98.30516,18.98684],[-98.30568,18.98687],[-98.30574,18.987],[-98.30577,18.98707],[-98.30595,18.98747],[-98.30612,18.98785],[-98.30621,18.98805],[-98.30633,18.98834],[-98.30644,18.98859],[-98.30649,18.9887],[-98.30662,18.98898],[-98.30668,18.98912],[-98.30688,18.98956],[-98.30692,18.98966],[-98.30715,18.99017],[-98.30716,18.9902],[-98.30719,18.99025],[-98.30733,18.99064],[-98.30751,18.99112],[-98.30768,18.99158],[-98.30773,18.99171],[-98.30788,18.99212],[-98.30793,18.99225],[-98.30795,18.99232],[-98.30807,18.99262],[-98.30813,18.99279],[-98.30818,18.99294],[-98.30824,18.9931],[-98.30828,18.99319],[-98.3083,18.99325],[-98.30839,18.99348],[-98.30844,18.99362],[-98.30853,18.99389],[-98.30855,18.99392],[-98.30858,18.99402],[-98.30867,18.99425],[-98.30874,18.99444],[-98.3089,18.99487],[-98.30908,18.99535],[-98.30926,18.99584],[-98.30927,18.99588],[-98.31014,18.99819]]]}},{"type":"Feature","properties":{"cp":72860,"nombre":"CP 72860"},"geometry":{"type":"Polygon","coordinates":[[[-98.30859,18.99936],[-98.30859,18.99936],[-98.30859,18.99936],[-98.30859,18.99936],[-98.30875,18.99957],[-98.30889,18.99966],[-98.30901,18.99962],[-98.30907,18.99962],[-98.30917,18.99968],[-98.30933,18.99976],[-98.30949,18.9998],[-98.30966,18.99982],[-98.3098,18.99986],[-98.30991,18.99988],[-98.31,18.9999],[-98.31015,18.9999],[-98.31029,18.99989],[-98.31049,18.99988],[-98.31076,18.99985],[-98.31102,18.99982],[-98.31125,18.99977],[-98.31133,18.99971],[-98.31139,18.99963],[-98.31145,18.99953],[-98.31152,18.99959],[-98.31167,18.99967],[-98.31256,19.00007],[-98.31439,19.00094],[-98.31744,19.00246],[-98.31744,19.00246],[-98.31744,19.00246],[-98.3165,19.00411],[-98.3165,19.00411],[-98.3165,19.00411],[-98.31904,19.00521],[-98.31948,19.00547],[-98.32343,19.00795],[-98.3238,19.00729],[-98.32441,19.00624],[-98.32459,19.00591],[-98.32476,19.0056],[-98.32518,19.00487],[-98.32572,19.0039],[-98.32576,19.00382],[-98.32593,19.00351],[-98.32604,19.0033],[-98.32607,19.00325],[-98.32609,19.00321],[-98.3262,19.00303],[-98.32668,19.00231],[-98.32699,19.00184],[-98.3271,19.00167],[-98.32724,19.00151],[-98.32724,19.00151],[-98.32727,19.00148],[-98.32739,19.00138],[-98.32739,19.00137],[-98.32749,19.00128],[-98.32767,19.00115],[-98.32783,19.00104],[-98.32798,19.00095],[-98.32801,19.00094],[-98.32813,19.00088],[-98.32829,19.00082],[-98.32847,19.00077],[-98.32868,19.00072],[-98.32888,19.00068],[-98.32906,19.00066],[-98.32919,19.00065],[-98.32937,19.00064],[-98.32976,19.00061],[-98.33022,19.00059],[-98.33049,19.00057],[-98.33144,19.00051],[-98.33214,19.00046],[-98.33254,19.00043],[-98.33297,19.0004],[-98.33424,19.00031],[-98.33441,19.00031],[-98.3347,19.00029],[-98.33513,19.00027],[-98.33609,19.00021],[-98.33649,19.00018],[-98.33748,19.00014],[-98.33843,19.00009],[-98.33843,19.00009],[-98.33914,19.00004],[-98.33965,19.00002],[-98.34001,19],[-98.34018,18.99999],[-98.34054,18.99998],[-98.34099,18.99997],[-98.34136,18.99996],[-98.34232,18.99992],[-98.34296,18.99988],[-98.3436,18.99985],[-98.34442,18.99979],[-98.34463,18.99978],[-98.34473,18.99976],[-98.3448,18.99975],[-98.34487,18.99973],[-98.34493,18.9997],[-98.34502,18.99967],[-98.34512,18.99962],[-98.34548,18.99944],[-98.34584,18.99927],[-98.34684,18.99877],[-98.3475,18.99847],[-98.34783,18.99832],[-98.34783,18.99832],[-98.34799,18.99825],[-98.34806,18.99821],[-98.34809,18.99819],[-98.34821,18.99811],[-98.34833,18.99804],[-98.34842,18.99798],[-98.34849,18.99792],[-98.34853,18.99788],[-98.34855,18.99787],[-98.34862,18.9978],[-98.34913,18.9973],[-98.35029,18.99631],[-98.35029,18.99631],[-98.35181,18.99508],[-98.35211,18.99475],[-98.35242,18.99441],[-98.35258,18.99423],[-98.35296,18.99388],[-98.35299,18.99385],[-98.35326,18.9936],[-98.35344,18.99343],[-98.35352,18.99336],[-98.35421,18.99272],[-98.35457,18.99239],[-98.35421,18.99272],[-98.35421,18.99272],[-98.35421,18.99272],[-98.35398,18.99255],[-98.35354,18.99226],[-98.35344,18.99219],[-98.35312,18.99199],[-98.353,18.9919],[-98.35292,18.99185],[-98.35277,18.99174],[-98.35262,18.99164],[-98.35254,18.99157],[-98.35235,18.99143],[-98.35226,18.99137],[-98.35217,18.9913],[-98.352,18.99116],[-98.35184,18.99104],[-98.35168,18.99091],[-98.35156,18.99076],[-98.3514,18.9905],[-98.35131,18.99034],[-98.35114,18.99003],[-98.35104,18.98984],[-98.35099,18.98974],[-98.35086,18.98952],[-98.3508,18.9894],[-98.35068,18.98917],[-98.35056,18.98894],[-98.35048,18.98877],[-98.3503,18.98844],[-98.35019,18.98824],[-98.35005,18.988],[-98.35001,18.98795],[-98.34991,18.98783],[-98.34972,18.98762],[-98.34935,18.98716],[-98.34926,18.98703],[-98.34921,18.98697],[-98.34915,18.98689],[-98.34885,18.98651],[-98.34875,18.98634],[-98.34861,18.9861],[-98.34855,18.98597],[-98.34847,18.98579],[-98.34836,18.98567],[-98.34825,18.98556],[-98.34806,18.98541],[-98.34794,18.98532],[-98.34777,18.98518],[-98.34752,18.98495],[-98.34751,18.98494],[-98.34732,18.9847],[-98.34731,18.98469],[-98.34716,18.98452],[-98.34698,18.9843],[-98.34693,18.98427],[-98.34677,18.98415],[-98.34673,18.98413],[-98.34665,18.98407],[-98.3466,18.98404],[-98.34657,18.98402],[-98.34635,18.98387],[-98.34615,18.98374],[-98.34607,18.98368],[-98.34595,18.98361],[-98.34586,18.98354],[-98.34573,18.98346],[-98.34556,18.98335],[-98.34541,18.98325],[-98.34539,18.98324],[-98.34524,18.98315],[-98.34524,18.98315],[-98.34515,18.98309],[-98.34509,18.98306],[-98.34492,18.98291],[-98.34474,18.98272],[-98.3447,18.98267],[-98.34461,18.98259],[-98.34459,18.98256],[-98.3445,18.98244],[-98.3444,18.9823],[-98.3444,18.9823],[-98.34499,18.98167],[-98.34505,18.9816],[-98.34532,18.9813],[-98.34547,18.98114],[-98.34551,18.98109],[-98.3457,18.98089],[-98.34585,18.98073],[-98.34622,18.98033],[-98.34639,18.98014],[-98.34641,18.98012],[-98.34651,18.98001],[-98.34674,18.97979],[-98.34681,18.97972],[-98.34727,18.97929],[-98.34734,18.97922],[-98.34755,18.97902],[-98.34759,18.97899],[-98.34768,18.97873],[-98.34777,18.97856],[-98.34777,18.97856],[-98.34785,18.97847],[-98.348,18.9783],[-98.34817,18.97828],[-98.34825,18.97828],[-98.34846,18.97817],[-98.3487,18.97803],[-98.34874,18.978],[-98.34897,18.97801],[-98.3494,18.97801],[-98.34963,18.97787],[-98.34975,18.97778],[-98.3498,18.97774],[-98.34995,18.97762],[-98.34995,18.97762],[-98.35019,18.9776],[-98.35055,18.97765],[-98.35073,18.97765],[-98.3511,18.97763],[-98.35128,18.97764],[-98.3514,18.97757],[-98.35155,18.97749],[-98.35167,18.97731],[-98.35167,18.97731],[-98.35167,18.97731],[-98.35133,18.97707],[-98.35105,18.97692],[-98.35071,18.97687],[-98.34882,18.97697],[-98.34691,18.9772],[-98.34439,18.97748],[-98.3405,18.97794],[-98.33886,18.9781],[-98.33803,18.97819],[-98.33724,18.97819],[-98.33292,18.97801],[-98.33225,18.97804],[-98.33031,18.97797],[-98.33027,18.9789],[-98.33013,18.97952],[-98.33,18.97989],[-98.32937,18.98075],[-98.32893,18.98146],[-98.32876,18.98209],[-98.32863,18.98236],[-98.32848,18.98251],[-98.32827,18.98251],[-98.32803,18.98252],[-98.32791,18.98259],[-98.32788,18.98285],[-98.32786,18.98312],[-98.3277,18.98335],[-98.32739,18.98354],[-98.32721,18.98394],[-98.32712,18.98437],[-98.32707,18.98455],[-98.32682,18.98475],[-98.32657,18.98514],[-98.32639,18.98551],[-98.32613,18.98592],[-98.32568,18.9859],[-98.32544,18.98594],[-98.32512,18.98606],[-98.32491,18.98657],[-98.32455,18.98708],[-98.32401,18.98777],[-98.32334,18.98854],[-98.32297,18.98884],[-98.32267,18.98928],[-98.32245,18.98982],[-98.32227,18.98994],[-98.32215,18.99022],[-98.32196,18.99052],[-98.32172,18.99058],[-98.32133,18.99049],[-98.32089,18.99086],[-98.32049,18.99121],[-98.32019,18.99168],[-98.32007,18.99195],[-98.31993,18.99216],[-98.31978,18.99229],[-98.31946,18.9924],[-98.31917,18.9924],[-98.31893,18.99243],[-98.31742,18.9931],[-98.3144,18.99532],[-98.31147,18.99747],[-98.31079,18.99793],[-98.31014,18.99819],[-98.31002,18.99825],[-98.30972,18.9984],[-98.3094,18.99866],[-98.30904,18.99895],[-98.30875,18.99924],[-98.30859,18.99936]]]}},{"type":"Feature","properties":{"cp":72863,"nombre":"CP 72863"},"geometry":{"type":"Polygon","coordinates":[[[-98.32493,18.93696],[-98.32612,18.93689],[-98.32737,18.93707],[-98.32745,18.93609],[-98.32818,18.93462],[-98.32981,18.93188],[-98.33051,18.93082],[-98.33072,18.92942],[-98.33078,18.92806],[-98.33082,18.92709],[-98.33069,18.9258],[-98.33038,18.92507],[-98.32994,18.92449],[-98.32932,18.92404],[-98.32909,18.92366],[-98.32874,18.92304],[-98.32871,18.92249],[-98.32888,18.92175],[-98.32896,18.92138],[-98.32922,18.92087],[-98.32984,18.9198],[-98.33028,18.91878],[-98.33069,18.91784],[-98.33117,18.91726],[-98.33134,18.91626],[-98.33161,18.91518],[-98.33207,18.91475],[-98.33288,18.91438],[-98.33426,18.91402],[-98.33515,18.91384],[-98.33561,18.91344],[-98.33615,18.91176],[-98.33688,18.91096],[-98.3378,18.91024],[-98.33791,18.90885],[-98.33799,18.9082],[-98.34045,18.90536],[-98.34064,18.90365],[-98.34045,18.90231],[-98.33957,18.90038],[-98.3384,18.89858],[-98.3384,18.89858],[-98.33677,18.8989],[-98.33504,18.89915],[-98.33349,18.89939],[-98.33233,18.89976],[-98.33121,18.90074],[-98.33047,18.90156],[-98.32987,18.90217],[-98.32896,18.90278],[-98.32793,18.90306],[-98.32707,18.90331],[-98.32651,18.90355],[-98.32565,18.90408],[-98.32491,18.90437],[-98.32431,18.90453],[-98.32332,18.90453],[-98.32172,18.90433],[-98.32004,18.90437],[-98.31875,18.90449],[-98.31759,18.90449],[-98.31625,18.90469],[-98.31573,18.90425],[-98.31526,18.90359],[-98.31478,18.90331],[-98.3144,18.90319],[-98.31401,18.90319],[-98.31272,18.9031],[-98.31185,18.9029],[-98.31082,18.90253],[-98.31035,18.90225],[-98.30957,18.9016],[-98.30905,18.90086],[-98.30832,18.90033],[-98.30776,18.90005],[-98.30716,18.90013],[-98.30651,18.90037],[-98.30569,18.90094],[-98.30526,18.90164],[-98.30496,18.902],[-98.30461,18.90229],[-98.30405,18.90257],[-98.30371,18.90266],[-98.30323,18.90268],[-98.30314,18.90327],[-98.30319,18.90407],[-98.30381,18.90522],[-98.30398,18.90611],[-98.3044,18.90693],[-98.30452,18.9078],[-98.30423,18.90874],[-98.30429,18.90936],[-98.30454,18.90985],[-98.3051,18.91013],[-98.30575,18.91076],[-98.3061,18.91144],[-98.30663,18.91229],[-98.30768,18.9141],[-98.30828,18.91523],[-98.30828,18.91572],[-98.30819,18.91637],[-98.30798,18.91702],[-98.30754,18.91759],[-98.30733,18.91825],[-98.30724,18.91894],[-98.30694,18.91971],[-98.30692,18.92065],[-98.30614,18.92253],[-98.30513,18.92504],[-98.30405,18.92738],[-98.30289,18.93009],[-98.30591,18.93172],[-98.30684,18.93215],[-98.30724,18.93159],[-98.30767,18.9311],[-98.30831,18.93072],[-98.30903,18.93087],[-98.3096,18.93099],[-98.31025,18.93119],[-98.31114,18.93132],[-98.31236,18.9315],[-98.31395,18.93162],[-98.31578,18.93158],[-98.31689,18.93182],[-98.31791,18.93222],[-98.31877,18.93282],[-98.31987,18.93365],[-98.3207,18.9344],[-98.32179,18.93536],[-98.32248,18.93624],[-98.32329,18.93671],[-98.32404,18.93696],[-98.32493,18.93696]]]}},{"type":"Feature","properties":{"cp":72861,"nombre":"CP 72861"},"geometry":{"type":"Polygon","coordinates":[[[-98.32737,18.93707],[-98.32766,18.93811],[-98.32834,18.93916],[-98.32916,18.93987],[-98.33011,18.94036],[-98.33106,18.94134],[-98.33153,18.94227],[-98.33184,18.94338],[-98.33227,18.94423],[-98.33317,18.94488],[-98.33438,18.94566],[-98.33477,18.9466],[-98.33494,18.94729],[-98.33511,18.94794],[-98.33511,18.94843],[-98.33507,18.94892],[-98.33442,18.94933],[-98.33365,18.94969],[-98.33248,18.95035],[-98.33188,18.95104],[-98.33129,18.95196],[-98.33089,18.95304],[-98.33094,18.95394],[-98.33121,18.95496],[-98.33163,18.95589],[-98.33223,18.95696],[-98.33282,18.95779],[-98.33313,18.95873],[-98.3331,18.95947],[-98.33322,18.95996],[-98.33356,18.96042],[-98.33384,18.96074],[-98.33401,18.96131],[-98.33456,18.96162],[-98.33514,18.96186],[-98.33558,18.96194],[-98.33606,18.96201],[-98.33666,18.96218],[-98.33718,18.96245],[-98.33797,18.96296],[-98.33865,18.96324],[-98.33912,18.96333],[-98.33969,18.96324],[-98.34004,18.96312],[-98.3406,18.96292],[-98.34113,18.96287],[-98.34198,18.96291],[-98.34277,18.96305],[-98.34342,18.96328],[-98.34389,18.96364],[-98.34443,18.9642],[-98.34511,18.96444],[-98.34554,18.96442],[-98.34598,18.96408],[-98.34649,18.96387],[-98.34703,18.96377],[-98.3475,18.96378],[-98.34805,18.96379],[-98.3486,18.96374],[-98.34897,18.96361],[-98.34928,18.9633],[-98.34945,18.96301],[-98.34948,18.9626],[-98.34953,18.9622],[-98.34958,18.96193],[-98.3498,18.96163],[-98.35006,18.96129],[-98.35026,18.96098],[-98.35071,18.96042],[-98.35123,18.96001],[-98.35175,18.95964],[-98.35222,18.95956],[-98.35248,18.95963],[-98.35275,18.95953],[-98.35302,18.95945],[-98.35315,18.95955],[-98.35329,18.95982],[-98.35327,18.96016],[-98.35312,18.96075],[-98.35304,18.96131],[-98.35311,18.96153],[-98.35322,18.96171],[-98.35346,18.96191],[-98.35351,18.96203],[-98.35351,18.96219],[-98.35341,18.96231],[-98.35336,18.96247],[-98.35344,18.96261],[-98.35382,18.96279],[-98.35427,18.96292],[-98.35482,18.96307],[-98.35537,18.96332],[-98.356,18.96339],[-98.35666,18.9633],[-98.35727,18.96274],[-98.35816,18.96247],[-98.35887,18.96254],[-98.35962,18.96294],[-98.36048,18.96305],[-98.36127,18.96305],[-98.36156,18.96319],[-98.36171,18.96379],[-98.36162,18.96436],[-98.36187,18.96478],[-98.36304,18.96556],[-98.3636,18.96668],[-98.36392,18.96738],[-98.36431,18.96758],[-98.36488,18.96738],[-98.36562,18.967],[-98.36632,18.96675],[-98.36697,18.9665],[-98.36752,18.96623],[-98.36825,18.96585],[-98.36875,18.96557],[-98.36875,18.96557],[-98.36862,18.96486],[-98.36853,18.9644],[-98.36851,18.9642],[-98.36843,18.96315],[-98.36824,18.96267],[-98.3681,18.96211],[-98.36786,18.96212],[-98.36785,18.96072],[-98.36801,18.95994],[-98.36816,18.9593],[-98.36835,18.95865],[-98.36852,18.95814],[-98.36863,18.95771],[-98.36875,18.95721],[-98.36875,18.95721],[-98.36874,18.95661],[-98.36874,18.95661],[-98.36878,18.95609],[-98.36883,18.95553],[-98.36887,18.9552],[-98.36894,18.95467],[-98.36898,18.95441],[-98.36897,18.95389],[-98.36897,18.95389],[-98.36914,18.95346],[-98.36928,18.95254],[-98.36931,18.95243],[-98.36936,18.95213],[-98.3694,18.95191],[-98.36978,18.95207],[-98.36995,18.95141],[-98.3709,18.9504],[-98.3709,18.9504],[-98.36982,18.95039],[-98.37017,18.94937],[-98.37072,18.94928],[-98.37072,18.94928],[-98.37072,18.94928],[-98.37059,18.94844],[-98.36986,18.94865],[-98.36958,18.94738],[-98.36958,18.94738],[-98.37009,18.94735],[-98.37077,18.94701],[-98.37077,18.94701],[-98.3706,18.94672],[-98.37058,18.94658],[-98.37054,18.94614],[-98.37039,18.94569],[-98.37033,18.94553],[-98.37033,18.94553],[-98.37047,18.9454],[-98.37047,18.9454],[-98.36962,18.9443],[-98.36943,18.94416],[-98.36932,18.94242],[-98.36916,18.9407],[-98.36905,18.9397],[-98.369,18.93855],[-98.36897,18.93796],[-98.36897,18.93796],[-98.369,18.93717],[-98.369,18.93717],[-98.36879,18.93642],[-98.36864,18.9357],[-98.36853,18.93483],[-98.3683,18.93437],[-98.36808,18.93382],[-98.36774,18.93295],[-98.36728,18.93197],[-98.36714,18.93142],[-98.36704,18.93114],[-98.36616,18.92947],[-98.3658,18.92944],[-98.36551,18.92906],[-98.36473,18.92828],[-98.36473,18.92828],[-98.36405,18.9288],[-98.36393,18.92904],[-98.36339,18.9291],[-98.36321,18.92904],[-98.36282,18.92936],[-98.36231,18.92942],[-98.36153,18.92976],[-98.36116,18.93],[-98.36087,18.92976],[-98.36,18.92938],[-98.35983,18.92918],[-98.35912,18.92901],[-98.35902,18.92906],[-98.35844,18.92884],[-98.3584,18.92892],[-98.35773,18.92892],[-98.357,18.92889],[-98.35651,18.92893],[-98.35618,18.929],[-98.35595,18.92903],[-98.35591,18.92893],[-98.35531,18.92858],[-98.3546,18.92818],[-98.35421,18.92796],[-98.35394,18.92792],[-98.35358,18.9281],[-98.35358,18.9281],[-98.35358,18.9281],[-98.35358,18.9281],[-98.3537,18.92675],[-98.3537,18.92675],[-98.35363,18.9262],[-98.35341,18.92561],[-98.35341,18.92561],[-98.35376,18.92544],[-98.354,18.92524],[-98.354,18.92524],[-98.3539,18.92385],[-98.35352,18.92304],[-98.35351,18.92297],[-98.3535,18.92289],[-98.35317,18.92202],[-98.35302,18.92189],[-98.35273,18.92196],[-98.35247,18.92185],[-98.35231,18.92186],[-98.35219,18.92191],[-98.3521,18.92189],[-98.35198,18.92177],[-98.35198,18.92177],[-98.35201,18.92165],[-98.35207,18.92159],[-98.3521,18.92151],[-98.35212,18.92146],[-98.35215,18.92142],[-98.35224,18.92143],[-98.35233,18.92148],[-98.35238,18.92151],[-98.35242,18.92155],[-98.35247,18.92162],[-98.3525,18.92168],[-98.35256,18.92172],[-98.35263,18.92174],[-98.35271,18.92175],[-98.35285,18.92173],[-98.3529,18.92168],[-98.35292,18.92158],[-98.35297,18.92146],[-98.35305,18.92141],[-98.35314,18.92135],[-98.35322,18.92128],[-98.35328,18.92127],[-98.35333,18.92132],[-98.35334,18.92137],[-98.35338,18.92145],[-98.35342,18.92148],[-98.3535,18.92149],[-98.35362,18.92148],[-98.35369,18.92148],[-98.35383,18.92148],[-98.35419,18.92146],[-98.3546,18.9215],[-98.3547,18.92144],[-98.3548,18.92144],[-98.35488,18.92141],[-98.35492,18.92133],[-98.35494,18.92122],[-98.355,18.9211],[-98.35505,18.92105],[-98.35519,18.92098],[-98.35533,18.92092],[-98.35546,18.92079],[-98.35554,18.92072],[-98.35562,18.9207],[-98.35573,18.92068],[-98.35584,18.92069],[-98.35588,18.92071],[-98.35595,18.92071],[-98.35603,18.92072],[-98.35612,18.92073],[-98.35617,18.92077],[-98.35619,18.92084],[-98.35619,18.92084],[-98.35619,18.92084],[-98.35618,18.92087],[-98.35614,18.92098],[-98.35614,18.92103],[-98.35618,18.92106],[-98.35623,18.92106],[-98.35629,18.92104],[-98.3563,18.921],[-98.35636,18.92089],[-98.35647,18.92081],[-98.3566,18.92078],[-98.35669,18.92074],[-98.35672,18.92068],[-98.35674,18.9206],[-98.3568,18.92054],[-98.3569,18.9205],[-98.35708,18.92045],[-98.35727,18.92038],[-98.35745,18.92023],[-98.3576,18.92011],[-98.35762,18.92007],[-98.35775,18.91986],[-98.35781,18.91976],[-98.3579,18.91962],[-98.35799,18.91958],[-98.35801,18.91948],[-98.35807,18.91923],[-98.35878,18.91835],[-98.35907,18.91799],[-98.35935,18.91764],[-98.35965,18.91728],[-98.35986,18.91724],[-98.36068,18.91712],[-98.36105,18.91706],[-98.36147,18.91687],[-98.36175,18.91675],[-98.36176,18.91674],[-98.36161,18.91673],[-98.36026,18.91645],[-98.3596,18.91631],[-98.3596,18.91631],[-98.3596,18.91631],[-98.35962,18.91625],[-98.35966,18.91607],[-98.35983,18.91508],[-98.35987,18.91483],[-98.3601,18.91368],[-98.36076,18.91373],[-98.36085,18.91326],[-98.36113,18.91223],[-98.36113,18.91223],[-98.3606,18.91211],[-98.3606,18.91211],[-98.36073,18.91173],[-98.36097,18.91103],[-98.36128,18.91012],[-98.36153,18.90943],[-98.36179,18.90897],[-98.36184,18.90889],[-98.36143,18.90861],[-98.36133,18.90819],[-98.36125,18.90794],[-98.36118,18.90785],[-98.36117,18.90773],[-98.36117,18.90773],[-98.36117,18.90773],[-98.36127,18.90719],[-98.36137,18.9068],[-98.36137,18.9068],[-98.3613,18.90646],[-98.36128,18.90615],[-98.3612,18.90583],[-98.36111,18.90555],[-98.361,18.9052],[-98.36089,18.90484],[-98.36076,18.90452],[-98.36072,18.90435],[-98.36072,18.90435],[-98.36085,18.90408],[-98.36104,18.90361],[-98.36109,18.90348],[-98.36089,18.90317],[-98.36084,18.90222],[-98.36084,18.90222],[-98.36084,18.90222],[-98.36092,18.90186],[-98.361,18.90125],[-98.361,18.90125],[-98.36098,18.90101],[-98.36086,18.90073],[-98.36069,18.90038],[-98.36061,18.90011],[-98.36036,18.89963],[-98.36014,18.89947],[-98.35981,18.89907],[-98.3594,18.89855],[-98.35911,18.89811],[-98.35872,18.89744],[-98.35846,18.89696],[-98.35832,18.8966],[-98.35808,18.89624],[-98.35784,18.89593],[-98.35775,18.89584],[-98.35754,18.89562],[-98.35747,18.89546],[-98.35735,18.89518],[-98.35725,18.89495],[-98.35722,18.89487],[-98.35703,18.89456],[-98.35692,18.89453],[-98.35637,18.89438],[-98.35592,18.89425],[-98.35536,18.8941],[-98.3547,18.89392],[-98.35405,18.89374],[-98.35336,18.89355],[-98.35276,18.89338],[-98.3521,18.8932],[-98.35206,18.89318],[-98.35206,18.89318],[-98.35222,18.89308],[-98.35186,18.89275],[-98.35108,18.89328],[-98.35071,18.89297],[-98.35035,18.89267],[-98.34997,18.89238],[-98.34974,18.89223],[-98.34657,18.89167],[-98.34032,18.88994],[-98.34032,18.88994],[-98.34047,18.89108],[-98.34095,18.89177],[-98.3412,18.8923],[-98.34125,18.89324],[-98.34095,18.89417],[-98.34052,18.89491],[-98.34026,18.89564],[-98.33974,18.89707],[-98.33905,18.89801],[-98.3384,18.89858],[-98.33957,18.90038],[-98.34045,18.90231],[-98.34064,18.90365],[-98.34045,18.90536],[-98.33799,18.9082],[-98.33791,18.90885],[-98.3378,18.91024],[-98.33688,18.91096],[-98.33615,18.91176],[-98.33561,18.91344],[-98.33515,18.91384],[-98.33426,18.91402],[-98.33288,18.91438],[-98.33207,18.91475],[-98.33161,18.91518],[-98.33134,18.91626],[-98.33117,18.91726],[-98.33069,18.91784],[-98.33028,18.91878],[-98.32984,18.9198],[-98.32922,18.92087],[-98.32896,18.92138],[-98.32888,18.92175],[-98.32871,18.92249],[-98.32874,18.92304],[-98.32909,18.92366],[-98.32932,18.92404],[-98.32994,18.92449],[-98.33038,18.92507],[-98.33069,18.9258],[-98.33082,18.92709],[-98.33078,18.92806],[-98.33072,18.92942],[-98.33051,18.93082],[-98.32981,18.93188],[-98.32818,18.93462],[-98.32745,18.93609],[-98.32737,18.93707]]]}},{"type":"Feature","properties":{"cp":72710,"nombre":"CP 72710"},"geometry":{"type":"Polygon","coordinates":[[[-98.26321,19.159],[-98.26082,19.15827],[-98.25875,19.15771],[-98.2588,19.15749],[-98.26131,19.1572],[-98.26227,19.15555],[-98.26223,19.15553],[-98.25972,19.15372],[-98.26004,19.15329],[-98.26249,19.15506],[-98.26255,19.1551],[-98.26517,19.15061],[-98.26505,19.15054],[-98.26367,19.14963],[-98.26366,19.14959],[-98.26259,19.14889],[-98.26238,19.1492],[-98.26338,19.14985],[-98.26352,19.14998],[-98.26346,19.15007],[-98.26379,19.15029],[-98.26324,19.15098],[-98.26283,19.15072],[-98.2628,19.15072],[-98.26259,19.15099],[-98.26252,19.15096],[-98.2604,19.14953],[-98.26035,19.1495],[-98.2604,19.14932],[-98.26016,19.14918],[-98.25979,19.14975],[-98.25463,19.14651],[-98.25453,19.14645],[-98.25427,19.14693],[-98.25248,19.14595],[-98.25205,19.14568],[-98.25166,19.14546],[-98.25064,19.14488],[-98.24957,19.14432],[-98.25066,19.14168],[-98.25148,19.13984],[-98.25215,19.13822],[-98.25244,19.13749],[-98.25275,19.13676],[-98.25364,19.13474],[-98.25393,19.13409],[-98.25476,19.1329],[-98.25502,19.13247],[-98.25894,19.13453],[-98.25894,19.13453],[-98.25956,19.13319],[-98.26065,19.13081],[-98.26215,19.12757],[-98.26242,19.12698],[-98.2626,19.12657],[-98.26265,19.12646],[-98.26274,19.12655],[-98.26288,19.12665],[-98.26306,19.12674],[-98.26354,19.12698],[-98.26366,19.12699],[-98.26371,19.127],[-98.26388,19.12718],[-98.26344,19.12636],[-98.26328,19.12612],[-98.26275,19.1256],[-98.26267,19.12549],[-98.26255,19.12533],[-98.26242,19.12513],[-98.26234,19.12494],[-98.26227,19.12479],[-98.26216,19.12473],[-98.26199,19.1247],[-98.2618,19.12476],[-98.26183,19.12468],[-98.26184,19.12456],[-98.26179,19.12439],[-98.26173,19.12431],[-98.2612,19.12408],[-98.2612,19.12408],[-98.2612,19.12408],[-98.25524,19.11849],[-98.24855,19.11221],[-98.2488,19.11199],[-98.24972,19.11113],[-98.24983,19.11096],[-98.25011,19.1096],[-98.24976,19.10941],[-98.24948,19.10925],[-98.24929,19.10909],[-98.24894,19.10879],[-98.24869,19.10857],[-98.2485,19.10839],[-98.24836,19.10828],[-98.24815,19.1082],[-98.2487,19.10747],[-98.24782,19.10684],[-98.24742,19.10664],[-98.24637,19.10794],[-98.24609,19.10827],[-98.24556,19.10897],[-98.2443,19.1076],[-98.24364,19.10693],[-98.2435,19.10678],[-98.24319,19.10727],[-98.24152,19.10991],[-98.24144,19.11003],[-98.24083,19.11103],[-98.23996,19.11242],[-98.23809,19.11627],[-98.2365,19.11528],[-98.23488,19.11447],[-98.23403,19.11605],[-98.23356,19.11709],[-98.23295,19.1183],[-98.23287,19.11831],[-98.23266,19.11827],[-98.23246,19.11828],[-98.23221,19.11832],[-98.23221,19.11832],[-98.23222,19.11852],[-98.23223,19.11854],[-98.23229,19.11862],[-98.23232,19.11882],[-98.2323,19.11898],[-98.23223,19.11905],[-98.23213,19.11915],[-98.2321,19.11922],[-98.23206,19.11931],[-98.23197,19.11947],[-98.23188,19.11954],[-98.23184,19.11957],[-98.2317,19.11967],[-98.23151,19.11976],[-98.23132,19.11981],[-98.23117,19.11983],[-98.231,19.11984],[-98.23087,19.11988],[-98.23076,19.11992],[-98.23062,19.11997],[-98.23041,19.12005],[-98.23036,19.12007],[-98.23031,19.1201],[-98.23014,19.12019],[-98.23007,19.12021],[-98.23005,19.12022],[-98.22995,19.12029],[-98.22994,19.12029],[-98.22975,19.12045],[-98.2296,19.12071],[-98.22959,19.12072],[-98.22952,19.12083],[-98.22944,19.121],[-98.22939,19.12106],[-98.22936,19.12112],[-98.22931,19.12123],[-98.22931,19.12123],[-98.22927,19.12131],[-98.2292,19.12142],[-98.22911,19.12158],[-98.22884,19.12168],[-98.22875,19.12179],[-98.22869,19.12186],[-98.22869,19.12186],[-98.22861,19.12208],[-98.22858,19.12232],[-98.22858,19.12232],[-98.22858,19.12232],[-98.22856,19.12251],[-98.22852,19.12278],[-98.22851,19.1229],[-98.22847,19.12314],[-98.22847,19.12335],[-98.22847,19.12343],[-98.22854,19.12364],[-98.22861,19.12379],[-98.22866,19.12389],[-98.22879,19.12403],[-98.22886,19.1241],[-98.22895,19.12417],[-98.2292,19.12423],[-98.22927,19.12425],[-98.22931,19.12427],[-98.22959,19.12436],[-98.22984,19.12435],[-98.23015,19.12433],[-98.23065,19.12446],[-98.23079,19.12452],[-98.23092,19.12458],[-98.23092,19.12459],[-98.23088,19.12482],[-98.23085,19.12505],[-98.2307,19.12535],[-98.23062,19.12559],[-98.23059,19.12566],[-98.23053,19.12586],[-98.23044,19.12628],[-98.2304,19.12646],[-98.2304,19.12656],[-98.23038,19.12669],[-98.23034,19.1269],[-98.23033,19.12707],[-98.2304,19.12739],[-98.2304,19.12742],[-98.23041,19.12753],[-98.23048,19.12778],[-98.23048,19.12778],[-98.23057,19.12798],[-98.23059,19.1281],[-98.23063,19.12828],[-98.23069,19.12854],[-98.23069,19.12854],[-98.23068,19.12868],[-98.23072,19.12887],[-98.23071,19.12896],[-98.23071,19.12907],[-98.23072,19.12926],[-98.23072,19.12926],[-98.23061,19.1294],[-98.2305,19.12951],[-98.2303,19.12966],[-98.23017,19.1298],[-98.23008,19.12987],[-98.23007,19.12989],[-98.22995,19.13],[-98.22982,19.13015],[-98.2298,19.13016],[-98.2296,19.13032],[-98.22947,19.13047],[-98.22938,19.13059],[-98.22927,19.13072],[-98.22918,19.13085],[-98.22908,19.13099],[-98.22901,19.13107],[-98.22887,19.13114],[-98.22881,19.1312],[-98.22877,19.13124],[-98.22875,19.13128],[-98.22874,19.13131],[-98.22874,19.13131],[-98.22874,19.13131],[-98.22876,19.13137],[-98.22877,19.13142],[-98.22882,19.13155],[-98.22882,19.13155],[-98.2289,19.13163],[-98.229,19.13173],[-98.22911,19.13177],[-98.22939,19.13179],[-98.22947,19.1318],[-98.22957,19.13186],[-98.22962,19.13191],[-98.22966,19.13208],[-98.22966,19.13214],[-98.22966,19.13221],[-98.22967,19.13235],[-98.22967,19.13242],[-98.22966,19.13246],[-98.22964,19.13252],[-98.2296,19.13264],[-98.22955,19.13285],[-98.22948,19.1331],[-98.22948,19.1331],[-98.22944,19.13344],[-98.22943,19.13356],[-98.22941,19.13362],[-98.22938,19.1337],[-98.22935,19.13377],[-98.22935,19.13379],[-98.22933,19.13394],[-98.22925,19.13406],[-98.22922,19.13429],[-98.22922,19.13429],[-98.22922,19.13429],[-98.22925,19.13443],[-98.22924,19.13446],[-98.22922,19.13454],[-98.22917,19.13461],[-98.22917,19.13461],[-98.22902,19.13471],[-98.22893,19.13481],[-98.22888,19.13487],[-98.22888,19.13487],[-98.22885,19.13488],[-98.22865,19.13499],[-98.22838,19.13507],[-98.22831,19.1351],[-98.22831,19.1351],[-98.22822,19.13512],[-98.22807,19.13515],[-98.22792,19.13519],[-98.22788,19.1352],[-98.22788,19.1352],[-98.22776,19.13522],[-98.22764,19.13523],[-98.22719,19.13513],[-98.22669,19.13499],[-98.22642,19.13491],[-98.22611,19.13487],[-98.22595,19.13487],[-98.22584,19.13488],[-98.22564,19.13494],[-98.22546,19.13507],[-98.22541,19.13513],[-98.22535,19.1352],[-98.22535,19.1352],[-98.22521,19.13532],[-98.22518,19.13537],[-98.22511,19.13549],[-98.22508,19.1356],[-98.22506,19.13569],[-98.22494,19.136],[-98.22487,19.13623],[-98.22481,19.13641],[-98.2248,19.1365],[-98.22477,19.13663],[-98.22471,19.137],[-98.22459,19.13759],[-98.22458,19.13766],[-98.22454,19.13793],[-98.22457,19.13806],[-98.22458,19.13811],[-98.22469,19.13852],[-98.22487,19.13891],[-98.22519,19.13938],[-98.22567,19.13981],[-98.22587,19.14022],[-98.22579,19.14044],[-98.22556,19.14063],[-98.22525,19.14076],[-98.22497,19.14087],[-98.22472,19.14102],[-98.2245,19.14129],[-98.2244,19.14167],[-98.22442,19.14185],[-98.22451,19.14208],[-98.22487,19.14284],[-98.22511,19.14332],[-98.22525,19.14357],[-98.22537,19.14378],[-98.22559,19.14443],[-98.22622,19.14536],[-98.22671,19.14604],[-98.22706,19.14628],[-98.22741,19.14638],[-98.22782,19.14649],[-98.22817,19.1465],[-98.22829,19.14662],[-98.22839,19.14683],[-98.22855,19.14712],[-98.22875,19.14741],[-98.22914,19.14793],[-98.22988,19.14873],[-98.22993,19.14894],[-98.2299,19.14904],[-98.22965,19.14938],[-98.2294,19.14969],[-98.22923,19.14988],[-98.22908,19.15016],[-98.22899,19.15073],[-98.22892,19.15123],[-98.22894,19.15136],[-98.22937,19.15137],[-98.22994,19.15121],[-98.23113,19.1507],[-98.23324,19.14884],[-98.23554,19.15107],[-98.23608,19.15162],[-98.23687,19.15237],[-98.23848,19.15394],[-98.23969,19.15514],[-98.24107,19.15664],[-98.24042,19.1574],[-98.24042,19.1574],[-98.24042,19.1574],[-98.24108,19.15738],[-98.24208,19.15758],[-98.24213,19.15759],[-98.24215,19.15759],[-98.24582,19.15849],[-98.24951,19.15943],[-98.25016,19.1596],[-98.25157,19.15996],[-98.25313,19.16045],[-98.25458,19.16067],[-98.25466,19.16067],[-98.25591,19.16065],[-98.25721,19.16059],[-98.25787,19.16055],[-98.25918,19.16045],[-98.26001,19.16037],[-98.26048,19.1604],[-98.26102,19.16051],[-98.2616,19.16068],[-98.26222,19.16075],[-98.26241,19.16034],[-98.26282,19.15963],[-98.26297,19.15939],[-98.26321,19.159]]]}},{"type":"Feature","properties":{"cp":72390,"nombre":"CP 72390"},"geometry":{"type":"Polygon","coordinates":[[[-98.13315,19.02912],[-98.13408,19.02898],[-98.13434,19.02938],[-98.13663,19.02899],[-98.14178,19.0282],[-98.14199,19.02868],[-98.14308,19.02851],[-98.14336,19.02757],[-98.1434,19.02724],[-98.14328,19.02694],[-98.14328,19.02674],[-98.14342,19.0266],[-98.14339,19.02627],[-98.14337,19.02555],[-98.14347,19.0254],[-98.14366,19.02547],[-98.14361,19.02517],[-98.14348,19.02382],[-98.14395,19.02334],[-98.14431,19.02256],[-98.14422,19.02159],[-98.14391,19.02066],[-98.14298,19.0197],[-98.14176,19.01833],[-98.14047,19.01729],[-98.14013,19.01686],[-98.13948,19.01604],[-98.14023,19.016],[-98.1408,19.01561],[-98.14011,19.01507],[-98.1393,19.01475],[-98.13811,19.01462],[-98.13742,19.0147],[-98.13613,19.01545],[-98.13513,19.01648],[-98.13326,19.02088],[-98.13245,19.02256],[-98.13138,19.02453],[-98.13044,19.02586],[-98.13061,19.02615],[-98.13106,19.02667],[-98.13155,19.02725],[-98.1319,19.02735],[-98.13224,19.02759],[-98.13256,19.02808],[-98.13281,19.02854],[-98.13315,19.02912]]]}},{"type":"Feature","properties":{"cp":72127,"nombre":"CP 72127"},"geometry":{"type":"Polygon","coordinates":[[[-98.25111,19.08307],[-98.25104,19.083],[-98.25121,19.08274],[-98.25137,19.08257],[-98.25157,19.08241],[-98.2522,19.08212],[-98.2514,19.08176],[-98.24874,19.08054],[-98.24808,19.08165],[-98.24798,19.0816],[-98.24781,19.08313],[-98.2478,19.0839],[-98.24792,19.08384],[-98.24819,19.08375],[-98.24851,19.08369],[-98.24911,19.08365],[-98.24948,19.08362],[-98.25004,19.08351],[-98.25111,19.08307]]]}},{"type":"Feature","properties":{"cp":72200,"nombre":"CP 72200"},"geometry":{"type":"Polygon","coordinates":[[[-98.18925,19.0817],[-98.18845,19.08144],[-98.18718,19.08122],[-98.18648,19.08148],[-98.18608,19.08164],[-98.18368,19.07837],[-98.18341,19.07797],[-98.18312,19.07757],[-98.1829,19.07726],[-98.18262,19.07686],[-98.18234,19.07647],[-98.18184,19.0759],[-98.18162,19.07579],[-98.18149,19.07615],[-98.18139,19.07627],[-98.18127,19.07629],[-98.18112,19.07622],[-98.18101,19.07603],[-98.181,19.07579],[-98.18094,19.07569],[-98.18082,19.07567],[-98.18065,19.07573],[-98.18051,19.07586],[-98.18031,19.07615],[-98.1802,19.07646],[-98.18017,19.07661],[-98.18017,19.07668],[-98.18024,19.07686],[-98.18028,19.07694],[-98.18023,19.07704],[-98.18007,19.07715],[-98.1799,19.07724],[-98.17971,19.07725],[-98.17955,19.07726],[-98.17937,19.07733],[-98.17925,19.07745],[-98.17916,19.07765],[-98.17911,19.07783],[-98.17908,19.07811],[-98.17901,19.07822],[-98.17887,19.07829],[-98.17873,19.07843],[-98.1786,19.07854],[-98.17844,19.07866],[-98.17827,19.07883],[-98.17814,19.07895],[-98.17801,19.07903],[-98.17783,19.07904],[-98.17766,19.07915],[-98.17745,19.0793],[-98.17731,19.07937],[-98.17719,19.07932],[-98.17706,19.07932],[-98.17685,19.07938],[-98.17651,19.07963],[-98.1764,19.07981],[-98.17633,19.07992],[-98.1762,19.07996],[-98.17608,19.07994],[-98.17595,19.07999],[-98.17584,19.08006],[-98.17573,19.08021],[-98.17575,19.08033],[-98.17575,19.08044],[-98.1757,19.08059],[-98.17561,19.08069],[-98.17543,19.08063],[-98.17529,19.0805],[-98.17518,19.08046],[-98.17496,19.08067],[-98.17479,19.08073],[-98.17464,19.08079],[-98.17454,19.08079],[-98.17441,19.08102],[-98.17436,19.08117],[-98.17419,19.08134],[-98.17408,19.08137],[-98.17398,19.08142],[-98.17394,19.08171],[-98.17538,19.08195],[-98.17609,19.08207],[-98.17831,19.08246],[-98.17832,19.08246],[-98.18038,19.08287],[-98.18405,19.08349],[-98.18596,19.08381],[-98.18701,19.08398],[-98.18819,19.08417],[-98.1887,19.08333],[-98.18902,19.08285],[-98.18916,19.08251],[-98.18925,19.0817]]]}},{"type":"Feature","properties":{"cp":72753,"nombre":"CP 72753"},"geometry":{"type":"Polygon","coordinates":[[[-98.36755,19.08695],[-98.36752,19.08694],[-98.36503,19.09057],[-98.36178,19.09376],[-98.35995,19.09568],[-98.35873,19.09684],[-98.35657,19.099],[-98.35565,19.09995],[-98.35318,19.1024],[-98.35319,19.1024],[-98.35322,19.1024],[-98.35337,19.10241],[-98.35341,19.10242],[-98.35357,19.10242],[-98.35409,19.10244],[-98.35438,19.10246],[-98.35466,19.10248],[-98.3551,19.10249],[-98.35526,19.1025],[-98.35555,19.10251],[-98.35599,19.10254],[-98.35649,19.10256],[-98.35662,19.10257],[-98.35707,19.10259],[-98.3576,19.10262],[-98.35814,19.10264],[-98.35828,19.10264],[-98.35837,19.10264],[-98.35884,19.10267],[-98.35939,19.1027],[-98.35989,19.10273],[-98.36028,19.10275],[-98.36067,19.10277],[-98.36104,19.10279],[-98.36161,19.10281],[-98.36219,19.10284],[-98.36235,19.10285],[-98.36246,19.10286],[-98.36293,19.10289],[-98.36341,19.10292],[-98.36368,19.10293],[-98.36406,19.10296],[-98.36444,19.10298],[-98.36513,19.10301],[-98.36555,19.10304],[-98.3659,19.10306],[-98.36631,19.10308],[-98.36667,19.1031],[-98.36754,19.10313],[-98.36818,19.10316],[-98.369,19.10321],[-98.36985,19.10326],[-98.37003,19.10327],[-98.36994,19.10336],[-98.36955,19.10375],[-98.36916,19.10415],[-98.36841,19.1049],[-98.36787,19.10544],[-98.36711,19.1062],[-98.36625,19.10704],[-98.36504,19.10823],[-98.36436,19.10889],[-98.36381,19.10944],[-98.36347,19.10981],[-98.36322,19.11005],[-98.36295,19.11031],[-98.36247,19.11076],[-98.36234,19.11088],[-98.36194,19.1113],[-98.36162,19.11162],[-98.3609,19.11237],[-98.3605,19.11277],[-98.36019,19.1131],[-98.35967,19.11364],[-98.35935,19.11397],[-98.35878,19.11455],[-98.35875,19.11459],[-98.35872,19.11465],[-98.35879,19.11462],[-98.35913,19.11465],[-98.36013,19.11475],[-98.3604,19.11478],[-98.36071,19.11479],[-98.36102,19.11477],[-98.36127,19.11474],[-98.36128,19.11472],[-98.36135,19.11464],[-98.36191,19.11405],[-98.36227,19.11367],[-98.36277,19.11316],[-98.36325,19.11267],[-98.36394,19.11198],[-98.36417,19.11175],[-98.36452,19.1114],[-98.36541,19.11044],[-98.36714,19.11134],[-98.36895,19.11224],[-98.37066,19.11313],[-98.37237,19.11402],[-98.37413,19.11498],[-98.37429,19.11503],[-98.37453,19.11511],[-98.37463,19.11514],[-98.37481,19.11519],[-98.37492,19.11522],[-98.37503,19.11527],[-98.37515,19.11534],[-98.37521,19.11537],[-98.37527,19.11539],[-98.37546,19.11546],[-98.3757,19.11554],[-98.3758,19.11557],[-98.3761,19.11567],[-98.37627,19.11572],[-98.37641,19.11577],[-98.37751,19.11616],[-98.37807,19.11635],[-98.3784,19.11646],[-98.37854,19.11651],[-98.3786,19.11653],[-98.3791,19.11677],[-98.37944,19.11693],[-98.3798,19.1171],[-98.38014,19.11727],[-98.38049,19.11745],[-98.3809,19.11766],[-98.38139,19.11791],[-98.38171,19.11807],[-98.38187,19.11815],[-98.38232,19.11843],[-98.38246,19.11852],[-98.38256,19.1186],[-98.38261,19.11869],[-98.38282,19.11863],[-98.38313,19.11854],[-98.38322,19.11851],[-98.3833,19.11849],[-98.38342,19.11845],[-98.38387,19.11825],[-98.38409,19.11815],[-98.38455,19.11806],[-98.38474,19.11799],[-98.38539,19.11775],[-98.38182,19.11602],[-98.38208,19.11571],[-98.38233,19.11543],[-98.38306,19.11456],[-98.38401,19.11342],[-98.38422,19.11313],[-98.38485,19.11237],[-98.38544,19.11165],[-98.38568,19.11133],[-98.38572,19.11127],[-98.38662,19.11016],[-98.38735,19.10926],[-98.3877,19.1088],[-98.38823,19.10801],[-98.38828,19.10798],[-98.38874,19.10723],[-98.3891,19.10665],[-98.38995,19.10534],[-98.39011,19.10503],[-98.39015,19.10498],[-98.39028,19.10478],[-98.39052,19.10437],[-98.39129,19.10314],[-98.39175,19.10251],[-98.39182,19.1024],[-98.3921,19.10199],[-98.39234,19.10167],[-98.39251,19.10142],[-98.39259,19.10131],[-98.39267,19.10121],[-98.3931,19.10016],[-98.39377,19.09853],[-98.39548,19.09527],[-98.39648,19.09335],[-98.39648,19.09335],[-98.3965,19.09324],[-98.3965,19.09321],[-98.39398,19.09266],[-98.39005,19.09179],[-98.38576,19.09083],[-98.3813,19.08989],[-98.37713,19.08896],[-98.37275,19.08803],[-98.36882,19.08716],[-98.36755,19.08695]]]}},{"type":"Feature","properties":{"cp":72750,"nombre":"CP 72750"},"geometry":{"type":"MultiPolygon","coordinates":[[[[-98.36752,19.08694],[-98.35767,19.08503],[-98.35706,19.08489],[-98.35618,19.08484],[-98.35408,19.08468],[-98.3539,19.08467],[-98.35179,19.08427],[-98.35027,19.08401],[-98.3494,19.08381],[-98.34889,19.08372],[-98.34673,19.08333],[-98.34566,19.08275],[-98.34528,19.08264],[-98.34452,19.08249],[-98.34399,19.08234],[-98.34371,19.08234],[-98.34362,19.08213],[-98.34354,19.08184],[-98.34359,19.0814],[-98.34374,19.081],[-98.34375,19.08073],[-98.34313,19.07997],[-98.3425,19.07918],[-98.34204,19.07858],[-98.34171,19.07795],[-98.34153,19.07768],[-98.34129,19.07757],[-98.34095,19.07756],[-98.34073,19.07757],[-98.34049,19.07745],[-98.3401,19.07793],[-98.33958,19.07831],[-98.33914,19.07883],[-98.3384,19.07952],[-98.33784,19.07979],[-98.33731,19.07998],[-98.33647,19.08012],[-98.33593,19.08015],[-98.33556,19.08003],[-98.33529,19.08004],[-98.33489,19.08034],[-98.33047,19.08421],[-98.33274,19.08668],[-98.32869,19.09223],[-98.32791,19.09189],[-98.32752,19.09171],[-98.32726,19.0915],[-98.32697,19.09119],[-98.32615,19.09242],[-98.32597,19.09232],[-98.32506,19.09367],[-98.32695,19.09467],[-98.32653,19.09526],[-98.32647,19.09552],[-98.32548,19.09703],[-98.32464,19.09832],[-98.32467,19.09842],[-98.32476,19.09856],[-98.32382,19.09987],[-98.32347,19.10044],[-98.32311,19.10081],[-98.3228,19.10115],[-98.32316,19.10156],[-98.32266,19.10221],[-98.32272,19.10227],[-98.32341,19.10277],[-98.32366,19.10283],[-98.32398,19.10276],[-98.32418,19.10269],[-98.3242,19.10269],[-98.3242,19.10269],[-98.32435,19.10278],[-98.32457,19.10293],[-98.32514,19.10339],[-98.32539,19.10359],[-98.32546,19.10364],[-98.32606,19.104],[-98.32654,19.10456],[-98.32657,19.10458],[-98.32661,19.1046],[-98.32781,19.10523],[-98.32877,19.10576],[-98.32936,19.10626],[-98.32943,19.10632],[-98.32945,19.1063],[-98.32947,19.10626],[-98.32967,19.10595],[-98.32991,19.10555],[-98.32991,19.10555],[-98.3299,19.10548],[-98.32987,19.10544],[-98.32984,19.10541],[-98.32974,19.10532],[-98.32851,19.10449],[-98.32889,19.10415],[-98.32904,19.10404],[-98.32934,19.10385],[-98.32939,19.1036],[-98.32939,19.10359],[-98.32941,19.10358],[-98.32956,19.10346],[-98.32959,19.10344],[-98.32994,19.10324],[-98.33024,19.10313],[-98.33034,19.10312],[-98.33047,19.10313],[-98.33054,19.10314],[-98.33057,19.10314],[-98.33069,19.10301],[-98.3308,19.10288],[-98.33116,19.10252],[-98.33158,19.10179],[-98.33167,19.10165],[-98.3321,19.10113],[-98.33288,19.1003],[-98.33304,19.10009],[-98.33316,19.09994],[-98.33337,19.09968],[-98.33357,19.09945],[-98.33386,19.09911],[-98.33429,19.09861],[-98.33431,19.09858],[-98.33431,19.09858],[-98.33478,19.09892],[-98.33483,19.09895],[-98.33535,19.09932],[-98.3357,19.09959],[-98.33635,19.10008],[-98.33673,19.10034],[-98.33674,19.10035],[-98.33677,19.10036],[-98.33725,19.10069],[-98.33822,19.10133],[-98.33825,19.10136],[-98.33889,19.10181],[-98.33931,19.1021],[-98.33948,19.10223],[-98.3395,19.10224],[-98.34064,19.1022],[-98.34076,19.10219],[-98.34263,19.10211],[-98.34545,19.10198],[-98.34639,19.10195],[-98.34652,19.10195],[-98.34668,19.10196],[-98.34783,19.10203],[-98.34815,19.10205],[-98.34847,19.10208],[-98.34893,19.10211],[-98.34941,19.10214],[-98.35049,19.10222],[-98.35083,19.10225],[-98.3523,19.10235],[-98.35271,19.10238],[-98.35309,19.10241],[-98.35318,19.1024],[-98.35565,19.09995],[-98.35657,19.099],[-98.35873,19.09684],[-98.35995,19.09568],[-98.36178,19.09376],[-98.36503,19.09057],[-98.36752,19.08694]]],[[[-98.29985,19.10154],[-98.30095,19.10229],[-98.30183,19.10277],[-98.3021,19.10292],[-98.30222,19.1032],[-98.30242,19.10336],[-98.30288,19.10362],[-98.303,19.10389],[-98.3031,19.10394],[-98.30339,19.10399],[-98.30358,19.10401],[-98.30363,19.10399],[-98.30369,19.10399],[-98.30373,19.104],[-98.30384,19.10402],[-98.30422,19.10407],[-98.30499,19.10428],[-98.30514,19.10449],[-98.30527,19.10471],[-98.30646,19.1053],[-98.30649,19.10533],[-98.30753,19.10589],[-98.30825,19.10642],[-98.30827,19.10644],[-98.30975,19.10435],[-98.30978,19.1043],[-98.30997,19.10397],[-98.3101,19.10376],[-98.31026,19.10352],[-98.31041,19.10331],[-98.3107,19.10289],[-98.31072,19.10286],[-98.31123,19.1021],[-98.31145,19.10182],[-98.31197,19.10117],[-98.31233,19.10073],[-98.31268,19.10033],[-98.31299,19.09997],[-98.31322,19.09966],[-98.3135,19.09924],[-98.31391,19.09952],[-98.314,19.09953],[-98.31404,19.09954],[-98.31424,19.09949],[-98.31442,19.09942],[-98.31447,19.0994],[-98.31453,19.09936],[-98.31488,19.09909],[-98.31502,19.09899],[-98.31518,19.09888],[-98.3154,19.09874],[-98.31564,19.09861],[-98.31638,19.09821],[-98.31656,19.09805],[-98.31708,19.09843],[-98.31725,19.09854],[-98.31778,19.09891],[-98.31863,19.09954],[-98.31908,19.09987],[-98.31911,19.09985],[-98.31918,19.09971],[-98.31927,19.09956],[-98.3193,19.09952],[-98.31956,19.09913],[-98.31966,19.09895],[-98.31969,19.09888],[-98.31936,19.09861],[-98.31893,19.09835],[-98.31849,19.09799],[-98.31807,19.09749],[-98.31758,19.09716],[-98.31735,19.09695],[-98.31735,19.09695],[-98.31715,19.09668],[-98.31697,19.09646],[-98.31659,19.09615],[-98.31615,19.09593],[-98.31578,19.09565],[-98.31564,19.09558],[-98.31556,19.09549],[-98.3155,19.09539],[-98.31532,19.0948],[-98.31487,19.09466],[-98.31409,19.09405],[-98.31254,19.09286],[-98.3123,19.09275],[-98.31216,19.09259],[-98.31196,19.0925],[-98.31159,19.09217],[-98.3111,19.09181],[-98.31073,19.09148],[-98.31039,19.09127],[-98.30945,19.09064],[-98.30901,19.09029],[-98.30862,19.09007],[-98.3082,19.08987],[-98.30785,19.08963],[-98.30759,19.0895],[-98.30705,19.08925],[-98.30632,19.08881],[-98.30536,19.08817],[-98.30483,19.0879],[-98.30447,19.08767],[-98.30423,19.08737],[-98.30397,19.08707],[-98.30368,19.08685],[-98.30339,19.08665],[-98.30316,19.08646],[-98.30307,19.08633],[-98.3023,19.08549],[-98.30331,19.08452],[-98.30312,19.08425],[-98.30279,19.08405],[-98.30254,19.08383],[-98.30234,19.08359],[-98.30213,19.08324],[-98.30158,19.08382],[-98.30174,19.08466],[-98.30175,19.08503],[-98.30119,19.08442],[-98.30071,19.08398],[-98.30018,19.08358],[-98.30018,19.08358],[-98.30018,19.08358],[-98.3,19.08485],[-98.29988,19.08566],[-98.29986,19.08572],[-98.29976,19.08632],[-98.29971,19.08683],[-98.29971,19.08702],[-98.2997,19.08736],[-98.29961,19.08766],[-98.2996,19.08801],[-98.29954,19.08828],[-98.29949,19.08879],[-98.29945,19.08914],[-98.29942,19.0893],[-98.29936,19.08964],[-98.29934,19.08973],[-98.29934,19.08973],[-98.29935,19.08982],[-98.29934,19.08988],[-98.29923,19.09008],[-98.29901,19.09072],[-98.29884,19.09126],[-98.29855,19.09208],[-98.2982,19.09292],[-98.29796,19.09344],[-98.29769,19.09402],[-98.29731,19.09478],[-98.29718,19.09504],[-98.29652,19.09636],[-98.29614,19.09711],[-98.29597,19.09766],[-98.29575,19.09834],[-98.29656,19.0989],[-98.2967,19.09899],[-98.29694,19.09919],[-98.29714,19.09934],[-98.29747,19.09959],[-98.29751,19.09963],[-98.29789,19.10002],[-98.29801,19.10004],[-98.29816,19.10015],[-98.29824,19.10021],[-98.29985,19.10154]]]]}},{"type":"Feature","properties":{"cp":72705,"nombre":"CP 72705"},"geometry":{"type":"Polygon","coordinates":[[[-98.30018,19.08358],[-98.29981,19.0833],[-98.29979,19.08328],[-98.29926,19.0829],[-98.29885,19.08263],[-98.29832,19.08237],[-98.29755,19.08206],[-98.297,19.08187],[-98.29636,19.08162],[-98.29632,19.08161],[-98.29619,19.08154],[-98.29598,19.08143],[-98.29583,19.08128],[-98.29565,19.08105],[-98.29533,19.08066],[-98.29506,19.08032],[-98.29473,19.07992],[-98.29466,19.07983],[-98.29438,19.07951],[-98.29432,19.07946],[-98.29422,19.07936],[-98.29371,19.07883],[-98.29301,19.0784],[-98.29238,19.07803],[-98.29238,19.07803],[-98.29203,19.07838],[-98.29196,19.07845],[-98.29133,19.07902],[-98.29116,19.07886],[-98.29083,19.07808],[-98.29083,19.07808],[-98.29083,19.07808],[-98.29028,19.07785],[-98.28974,19.07779],[-98.28855,19.07556],[-98.28762,19.07567],[-98.27967,19.07646],[-98.27967,19.07646],[-98.27967,19.07685],[-98.28049,19.07842],[-98.28072,19.07891],[-98.2821,19.08163],[-98.28183,19.08215],[-98.28183,19.08246],[-98.28182,19.08284],[-98.28182,19.08403],[-98.28138,19.08446],[-98.28096,19.08483],[-98.28216,19.08525],[-98.28281,19.08548],[-98.28287,19.08542],[-98.28291,19.08543],[-98.28301,19.08552],[-98.28379,19.08579],[-98.28439,19.08601],[-98.28495,19.08621],[-98.28541,19.08637],[-98.28582,19.08657],[-98.28609,19.08674],[-98.28636,19.08692],[-98.28654,19.08711],[-98.28654,19.08711],[-98.28669,19.08727],[-98.28672,19.08732],[-98.28675,19.08735],[-98.28693,19.08754],[-98.28696,19.08746],[-98.28785,19.08538],[-98.28806,19.08514],[-98.28836,19.08463],[-98.28898,19.08367],[-98.28934,19.08307],[-98.28958,19.08244],[-98.29348,19.08472],[-98.29453,19.08408],[-98.29509,19.08523],[-98.29551,19.08597],[-98.29581,19.08652],[-98.29543,19.08681],[-98.29569,19.08712],[-98.29603,19.08694],[-98.29667,19.08762],[-98.2972,19.08815],[-98.29754,19.08806],[-98.29845,19.08897],[-98.29934,19.08973],[-98.29936,19.08964],[-98.29942,19.0893],[-98.29945,19.08914],[-98.29949,19.08879],[-98.29954,19.08828],[-98.2996,19.08801],[-98.29961,19.08766],[-98.2997,19.08736],[-98.29971,19.08702],[-98.29971,19.08683],[-98.29976,19.08632],[-98.29986,19.08572],[-98.29988,19.08566],[-98.3,19.08485],[-98.30018,19.08358],[-98.30018,19.08358]]]}},{"type":"Feature","properties":{"cp":72314,"nombre":"CP 72314"},"geometry":{"type":"Polygon","coordinates":[[[-98.14795,19.06014],[-98.14807,19.05996],[-98.14752,19.05987],[-98.14752,19.05987],[-98.1472,19.05982],[-98.14676,19.05972],[-98.14589,19.05943],[-98.14513,19.05898],[-98.14238,19.05719],[-98.14238,19.05719],[-98.14199,19.05771],[-98.14158,19.0583],[-98.14142,19.05857],[-98.14122,19.05886],[-98.141,19.05913],[-98.14077,19.05938],[-98.14039,19.0598],[-98.14004,19.06015],[-98.13955,19.06062],[-98.13901,19.06117],[-98.13864,19.06158],[-98.13864,19.06158],[-98.14083,19.06284],[-98.14225,19.06395],[-98.14333,19.06486],[-98.14334,19.06457],[-98.14338,19.06442],[-98.14347,19.06425],[-98.14354,19.06419],[-98.14367,19.06422],[-98.14379,19.06433],[-98.14389,19.06434],[-98.144,19.06428],[-98.14413,19.06412],[-98.14446,19.06389],[-98.14471,19.06371],[-98.14484,19.06362],[-98.1449,19.0635],[-98.14487,19.06338],[-98.14477,19.0633],[-98.14479,19.06321],[-98.1449,19.06308],[-98.14504,19.06297],[-98.14511,19.06283],[-98.14517,19.06264],[-98.14513,19.06253],[-98.14517,19.0624],[-98.14549,19.062],[-98.1457,19.06173],[-98.14582,19.06163],[-98.14592,19.06148],[-98.14591,19.06131],[-98.1459,19.06121],[-98.14602,19.06112],[-98.14608,19.06105],[-98.14604,19.06089],[-98.14608,19.06061],[-98.14624,19.06045],[-98.14646,19.06039],[-98.14676,19.06032],[-98.14723,19.06022],[-98.14753,19.06016],[-98.14795,19.06014]]]}},{"type":"Feature","properties":{"cp":72307,"nombre":"CP 72307"},"geometry":{"type":"Polygon","coordinates":[[[-98.14069,19.07393],[-98.14069,19.07393],[-98.14085,19.07399],[-98.14175,19.07432],[-98.15045,19.06601],[-98.15045,19.06601],[-98.15045,19.06601],[-98.15028,19.06601],[-98.15218,19.06416],[-98.15263,19.06372],[-98.15357,19.0628],[-98.15413,19.06206],[-98.15431,19.06162],[-98.15438,19.06118],[-98.14807,19.05996],[-98.14807,19.05996],[-98.14795,19.06014],[-98.14795,19.06014],[-98.14355,19.06729],[-98.14335,19.06773],[-98.14275,19.06963],[-98.1424,19.07074],[-98.14229,19.07099],[-98.14198,19.07097],[-98.14178,19.07108],[-98.14167,19.07121],[-98.14163,19.07136],[-98.14159,19.07147],[-98.1415,19.0716],[-98.14138,19.07166],[-98.14129,19.07172],[-98.14126,19.07182],[-98.14126,19.07199],[-98.1413,19.0722],[-98.14124,19.07243],[-98.14086,19.07327],[-98.14069,19.07393]]]}},{"type":"Feature","properties":{"cp":72707,"nombre":"CP 72707"},"geometry":{"type":"Polygon","coordinates":[[[-98.28172,19.09895],[-98.28133,19.09962],[-98.28209,19.10006],[-98.2821,19.10004],[-98.28227,19.0995],[-98.28249,19.09899],[-98.28255,19.0988],[-98.28258,19.0987],[-98.2826,19.09849],[-98.28312,19.099],[-98.28332,19.09924],[-98.2841,19.10025],[-98.28432,19.10054],[-98.28459,19.10061],[-98.28465,19.1007],[-98.28468,19.10075],[-98.28492,19.10109],[-98.28516,19.10139],[-98.28569,19.10205],[-98.28569,19.10205],[-98.28571,19.10208],[-98.28571,19.10208],[-98.28585,19.10224],[-98.28608,19.1025],[-98.28648,19.10286],[-98.28662,19.10299],[-98.28666,19.10304],[-98.287,19.1034],[-98.2873,19.10373],[-98.28739,19.10384],[-98.28759,19.1041],[-98.28763,19.10416],[-98.28783,19.10448],[-98.28806,19.10476],[-98.28821,19.10498],[-98.28831,19.10565],[-98.28831,19.10628],[-98.28831,19.10628],[-98.28836,19.10635],[-98.28837,19.10637],[-98.28849,19.10657],[-98.28872,19.1068],[-98.28888,19.10695],[-98.28898,19.10706],[-98.28901,19.10709],[-98.28901,19.10709],[-98.28927,19.10735],[-98.28934,19.10739],[-98.28937,19.10742],[-98.28978,19.10767],[-98.28999,19.10779],[-98.29016,19.10789],[-98.29031,19.10797],[-98.29036,19.108],[-98.29036,19.108],[-98.29089,19.10844],[-98.29089,19.10844],[-98.2911,19.10867],[-98.29113,19.1086],[-98.29147,19.1078],[-98.29244,19.10551],[-98.29236,19.1054],[-98.29227,19.10529],[-98.29228,19.10517],[-98.29234,19.10496],[-98.29247,19.10477],[-98.29247,19.10477],[-98.29247,19.10477],[-98.29257,19.10476],[-98.29349,19.10295],[-98.28773,19.09949],[-98.28682,19.09891],[-98.28584,19.09829],[-98.28529,19.09767],[-98.28476,19.09757],[-98.28478,19.09663],[-98.2848,19.0962],[-98.2848,19.0962],[-98.28482,19.09509],[-98.28435,19.09507],[-98.2843,19.09513],[-98.28364,19.09482],[-98.2833,19.09576],[-98.28327,19.09619],[-98.28298,19.09714],[-98.2826,19.09841],[-98.282,19.09784],[-98.28138,19.09862],[-98.28172,19.09895]]]}},{"type":"Feature","properties":{"cp":72595,"nombre":"CP 72595"},"geometry":{"type":"Polygon","coordinates":[[[-98.18859,18.99872],[-98.18859,18.99872],[-98.18944,18.9986],[-98.18999,18.99853],[-98.19009,18.9992],[-98.19009,18.9992],[-98.19018,18.99963],[-98.19018,18.99963],[-98.19034,18.99987],[-98.19058,19.0001],[-98.19231,19.00107],[-98.19256,19.0011],[-98.19391,19.00104],[-98.19391,19.00104],[-98.19391,19.00104],[-98.19389,18.9992],[-98.19394,18.99743],[-98.194,18.99723],[-98.1941,18.99707],[-98.19424,18.99693],[-98.19442,18.99685],[-98.1947,18.99674],[-98.19509,18.9966],[-98.19519,18.99649],[-98.19547,18.99449],[-98.19547,18.99449],[-98.19575,18.99128],[-98.19605,18.98715],[-98.19619,18.98482],[-98.19619,18.98482],[-98.19623,18.98391],[-98.19627,18.98277],[-98.19629,18.98238],[-98.19637,18.98066],[-98.19657,18.97873],[-98.19694,18.97711],[-98.19812,18.97126],[-98.19935,18.97105],[-98.20021,18.97107],[-98.20308,18.97174],[-98.20531,18.97223],[-98.2072,18.97263],[-98.20808,18.97283],[-98.20865,18.97303],[-98.20937,18.97341],[-98.20958,18.97364],[-98.21172,18.97567],[-98.21222,18.97355],[-98.21249,18.97197],[-98.21286,18.97041],[-98.21107,18.97023],[-98.21594,18.95839],[-98.21651,18.95827],[-98.21792,18.9582],[-98.218,18.95721],[-98.21818,18.95511],[-98.21781,18.95504],[-98.21739,18.95472],[-98.21675,18.95414],[-98.216,18.95376],[-98.21488,18.95357],[-98.2132,18.95324],[-98.21159,18.953],[-98.20994,18.9526],[-98.20913,18.95226],[-98.20844,18.9519],[-98.20764,18.9515],[-98.20674,18.95094],[-98.20607,18.95032],[-98.20568,18.95004],[-98.20508,18.94969],[-98.20426,18.94937],[-98.20362,18.94929],[-98.2031,18.94938],[-98.20252,18.94935],[-98.2016,18.94934],[-98.2015,18.94911],[-98.20134,18.94884],[-98.20102,18.94852],[-98.20077,18.9484],[-98.20028,18.94825],[-98.19994,18.94804],[-98.1996,18.9477],[-98.19935,18.94737],[-98.19927,18.94683],[-98.19914,18.9466],[-98.19891,18.94649],[-98.1987,18.94649],[-98.19847,18.94652],[-98.19811,18.94666],[-98.19786,18.94702],[-98.19761,18.94728],[-98.19728,18.94732],[-98.19691,18.94721],[-98.1966,18.94704],[-98.19612,18.94675],[-98.19398,18.94618],[-98.19259,18.94649],[-98.19193,18.94724],[-98.1913,18.94859],[-98.19071,18.95117],[-98.19023,18.95206],[-98.18943,18.95214],[-98.18895,18.95238],[-98.18797,18.95235],[-98.18783,18.95212],[-98.18725,18.95167],[-98.18693,18.95142],[-98.1869,18.95126],[-98.18683,18.95114],[-98.18675,18.95104],[-98.18655,18.95096],[-98.18612,18.95078],[-98.18554,18.95063],[-98.1841,18.95044],[-98.1832,18.95049],[-98.18273,18.9505],[-98.18214,18.95032],[-98.18172,18.94997],[-98.18149,18.94952],[-98.18148,18.94926],[-98.18158,18.94878],[-98.18172,18.94831],[-98.18177,18.94799],[-98.18178,18.94776],[-98.18169,18.9476],[-98.18115,18.94708],[-98.18068,18.94661],[-98.18019,18.9464],[-98.17997,18.94607],[-98.17983,18.94583],[-98.17968,18.94567],[-98.17946,18.94558],[-98.1791,18.94554],[-98.17879,18.9454],[-98.17853,18.94513],[-98.17824,18.94455],[-98.1782,18.94414],[-98.17824,18.94371],[-98.17833,18.94317],[-98.17865,18.94214],[-98.17887,18.94167],[-98.179,18.94102],[-98.17897,18.93956],[-98.17857,18.93889],[-98.17781,18.93849],[-98.176,18.93832],[-98.17529,18.93829],[-98.1729,18.93831],[-98.1711,18.93879],[-98.16972,18.9396],[-98.16876,18.94068],[-98.1672,18.94238],[-98.16666,18.94296],[-98.16622,18.94324],[-98.16606,18.94371],[-98.16578,18.94446],[-98.16563,18.9454],[-98.16542,18.94621],[-98.16536,18.94635],[-98.16494,18.9467],[-98.16467,18.94708],[-98.16464,18.94744],[-98.16456,18.94774],[-98.16437,18.94809],[-98.16429,18.94845],[-98.1641,18.94875],[-98.16392,18.94893],[-98.16372,18.94902],[-98.16307,18.94923],[-98.16262,18.94934],[-98.16214,18.94942],[-98.16161,18.94925],[-98.16102,18.94824],[-98.16032,18.94972],[-98.1596,18.95128],[-98.15941,18.95171],[-98.15921,18.95192],[-98.15901,18.95205],[-98.15881,18.95212],[-98.15858,18.95213],[-98.15837,18.95203],[-98.15783,18.95167],[-98.15706,18.95115],[-98.15679,18.95108],[-98.15653,18.95106],[-98.15621,18.95113],[-98.15589,18.95129],[-98.1537,18.95282],[-98.15302,18.95324],[-98.15269,18.9534],[-98.15235,18.95343],[-98.15207,18.95338],[-98.15176,18.95323],[-98.15135,18.95293],[-98.15135,18.95293],[-98.15093,18.95257],[-98.15029,18.95331],[-98.15011,18.95339],[-98.14949,18.95362],[-98.14933,18.95373],[-98.14907,18.95422],[-98.14879,18.95458],[-98.14842,18.95542],[-98.14836,18.95563],[-98.14838,18.95635],[-98.14847,18.95673],[-98.1487,18.95719],[-98.14891,18.95747],[-98.14894,18.95756],[-98.14893,18.95764],[-98.14887,18.95775],[-98.14877,18.95785],[-98.14647,18.95939],[-98.14631,18.95997],[-98.14576,18.96018],[-98.1455,18.9607],[-98.1455,18.96204],[-98.14479,18.96216],[-98.14455,18.96226],[-98.14441,18.96238],[-98.14419,18.96266],[-98.1439,18.96367],[-98.1437,18.96465],[-98.1435,18.9649],[-98.14287,18.96522],[-98.14239,18.96549],[-98.14217,18.96548],[-98.14201,18.9654],[-98.14144,18.96497],[-98.14077,18.96468],[-98.14033,18.96452],[-98.13963,18.96422],[-98.13903,18.96368],[-98.13786,18.96284],[-98.13761,18.96255],[-98.1372,18.96207],[-98.137,18.96142],[-98.13694,18.96103],[-98.13697,18.96069],[-98.13684,18.96018],[-98.13665,18.95972],[-98.13652,18.95961],[-98.13625,18.95962],[-98.13625,18.95962],[-98.13625,18.95962],[-98.13619,18.95971],[-98.13613,18.95978],[-98.13611,18.95979],[-98.13605,18.95981],[-98.13601,18.95982],[-98.1359,18.9599],[-98.13585,18.95994],[-98.13583,18.96002],[-98.13581,18.96015],[-98.13581,18.96027],[-98.13576,18.96037],[-98.13569,18.96053],[-98.13567,18.9607],[-98.13554,18.96091],[-98.13541,18.96109],[-98.13539,18.96111],[-98.13539,18.96111],[-98.13537,18.96117],[-98.13529,18.96136],[-98.13528,18.96152],[-98.13526,18.96166],[-98.13529,18.96181],[-98.13531,18.96189],[-98.13545,18.96199],[-98.13552,18.96207],[-98.13566,18.96222],[-98.13582,18.96248],[-98.13592,18.96263],[-98.13597,18.9627],[-98.13596,18.96298],[-98.13596,18.96307],[-98.13596,18.96307],[-98.13598,18.96339],[-98.13603,18.96349],[-98.13615,18.96373],[-98.13638,18.96383],[-98.1365,18.964],[-98.13645,18.96419],[-98.13639,18.96426],[-98.13632,18.96434],[-98.13625,18.96446],[-98.13619,18.96456],[-98.13612,18.96473],[-98.13604,18.96493],[-98.136,18.96503],[-98.13601,18.96518],[-98.13603,18.96542],[-98.13603,18.96545],[-98.1361,18.96584],[-98.13631,18.96656],[-98.13639,18.9668],[-98.13644,18.96698],[-98.13646,18.96708],[-98.13644,18.96746],[-98.13645,18.96748],[-98.13647,18.96795],[-98.13646,18.96824],[-98.13646,18.96826],[-98.13645,18.96828],[-98.13637,18.96878],[-98.13636,18.96939],[-98.13623,18.96971],[-98.13623,18.96971],[-98.13623,18.96974],[-98.13619,18.97002],[-98.1361,18.97033],[-98.13606,18.9705],[-98.13618,18.97133],[-98.13605,18.97184],[-98.13596,18.97212],[-98.13588,18.97235],[-98.1358,18.97298],[-98.13572,18.97325],[-98.13571,18.9733],[-98.13559,18.97373],[-98.13556,18.97387],[-98.13554,18.974],[-98.13553,18.97433],[-98.13553,18.97437],[-98.13553,18.97437],[-98.13567,18.9747],[-98.13585,18.97496],[-98.13249,18.97846],[-98.13249,18.97846],[-98.13253,18.97856],[-98.13255,18.97859],[-98.13257,18.97864],[-98.13265,18.9788],[-98.13265,18.9788],[-98.13268,18.9788],[-98.13282,18.97881],[-98.13294,18.97874],[-98.13299,18.97871],[-98.13325,18.97885],[-98.13334,18.97889],[-98.13357,18.97906],[-98.13364,18.97912],[-98.13374,18.97946],[-98.13385,18.9797],[-98.13388,18.97977],[-98.1339,18.97988],[-98.13392,18.97997],[-98.13391,18.98014],[-98.13391,18.98019],[-98.13393,18.98053],[-98.13398,18.981],[-98.13402,18.98141],[-98.13402,18.98143],[-98.13407,18.98153],[-98.13406,18.98156],[-98.13403,18.98162],[-98.13399,18.98176],[-98.13398,18.98181],[-98.13397,18.98186],[-98.13394,18.98195],[-98.134,18.98205],[-98.13403,18.98211],[-98.13409,18.98218],[-98.13418,18.98229],[-98.13427,18.98268],[-98.13427,18.98269],[-98.13439,18.98298],[-98.1345,18.98316],[-98.13454,18.98344],[-98.13449,18.98368],[-98.13451,18.98381],[-98.13451,18.98389],[-98.13464,18.98415],[-98.13474,18.98429],[-98.13484,18.98441],[-98.13485,18.98441],[-98.13485,18.98441],[-98.13488,18.98444],[-98.13495,18.98449],[-98.13502,18.98453],[-98.13524,18.98465],[-98.1353,18.98489],[-98.13541,18.98515],[-98.13539,18.9853],[-98.13538,18.98543],[-98.13549,18.98586],[-98.13555,18.98604],[-98.13566,18.98631],[-98.13572,18.98651],[-98.13574,18.98657],[-98.13574,18.98657],[-98.13586,18.98671],[-98.1359,18.98674],[-98.13595,18.98679],[-98.136,18.98683],[-98.1361,18.9869],[-98.13633,18.98711],[-98.13628,18.98724],[-98.1363,18.9873],[-98.13633,18.98736],[-98.13632,18.9874],[-98.13631,18.9875],[-98.13633,18.9876],[-98.13643,18.98777],[-98.13653,18.98784],[-98.13656,18.98786],[-98.13661,18.9879],[-98.13672,18.98796],[-98.13676,18.98798],[-98.13699,18.98804],[-98.13707,18.9881],[-98.13709,18.98811],[-98.13716,18.98814],[-98.13724,18.98819],[-98.13733,18.98831],[-98.13733,18.98833],[-98.13732,18.98844],[-98.13731,18.98852],[-98.1373,18.98858],[-98.13718,18.98874],[-98.13708,18.98898],[-98.13708,18.98903],[-98.13707,18.98916],[-98.13703,18.98927],[-98.13703,18.98927],[-98.13703,18.98927],[-98.13704,18.98942],[-98.13704,18.98959],[-98.13705,18.98971],[-98.13711,18.98989],[-98.13713,18.98993],[-98.13721,18.99011],[-98.13727,18.99023],[-98.13732,18.9904],[-98.13733,18.99042],[-98.13734,18.99051],[-98.1374,18.99055],[-98.13746,18.99059],[-98.13754,18.9907],[-98.1376,18.99073],[-98.13782,18.99081],[-98.13789,18.99091],[-98.13793,18.99107],[-98.13791,18.99113],[-98.13789,18.99116],[-98.13784,18.99126],[-98.13776,18.99129],[-98.13763,18.99133],[-98.13761,18.99133],[-98.1375,18.99133],[-98.13741,18.99135],[-98.13734,18.99141],[-98.13734,18.99141],[-98.13729,18.99154],[-98.13732,18.99165],[-98.13733,18.99172],[-98.13733,18.99178],[-98.13733,18.99187],[-98.13733,18.99198],[-98.13732,18.99205],[-98.13732,18.99205],[-98.13741,18.99223],[-98.13741,18.99223],[-98.13742,18.99223],[-98.1375,18.99231],[-98.1376,18.99243],[-98.13774,18.99251],[-98.13776,18.99255],[-98.13787,18.99268],[-98.13802,18.99292],[-98.13809,18.99302],[-98.13815,18.99308],[-98.13825,18.99316],[-98.13826,18.99317],[-98.13838,18.9933],[-98.1384,18.99343],[-98.13841,18.99344],[-98.13848,18.99348],[-98.13812,18.99402],[-98.13812,18.99402],[-98.13853,18.99402],[-98.13922,18.99417],[-98.13966,18.99425],[-98.14019,18.99423],[-98.14097,18.99415],[-98.1415,18.99418],[-98.14184,18.99436],[-98.14195,18.99453],[-98.14197,18.9947],[-98.14183,18.99484],[-98.14172,18.99501],[-98.14164,18.99518],[-98.1415,18.99558],[-98.14164,18.99595],[-98.14203,18.99625],[-98.14232,18.99657],[-98.14281,18.99704],[-98.14361,18.99739],[-98.14429,18.99771],[-98.1446,18.9978],[-98.14504,18.99755],[-98.14486,18.9972],[-98.14466,18.99675],[-98.14485,18.99647],[-98.14518,18.99642],[-98.14574,18.99663],[-98.14628,18.99706],[-98.14649,18.99715],[-98.1469,18.99708],[-98.14703,18.99695],[-98.14719,18.9967],[-98.14723,18.99651],[-98.14723,18.99634],[-98.1473,18.99623],[-98.1476,18.99609],[-98.14781,18.99605],[-98.14806,18.99605],[-98.14856,18.99595],[-98.14893,18.99584],[-98.14924,18.99543],[-98.14974,18.9946],[-98.15004,18.99443],[-98.15038,18.99439],[-98.15088,18.9945],[-98.15134,18.99468],[-98.15157,18.99485],[-98.15178,18.99487],[-98.15188,18.99481],[-98.15204,18.99464],[-98.15213,18.99432],[-98.15217,18.99406],[-98.1525,18.99365],[-98.15281,18.99349],[-98.15301,18.99346],[-98.15317,18.9935],[-98.15338,18.99351],[-98.15351,18.99344],[-98.15363,18.99329],[-98.15381,18.9931],[-98.15395,18.99311],[-98.15401,18.99322],[-98.15398,18.99331],[-98.15388,18.99343],[-98.15375,18.99355],[-98.15371,18.99377],[-98.15379,18.99405],[-98.15389,18.99428],[-98.15422,18.99476],[-98.15426,18.99479],[-98.15449,18.99514],[-98.15458,18.99518],[-98.15463,18.99517],[-98.15477,18.99511],[-98.15483,18.99499],[-98.15489,18.99473],[-98.15501,18.99447],[-98.15535,18.99419],[-98.15561,18.99397],[-98.15572,18.99384],[-98.15574,18.99371],[-98.15551,18.99355],[-98.15535,18.99343],[-98.15522,18.99333],[-98.15517,18.99322],[-98.15517,18.99311],[-98.15521,18.99302],[-98.15531,18.99296],[-98.15566,18.99286],[-98.15606,18.99264],[-98.15624,18.99241],[-98.15634,18.99217],[-98.1564,18.99202],[-98.15651,18.992],[-98.15676,18.99206],[-98.15691,18.99214],[-98.15706,18.99243],[-98.15718,18.99273],[-98.15722,18.99291],[-98.15729,18.99303],[-98.15735,18.99316],[-98.15734,18.99332],[-98.15731,18.99356],[-98.15741,18.99373],[-98.15769,18.99378],[-98.15777,18.9937],[-98.15784,18.99357],[-98.15797,18.99348],[-98.1582,18.99351],[-98.15864,18.99352],[-98.15904,18.99346],[-98.15927,18.99337],[-98.15932,18.99324],[-98.15927,18.99305],[-98.15919,18.9927],[-98.15908,18.99248],[-98.15881,18.99228],[-98.15852,18.99222],[-98.15843,18.99214],[-98.15844,18.99202],[-98.15857,18.99188],[-98.15877,18.99183],[-98.15906,18.99163],[-98.1595,18.99148],[-98.15971,18.99144],[-98.15994,18.99129],[-98.16021,18.99116],[-98.16025,18.99106],[-98.16023,18.99095],[-98.16024,18.99085],[-98.1603,18.99059],[-98.16043,18.99036],[-98.16043,18.99036],[-98.16395,18.99112],[-98.16812,18.98686],[-98.17148,18.98344],[-98.1736,18.98122],[-98.17419,18.9807],[-98.17461,18.98045],[-98.17525,18.98022],[-98.17616,18.9801],[-98.18222,18.9801],[-98.18358,18.98016],[-98.18348,18.9807],[-98.18342,18.98267],[-98.18359,18.98422],[-98.18395,18.98555],[-98.1852,18.98598],[-98.18551,18.98689],[-98.18554,18.98709],[-98.18552,18.98734],[-98.18546,18.98757],[-98.18527,18.98793],[-98.18498,18.98836],[-98.18462,18.98895],[-98.18444,18.98952],[-98.18434,18.99016],[-98.18432,18.9906],[-98.1843,18.99117],[-98.18423,18.99168],[-98.18425,18.99189],[-98.18413,18.99229],[-98.18413,18.99229],[-98.18413,18.99243],[-98.18448,18.99251],[-98.18476,18.99267],[-98.18507,18.99275],[-98.18521,18.99289],[-98.18524,18.99305],[-98.18523,18.99317],[-98.18517,18.9933],[-98.18502,18.99368],[-98.18489,18.99458],[-98.18483,18.995],[-98.18488,18.99515],[-98.18509,18.9952],[-98.1854,18.99514],[-98.18563,18.99502],[-98.18586,18.99494],[-98.1862,18.99502],[-98.18667,18.99529],[-98.18699,18.99542],[-98.18718,18.9955],[-98.1874,18.99573],[-98.1879,18.99627],[-98.18832,18.9967],[-98.18861,18.99706],[-98.18871,18.99764],[-98.18868,18.99825],[-98.18868,18.99844],[-98.18868,18.99844],[-98.18859,18.99872]]]}},{"type":"Feature","properties":{"cp":72670,"nombre":"CP 72670"},"geometry":{"type":"Polygon","coordinates":[[[-98.29698,19.16374],[-98.297,19.16371],[-98.29757,19.16264],[-98.2976,19.16258],[-98.29786,19.16207],[-98.29789,19.16203],[-98.29792,19.16199],[-98.29798,19.16187],[-98.29807,19.1617],[-98.29973,19.1625],[-98.30138,19.16332],[-98.30151,19.16338],[-98.30227,19.16374],[-98.30272,19.16395],[-98.30313,19.16415],[-98.30357,19.16436],[-98.3041,19.16461],[-98.30485,19.16498],[-98.30518,19.16443],[-98.30547,19.16391],[-98.30569,19.16353],[-98.30578,19.16338],[-98.30598,19.16303],[-98.30634,19.1624],[-98.30637,19.16234],[-98.30758,19.16039],[-98.30703,19.15838],[-98.30805,19.15709],[-98.30901,19.15588],[-98.30906,19.15582],[-98.31021,19.1544],[-98.31071,19.15494],[-98.31106,19.15532],[-98.31167,19.15597],[-98.31259,19.15696],[-98.31514,19.15969],[-98.31514,19.15969],[-98.31514,19.15968],[-98.31661,19.16125],[-98.31669,19.1613],[-98.31739,19.16147],[-98.31793,19.16159],[-98.31812,19.16164],[-98.31812,19.16167],[-98.31817,19.16168],[-98.31824,19.16071],[-98.31823,19.15939],[-98.31823,19.15921],[-98.31822,19.15819],[-98.31821,19.15692],[-98.31821,19.15644],[-98.3182,19.15454],[-98.31819,19.15431],[-98.31819,19.15157],[-98.31819,19.15147],[-98.31817,19.14978],[-98.31825,19.14694],[-98.31907,19.14589],[-98.31913,19.1458],[-98.31963,19.14505],[-98.32024,19.14412],[-98.32138,19.14253],[-98.32142,19.14234],[-98.32167,19.14141],[-98.3219,19.14064],[-98.32269,19.13793],[-98.32279,19.13761],[-98.32345,19.13552],[-98.3235,19.13532],[-98.32348,19.13516],[-98.32338,19.13419],[-98.32288,19.13213],[-98.32269,19.13146],[-98.32233,19.13039],[-98.32226,19.13018],[-98.3222,19.13],[-98.322,19.12939],[-98.32183,19.12881],[-98.32141,19.12732],[-98.32106,19.12619],[-98.32027,19.12363],[-98.31953,19.12122],[-98.3188,19.119],[-98.31866,19.11853],[-98.3181,19.11695],[-98.31794,19.11649],[-98.31761,19.11546],[-98.31742,19.11475],[-98.31737,19.11455],[-98.31722,19.11401],[-98.31697,19.11296],[-98.31668,19.11234],[-98.31647,19.11187],[-98.31647,19.11187],[-98.31585,19.11029],[-98.3148,19.11105],[-98.31473,19.11108],[-98.31356,19.1116],[-98.31311,19.11178],[-98.31191,19.11231],[-98.31186,19.11154],[-98.31184,19.11076],[-98.31273,19.10934],[-98.31208,19.10887],[-98.31092,19.10809],[-98.30948,19.10725],[-98.30827,19.10644],[-98.30825,19.10642],[-98.30753,19.10589],[-98.30649,19.10533],[-98.30646,19.1053],[-98.30527,19.10471],[-98.30514,19.10449],[-98.30499,19.10428],[-98.30422,19.10407],[-98.30384,19.10402],[-98.30373,19.104],[-98.30369,19.10399],[-98.30363,19.10399],[-98.30358,19.10401],[-98.30339,19.10399],[-98.3031,19.10394],[-98.303,19.10389],[-98.30288,19.10362],[-98.30242,19.10336],[-98.30222,19.1032],[-98.3021,19.10292],[-98.30183,19.10277],[-98.30095,19.10229],[-98.29985,19.10154],[-98.29824,19.10021],[-98.29816,19.10015],[-98.29801,19.10004],[-98.29789,19.10002],[-98.29751,19.09963],[-98.29747,19.09959],[-98.29714,19.09934],[-98.29694,19.09919],[-98.2967,19.09899],[-98.29656,19.0989],[-98.29575,19.09834],[-98.29503,19.0997],[-98.29452,19.10082],[-98.29447,19.10093],[-98.29378,19.10228],[-98.29349,19.10295],[-98.29349,19.10295],[-98.29257,19.10476],[-98.29247,19.10477],[-98.29247,19.10477],[-98.29247,19.10477],[-98.29234,19.10496],[-98.29228,19.10517],[-98.29227,19.10529],[-98.29236,19.1054],[-98.29244,19.10551],[-98.29147,19.1078],[-98.29113,19.1086],[-98.2911,19.10867],[-98.29089,19.10844],[-98.29089,19.10844],[-98.29055,19.1094],[-98.29035,19.11032],[-98.28968,19.11242],[-98.28925,19.11349],[-98.28897,19.11432],[-98.288,19.11651],[-98.28798,19.11655],[-98.28747,19.11748],[-98.28848,19.11808],[-98.28843,19.11817],[-98.28937,19.11876],[-98.28994,19.11797],[-98.29068,19.1196],[-98.29135,19.12116],[-98.29171,19.12196],[-98.292,19.12232],[-98.29253,19.12321],[-98.29289,19.12407],[-98.29225,19.12499],[-98.29185,19.12558],[-98.29272,19.12615],[-98.29311,19.12648],[-98.29297,19.12668],[-98.29383,19.12735],[-98.29365,19.12757],[-98.29502,19.12865],[-98.29495,19.12939],[-98.29565,19.12978],[-98.29426,19.13182],[-98.29641,19.13324],[-98.29618,19.13356],[-98.29751,19.13445],[-98.29776,19.13417],[-98.29843,19.1346],[-98.29902,19.13385],[-98.29936,19.13361],[-98.29949,19.13341],[-98.29964,19.13315],[-98.30075,19.13132],[-98.30149,19.13171],[-98.30151,19.13125],[-98.3016,19.13085],[-98.30171,19.13058],[-98.30197,19.13008],[-98.30233,19.12944],[-98.30248,19.12906],[-98.30334,19.12773],[-98.30325,19.12753],[-98.30387,19.12657],[-98.30455,19.1275],[-98.30465,19.12821],[-98.30484,19.12872],[-98.30542,19.12913],[-98.30633,19.12965],[-98.3069,19.12989],[-98.30767,19.13015],[-98.30823,19.13025],[-98.30879,19.12946],[-98.30953,19.1294],[-98.30963,19.12934],[-98.31029,19.12851],[-98.31038,19.12857],[-98.3105,19.12839],[-98.31159,19.12923],[-98.31306,19.1276],[-98.31553,19.12941],[-98.31401,19.13485],[-98.31437,19.13528],[-98.31457,19.13564],[-98.31471,19.13601],[-98.31476,19.13638],[-98.31473,19.13707],[-98.31458,19.13783],[-98.31458,19.13841],[-98.31476,19.13895],[-98.31532,19.13975],[-98.31415,19.14121],[-98.31269,19.14337],[-98.31208,19.14298],[-98.30926,19.14113],[-98.30837,19.1406],[-98.30794,19.14127],[-98.30737,19.14087],[-98.30732,19.14094],[-98.30673,19.14063],[-98.30658,19.1429],[-98.30657,19.14297],[-98.30654,19.14298],[-98.30517,19.14188],[-98.30452,19.14143],[-98.30425,19.14117],[-98.30394,19.14098],[-98.3038,19.14122],[-98.30242,19.1404],[-98.30216,19.14023],[-98.30193,19.1401],[-98.30191,19.14011],[-98.30192,19.14049],[-98.3019,19.14049],[-98.30046,19.13927],[-98.29997,19.13996],[-98.29964,19.13975],[-98.29925,19.14037],[-98.29639,19.13811],[-98.29615,19.13832],[-98.29602,19.13852],[-98.29596,19.13866],[-98.29585,19.13891],[-98.29579,19.13892],[-98.29574,19.1389],[-98.29557,19.13873],[-98.29518,19.13841],[-98.29483,19.13804],[-98.29458,19.13765],[-98.29444,19.13737],[-98.29441,19.13735],[-98.29434,19.13736],[-98.294,19.13777],[-98.29278,19.13954],[-98.29304,19.13974],[-98.29265,19.14038],[-98.29265,19.14041],[-98.29266,19.14048],[-98.29268,19.14051],[-98.29333,19.14099],[-98.29341,19.14111],[-98.29341,19.14119],[-98.29341,19.1412],[-98.2934,19.14121],[-98.29326,19.14139],[-98.29299,19.14177],[-98.29276,19.14203],[-98.29266,19.14213],[-98.2926,19.14215],[-98.29248,19.14215],[-98.29237,19.14212],[-98.29225,19.14211],[-98.29213,19.14214],[-98.29189,19.14235],[-98.29165,19.14267],[-98.29158,19.14293],[-98.29157,19.1432],[-98.29155,19.14346],[-98.29145,19.14376],[-98.29128,19.14395],[-98.29113,19.14407],[-98.291,19.14419],[-98.29086,19.14436],[-98.29078,19.14456],[-98.29077,19.14477],[-98.29084,19.14508],[-98.29155,19.14562],[-98.29099,19.14628],[-98.29081,19.1466],[-98.29033,19.1472],[-98.28991,19.14793],[-98.29045,19.14841],[-98.29072,19.1488],[-98.29138,19.1496],[-98.28992,19.15347],[-98.29227,19.15691],[-98.29231,19.15696],[-98.29384,19.15919],[-98.29475,19.1605],[-98.29565,19.16181],[-98.29632,19.16277],[-98.29698,19.16374],[-98.29698,19.16374]]]}},{"type":"Feature","properties":{"cp":72017,"nombre":"CP 72017"},"geometry":{"type":"MultiPolygon","coordinates":[[[[-98.17394,19.08171],[-98.17286,19.08159],[-98.17199,19.08151],[-98.17139,19.08151],[-98.17047,19.08158],[-98.16973,19.08167],[-98.16923,19.08182],[-98.16856,19.08209],[-98.16751,19.08251],[-98.16676,19.08267],[-98.16631,19.08267],[-98.16579,19.0826],[-98.16652,19.0834],[-98.16629,19.0836],[-98.16686,19.08422],[-98.16651,19.08442],[-98.16612,19.08471],[-98.167,19.08548],[-98.16774,19.08611],[-98.16748,19.08635],[-98.16756,19.08656],[-98.16744,19.08662],[-98.16723,19.08679],[-98.16708,19.08684],[-98.1669,19.08693],[-98.16669,19.087],[-98.16666,19.08718],[-98.1665,19.08729],[-98.1663,19.08726],[-98.16602,19.08726],[-98.16585,19.08735],[-98.1657,19.08747],[-98.16593,19.08772],[-98.16729,19.08872],[-98.16912,19.09012],[-98.17092,19.09155],[-98.17107,19.09141],[-98.17178,19.09055],[-98.17269,19.09112],[-98.17321,19.09148],[-98.17299,19.09157],[-98.17258,19.09196],[-98.17254,19.09213],[-98.17256,19.09229],[-98.17259,19.0925],[-98.17255,19.09278],[-98.17246,19.09287],[-98.17229,19.093],[-98.17211,19.09312],[-98.1721,19.09328],[-98.17204,19.09339],[-98.17191,19.09348],[-98.17172,19.09358],[-98.1715,19.09392],[-98.17123,19.09411],[-98.17092,19.09425],[-98.17062,19.09457],[-98.17047,19.09475],[-98.17014,19.09507],[-98.16987,19.09546],[-98.16987,19.09546],[-98.16987,19.09546],[-98.17242,19.09724],[-98.17242,19.09724],[-98.1728,19.09658],[-98.17512,19.09256],[-98.17577,19.09139],[-98.1758,19.09132],[-98.17603,19.09093],[-98.17775,19.09187],[-98.17794,19.09198],[-98.17818,19.09198],[-98.17885,19.09106],[-98.17663,19.08986],[-98.17688,19.08943],[-98.17699,19.08924],[-98.17716,19.08895],[-98.17773,19.08791],[-98.17838,19.08664],[-98.1785,19.08638],[-98.17787,19.08591],[-98.17757,19.08546],[-98.17734,19.08545],[-98.17714,19.0854],[-98.17683,19.08525],[-98.17609,19.0847],[-98.17593,19.08497],[-98.17566,19.08486],[-98.17572,19.08473],[-98.17571,19.08457],[-98.17566,19.08443],[-98.17556,19.08432],[-98.17546,19.08418],[-98.17549,19.08409],[-98.17559,19.08395],[-98.17573,19.08378],[-98.17584,19.08365],[-98.17601,19.08362],[-98.1762,19.08361],[-98.17631,19.08368],[-98.17641,19.08371],[-98.17651,19.08367],[-98.17658,19.08349],[-98.17668,19.08329],[-98.17669,19.08316],[-98.17666,19.08306],[-98.17652,19.08303],[-98.17641,19.08302],[-98.17629,19.08289],[-98.17616,19.08264],[-98.17608,19.08236],[-98.17609,19.08207],[-98.17538,19.08195],[-98.17394,19.08171]]],[[[-98.17692,19.08396],[-98.17833,19.08486],[-98.17868,19.08434],[-98.17797,19.08394],[-98.17724,19.08352],[-98.17692,19.08396]]]]}},{"type":"Feature","properties":{"cp":72597,"nombre":"CP 72597"},"geometry":{"type":"Polygon","coordinates":[[[-98.1408,19.01561],[-98.1417,19.01617],[-98.14247,19.01642],[-98.14301,19.01647],[-98.14385,19.01641],[-98.14484,19.01614],[-98.14572,19.01556],[-98.14683,19.01383],[-98.14719,19.01205],[-98.14806,19.00912],[-98.14852,19.00785],[-98.14947,19.0063],[-98.15164,19.004],[-98.15506,19.00029],[-98.15803,18.99724],[-98.16021,18.99498],[-98.16055,18.99463],[-98.16395,18.99112],[-98.16043,18.99036],[-98.16043,18.99036],[-98.1603,18.99059],[-98.16024,18.99085],[-98.16023,18.99095],[-98.16025,18.99106],[-98.16021,18.99116],[-98.15994,18.99129],[-98.15971,18.99144],[-98.1595,18.99148],[-98.15906,18.99163],[-98.15877,18.99183],[-98.15857,18.99188],[-98.15844,18.99202],[-98.15843,18.99214],[-98.15852,18.99222],[-98.15881,18.99228],[-98.15908,18.99248],[-98.15919,18.9927],[-98.15927,18.99305],[-98.15932,18.99324],[-98.15927,18.99337],[-98.15904,18.99346],[-98.15864,18.99352],[-98.1582,18.99351],[-98.15797,18.99348],[-98.15784,18.99357],[-98.15777,18.9937],[-98.15769,18.99378],[-98.15741,18.99373],[-98.15731,18.99356],[-98.15734,18.99332],[-98.15735,18.99316],[-98.15729,18.99303],[-98.15722,18.99291],[-98.15718,18.99273],[-98.15706,18.99243],[-98.15691,18.99214],[-98.15676,18.99206],[-98.15651,18.992],[-98.1564,18.99202],[-98.15634,18.99217],[-98.15624,18.99241],[-98.15606,18.99264],[-98.15566,18.99286],[-98.15531,18.99296],[-98.15521,18.99302],[-98.15517,18.99311],[-98.15517,18.99322],[-98.15522,18.99333],[-98.15535,18.99343],[-98.15551,18.99355],[-98.15574,18.99371],[-98.15572,18.99384],[-98.15561,18.99397],[-98.15535,18.99419],[-98.15501,18.99447],[-98.15489,18.99473],[-98.15483,18.99499],[-98.15477,18.99511],[-98.15463,18.99517],[-98.15458,18.99518],[-98.15449,18.99514],[-98.15426,18.99479],[-98.15422,18.99476],[-98.15389,18.99428],[-98.15379,18.99405],[-98.15371,18.99377],[-98.15375,18.99355],[-98.15388,18.99343],[-98.15398,18.99331],[-98.15401,18.99322],[-98.15395,18.99311],[-98.15381,18.9931],[-98.15363,18.99329],[-98.15351,18.99344],[-98.15338,18.99351],[-98.15317,18.9935],[-98.15301,18.99346],[-98.15281,18.99349],[-98.1525,18.99365],[-98.15217,18.99406],[-98.15213,18.99432],[-98.15204,18.99464],[-98.15188,18.99481],[-98.15178,18.99487],[-98.15157,18.99485],[-98.15134,18.99468],[-98.15088,18.9945],[-98.15038,18.99439],[-98.15004,18.99443],[-98.14974,18.9946],[-98.14924,18.99543],[-98.14893,18.99584],[-98.14856,18.99595],[-98.14806,18.99605],[-98.14781,18.99605],[-98.1476,18.99609],[-98.1473,18.99623],[-98.14723,18.99634],[-98.14723,18.99651],[-98.14719,18.9967],[-98.14703,18.99695],[-98.1469,18.99708],[-98.14649,18.99715],[-98.14628,18.99706],[-98.14574,18.99663],[-98.14518,18.99642],[-98.14485,18.99647],[-98.14466,18.99675],[-98.14486,18.9972],[-98.14504,18.99755],[-98.1446,18.9978],[-98.14429,18.99771],[-98.14361,18.99739],[-98.14281,18.99704],[-98.14232,18.99657],[-98.14203,18.99625],[-98.14164,18.99595],[-98.1415,18.99558],[-98.14164,18.99518],[-98.14172,18.99501],[-98.14183,18.99484],[-98.14197,18.9947],[-98.14195,18.99453],[-98.14184,18.99436],[-98.1415,18.99418],[-98.14097,18.99415],[-98.14019,18.99423],[-98.13966,18.99425],[-98.13922,18.99417],[-98.13853,18.99402],[-98.13812,18.99402],[-98.13812,18.99402],[-98.13774,18.9939],[-98.13747,18.99382],[-98.13737,18.99379],[-98.13668,18.99371],[-98.13656,18.99369],[-98.13619,18.99371],[-98.13591,18.99374],[-98.13619,18.99371],[-98.13656,18.99369],[-98.13668,18.99371],[-98.1371,18.99441],[-98.1371,18.99441],[-98.13709,18.99442],[-98.1368,18.99476],[-98.13602,18.99503],[-98.13563,18.99555],[-98.13563,18.99555],[-98.13556,18.99557],[-98.13501,18.99526],[-98.13491,18.99531],[-98.13485,18.99534],[-98.13458,18.9956],[-98.13453,18.99565],[-98.1344,18.99573],[-98.1344,18.99573],[-98.13438,18.99574],[-98.13408,18.9958],[-98.13395,18.99622],[-98.13386,18.9965],[-98.13361,18.99677],[-98.13293,18.99675],[-98.13291,18.9968],[-98.13283,18.99697],[-98.13302,18.99753],[-98.13302,18.99753],[-98.13301,18.99753],[-98.13297,18.99758],[-98.13279,18.99762],[-98.1325,18.99738],[-98.13231,18.9973],[-98.13223,18.99737],[-98.13202,18.99756],[-98.13193,18.9976],[-98.13191,18.99761],[-98.13132,18.99737],[-98.13132,18.99749],[-98.13132,18.99766],[-98.13126,18.9982],[-98.13129,18.9985],[-98.13134,18.99891],[-98.13129,18.99913],[-98.13106,18.99977],[-98.13126,19.00035],[-98.13129,19.00045],[-98.13123,19.00072],[-98.13079,19.00133],[-98.13079,19.00168],[-98.1308,19.00213],[-98.13098,19.00289],[-98.13098,19.00289],[-98.13098,19.00289],[-98.13071,19.00316],[-98.13069,19.00318],[-98.13039,19.00355],[-98.12983,19.00388],[-98.12981,19.0039],[-98.12968,19.00401],[-98.12983,19.00432],[-98.12957,19.00457],[-98.12951,19.00461],[-98.12943,19.00466],[-98.12919,19.00478],[-98.12918,19.00505],[-98.12912,19.00538],[-98.12904,19.00578],[-98.12899,19.00609],[-98.12918,19.00621],[-98.13027,19.00654],[-98.13036,19.00769],[-98.13028,19.00863],[-98.1303,19.01029],[-98.13025,19.01133],[-98.12954,19.01377],[-98.12945,19.0164],[-98.13039,19.01934],[-98.13053,19.02119],[-98.13023,19.02195],[-98.1302,19.02248],[-98.13026,19.02297],[-98.13014,19.02343],[-98.13003,19.02409],[-98.13,19.02458],[-98.13003,19.02496],[-98.1302,19.02547],[-98.13044,19.02586],[-98.13138,19.02453],[-98.13245,19.02256],[-98.13326,19.02088],[-98.13513,19.01648],[-98.13613,19.01545],[-98.13742,19.0147],[-98.13811,19.01462],[-98.1393,19.01475],[-98.14011,19.01507],[-98.1408,19.01561]]]}},{"type":"Feature","properties":{"cp":72977,"nombre":"CP 72977"},"geometry":{"type":"Polygon","coordinates":[[[-98.16501,18.84408],[-98.16531,18.84432],[-98.16555,18.8446],[-98.16567,18.84471],[-98.16585,18.8447],[-98.16611,18.84461],[-98.16638,18.84445],[-98.16665,18.84442],[-98.1672,18.84485],[-98.16765,18.84546],[-98.16802,18.84613],[-98.16821,18.84634],[-98.16855,18.84642],[-98.16896,18.84639],[-98.16925,18.84636],[-98.17016,18.84684],[-98.17057,18.84705],[-98.17073,18.84704],[-98.17086,18.84697],[-98.17113,18.84683],[-98.17136,18.84683],[-98.17143,18.84694],[-98.17136,18.84711],[-98.17117,18.84726],[-98.17093,18.84741],[-98.17056,18.84761],[-98.17044,18.84778],[-98.17055,18.84797],[-98.17081,18.84807],[-98.17102,18.84812],[-98.17124,18.84821],[-98.17131,18.84836],[-98.17122,18.84853],[-98.17097,18.84864],[-98.17073,18.84878],[-98.17066,18.8489],[-98.17071,18.84897],[-98.17091,18.84915],[-98.17096,18.84936],[-98.17082,18.84959],[-98.17049,18.84972],[-98.17027,18.84984],[-98.17019,18.85001],[-98.17022,18.85025],[-98.17035,18.85035],[-98.17074,18.85046],[-98.17104,18.8506],[-98.17107,18.85079],[-98.17092,18.85095],[-98.17073,18.85112],[-98.17069,18.8512],[-98.1707,18.85135],[-98.17079,18.85161],[-98.17097,18.8518],[-98.17125,18.85189],[-98.17158,18.8519],[-98.17179,18.85202],[-98.17181,18.85218],[-98.17176,18.8524],[-98.17187,18.85266],[-98.1721,18.85333],[-98.17197,18.85379],[-98.17179,18.85429],[-98.17165,18.85455],[-98.17162,18.85481],[-98.17166,18.85529],[-98.17188,18.85557],[-98.17217,18.85569],[-98.17262,18.85574],[-98.17293,18.85589],[-98.17319,18.85616],[-98.17339,18.85653],[-98.17342,18.85689],[-98.17332,18.85736],[-98.17308,18.85772],[-98.17303,18.85817],[-98.17319,18.85894],[-98.17335,18.85943],[-98.1736,18.85986],[-98.1741,18.86027],[-98.17446,18.86042],[-98.17459,18.86066],[-98.17467,18.86099],[-98.17452,18.86125],[-98.17445,18.86164],[-98.17455,18.86192],[-98.17492,18.86248],[-98.17531,18.863],[-98.17596,18.86339],[-98.17628,18.8638],[-98.17654,18.86429],[-98.17705,18.8647],[-98.178,18.8654],[-98.17858,18.86616],[-98.17901,18.86713],[-98.17934,18.86754],[-98.18021,18.86823],[-98.1806,18.86873],[-98.18086,18.86913],[-98.18143,18.86963],[-98.18237,18.86996],[-98.18394,18.8703],[-98.18394,18.8703],[-98.18429,18.86988],[-98.18471,18.86895],[-98.18542,18.86834],[-98.18582,18.86825],[-98.18648,18.86835],[-98.18702,18.86865],[-98.18826,18.86917],[-98.18937,18.8698],[-98.19001,18.8701],[-98.19027,18.87014],[-98.19055,18.87003],[-98.19071,18.86982],[-98.19078,18.86947],[-98.19093,18.86932],[-98.19129,18.86914],[-98.19167,18.86891],[-98.19184,18.8687],[-98.1921,18.8686],[-98.19253,18.8686],[-98.19304,18.8687],[-98.1937,18.8687],[-98.19412,18.86845],[-98.19446,18.86814],[-98.19471,18.86776],[-98.19494,18.86768],[-98.19589,18.8676],[-98.19662,18.86739],[-98.19689,18.86715],[-98.19699,18.86667],[-98.19679,18.86596],[-98.19651,18.86576],[-98.19578,18.86537],[-98.19568,18.86518],[-98.19575,18.86495],[-98.19608,18.86483],[-98.19634,18.86483],[-98.1967,18.86507],[-98.19726,18.86513],[-98.19812,18.86511],[-98.19859,18.86492],[-98.19881,18.86465],[-98.19905,18.86405],[-98.19926,18.86306],[-98.19926,18.86306],[-98.19926,18.86217],[-98.19915,18.86165],[-98.19926,18.8613],[-98.19935,18.8605],[-98.19941,18.85966],[-98.19938,18.85917],[-98.19926,18.85837],[-98.19892,18.85747],[-98.19802,18.8563],[-98.1977,18.85518],[-98.19773,18.85414],[-98.19825,18.85224],[-98.19833,18.85131],[-98.19827,18.85064],[-98.19807,18.84988],[-98.19789,18.84917],[-98.19778,18.84836],[-98.19762,18.84746],[-98.1976,18.84689],[-98.19726,18.84637],[-98.19697,18.8461],[-98.19677,18.8456],[-98.19661,18.845],[-98.19648,18.84455],[-98.19648,18.84379],[-98.19615,18.84385],[-98.19608,18.84387],[-98.19561,18.84399],[-98.19515,18.84429],[-98.19499,18.84434],[-98.19474,18.84442],[-98.19443,18.84447],[-98.19427,18.84449],[-98.1939,18.84456],[-98.19302,18.84473],[-98.1924,18.84454],[-98.19187,18.84437],[-98.19184,18.84434],[-98.19183,18.84433],[-98.19163,18.84417],[-98.19156,18.84411],[-98.19155,18.8441],[-98.19142,18.844],[-98.19041,18.84416],[-98.19039,18.84416],[-98.19024,18.84414],[-98.1893,18.84418],[-98.18903,18.84407],[-98.18878,18.84397],[-98.18833,18.84381],[-98.188,18.84371],[-98.1879,18.84371],[-98.18706,18.84359],[-98.18706,18.84359],[-98.18713,18.84354],[-98.18723,18.84346],[-98.18701,18.84303],[-98.18697,18.84296],[-98.18684,18.84298],[-98.18668,18.843],[-98.18576,18.84296],[-98.18552,18.84303],[-98.18533,18.84318],[-98.18529,18.84321],[-98.18525,18.84321],[-98.18496,18.84322],[-98.18479,18.84328],[-98.18456,18.84327],[-98.18448,18.84326],[-98.18445,18.84325],[-98.18445,18.84325],[-98.18439,18.84318],[-98.18439,18.84314],[-98.18438,18.8431],[-98.18436,18.84261],[-98.18431,18.84238],[-98.18429,18.84228],[-98.18426,18.84216],[-98.18416,18.84186],[-98.18416,18.84186],[-98.18406,18.84165],[-98.18404,18.84162],[-98.18398,18.84147],[-98.18393,18.84141],[-98.1839,18.84137],[-98.18379,18.84127],[-98.18373,18.84122],[-98.18342,18.84091],[-98.1832,18.84079],[-98.18315,18.84076],[-98.18309,18.84073],[-98.18257,18.84046],[-98.18225,18.8403],[-98.18194,18.8401],[-98.18186,18.83999],[-98.18178,18.83966],[-98.18165,18.83945],[-98.18134,18.83893],[-98.18067,18.83789],[-98.17997,18.83678],[-98.17994,18.83678],[-98.17941,18.83685],[-98.17899,18.83721],[-98.17879,18.83739],[-98.17866,18.83746],[-98.17837,18.83754],[-98.17811,18.83765],[-98.17795,18.83781],[-98.17789,18.83795],[-98.17785,18.83802],[-98.17781,18.83809],[-98.17781,18.83816],[-98.17782,18.83826],[-98.17804,18.83865],[-98.17818,18.83889],[-98.17818,18.83889],[-98.17819,18.83892],[-98.17822,18.83904],[-98.17831,18.83934],[-98.1784,18.83958],[-98.17842,18.83971],[-98.17846,18.83997],[-98.17847,18.84004],[-98.17848,18.84018],[-98.17846,18.84043],[-98.17844,18.84048],[-98.17843,18.84051],[-98.1783,18.84057],[-98.17818,18.84059],[-98.1781,18.84059],[-98.17803,18.8406],[-98.17801,18.84059],[-98.17792,18.84057],[-98.17779,18.84049],[-98.17759,18.84026],[-98.17749,18.84006],[-98.17749,18.84006],[-98.17749,18.84005],[-98.17734,18.83968],[-98.1772,18.83943],[-98.17702,18.83918],[-98.17691,18.83905],[-98.17685,18.83898],[-98.17668,18.83883],[-98.17652,18.83865],[-98.17639,18.83849],[-98.17611,18.83836],[-98.17582,18.83826],[-98.17532,18.83804],[-98.17516,18.83801],[-98.17503,18.83798],[-98.17486,18.83793],[-98.17468,18.83788],[-98.17448,18.83783],[-98.17437,18.8378],[-98.17401,18.83777],[-98.17371,18.83781],[-98.17364,18.83784],[-98.17353,18.83788],[-98.17335,18.83792],[-98.17316,18.83798],[-98.17274,18.83814],[-98.17253,18.83824],[-98.17239,18.83831],[-98.17216,18.83845],[-98.17204,18.83857],[-98.17201,18.8386],[-98.17194,18.83866],[-98.17181,18.83877],[-98.17163,18.83884],[-98.17153,18.83886],[-98.17151,18.83886],[-98.17147,18.83887],[-98.1714,18.83886],[-98.17136,18.83881],[-98.17136,18.83881],[-98.17134,18.83878],[-98.17132,18.83874],[-98.17121,18.83867],[-98.17092,18.83844],[-98.1708,18.83831],[-98.17058,18.83808],[-98.17048,18.83801],[-98.17036,18.83793],[-98.17027,18.8379],[-98.17019,18.83787],[-98.17007,18.83784],[-98.16991,18.8378],[-98.16965,18.83773],[-98.16955,18.8377],[-98.1694,18.83764],[-98.16908,18.83748],[-98.16888,18.83737],[-98.16865,18.83722],[-98.16851,18.83712],[-98.16833,18.83713],[-98.16824,18.83716],[-98.16807,18.83735],[-98.16786,18.83751],[-98.16782,18.83757],[-98.16777,18.83763],[-98.16769,18.83793],[-98.16768,18.83796],[-98.16762,18.83826],[-98.16762,18.83826],[-98.16767,18.83863],[-98.16766,18.83896],[-98.16763,18.83962],[-98.16763,18.83996],[-98.16759,18.84031],[-98.16753,18.84041],[-98.16751,18.84045],[-98.16751,18.84045],[-98.1674,18.84053],[-98.16722,18.84056],[-98.16714,18.8405],[-98.1671,18.84047],[-98.16697,18.84042],[-98.16681,18.8404],[-98.16674,18.84037],[-98.16667,18.84035],[-98.16647,18.84033],[-98.16632,18.84035],[-98.16619,18.84039],[-98.16609,18.84045],[-98.16589,18.84057],[-98.16587,18.84059],[-98.16569,18.8408],[-98.16563,18.84095],[-98.16561,18.84099],[-98.16558,18.8412],[-98.16558,18.84125],[-98.16564,18.84156],[-98.16573,18.84189],[-98.16578,18.84205],[-98.1658,18.84209],[-98.1658,18.84209],[-98.16581,18.8423],[-98.16583,18.84248],[-98.16582,18.84252],[-98.16579,18.84266],[-98.16576,18.84272],[-98.16574,18.84276],[-98.16576,18.84282],[-98.16576,18.84287],[-98.16576,18.84287],[-98.16573,18.8429],[-98.1657,18.84292],[-98.16565,18.84301],[-98.16567,18.84305],[-98.16568,18.84306],[-98.16568,18.84306],[-98.16564,18.84315],[-98.16551,18.84343],[-98.16538,18.84366],[-98.16536,18.84369],[-98.16534,18.84372],[-98.16526,18.84385],[-98.1652,18.84393],[-98.16501,18.84408]]]}},{"type":"Feature","properties":{"cp":72684,"nombre":"CP 72684"},"geometry":{"type":"Polygon","coordinates":[[[-98.28209,19.10006],[-98.28205,19.10015],[-98.28159,19.10117],[-98.28145,19.10149],[-98.28138,19.1016],[-98.28234,19.10216],[-98.28304,19.10285],[-98.28363,19.10338],[-98.28396,19.10361],[-98.28405,19.10352],[-98.28534,19.10455],[-98.28575,19.10489],[-98.28618,19.10525],[-98.28655,19.10553],[-98.28809,19.10669],[-98.28811,19.10669],[-98.28836,19.10635],[-98.28831,19.10628],[-98.28831,19.10628],[-98.28831,19.10565],[-98.28821,19.10498],[-98.28806,19.10476],[-98.28783,19.10448],[-98.28763,19.10416],[-98.28759,19.1041],[-98.28739,19.10384],[-98.2873,19.10373],[-98.287,19.1034],[-98.28666,19.10304],[-98.28662,19.10299],[-98.28648,19.10286],[-98.28608,19.1025],[-98.28585,19.10224],[-98.28571,19.10208],[-98.28571,19.10208],[-98.28569,19.10205],[-98.28569,19.10205],[-98.28516,19.10139],[-98.28492,19.10109],[-98.28468,19.10075],[-98.28465,19.1007],[-98.28459,19.10061],[-98.28432,19.10054],[-98.2841,19.10025],[-98.28332,19.09924],[-98.28312,19.099],[-98.2826,19.09849],[-98.28258,19.0987],[-98.28255,19.0988],[-98.28249,19.09899],[-98.28227,19.0995],[-98.2821,19.10004],[-98.28209,19.10006]]]}},{"type":"Feature","properties":{"cp":72973,"nombre":"CP 72973"},"geometry":{"type":"Polygon","coordinates":[[[-98.23008,18.87267],[-98.22945,18.87217],[-98.22841,18.872],[-98.2266,18.87157],[-98.22559,18.8711],[-98.2246,18.87045],[-98.22336,18.8693],[-98.22276,18.86859],[-98.22192,18.86728],[-98.22131,18.86629],[-98.22065,18.86539],[-98.21961,18.86395],[-98.21857,18.86283],[-98.21762,18.86192],[-98.21727,18.86108],[-98.21698,18.86031],[-98.21626,18.86013],[-98.21555,18.86031],[-98.21498,18.86103],[-98.2141,18.86181],[-98.21336,18.86228],[-98.21243,18.86246],[-98.21145,18.86241],[-98.21082,18.86295],[-98.21008,18.8637],[-98.20939,18.86409],[-98.20906,18.86414],[-98.20838,18.86378],[-98.20802,18.86365],[-98.20748,18.86375],[-98.20655,18.86435],[-98.206,18.86554],[-98.20594,18.86658],[-98.20537,18.86738],[-98.2043,18.86787],[-98.20356,18.86818],[-98.20263,18.86837],[-98.20206,18.86777],[-98.20165,18.8673],[-98.20099,18.86679],[-98.20061,18.86572],[-98.20017,18.86458],[-98.19984,18.86391],[-98.19926,18.86306],[-98.19926,18.86306],[-98.19905,18.86405],[-98.19881,18.86465],[-98.19859,18.86492],[-98.19812,18.86511],[-98.19726,18.86513],[-98.1967,18.86507],[-98.19634,18.86483],[-98.19608,18.86483],[-98.19575,18.86495],[-98.19568,18.86518],[-98.19578,18.86537],[-98.19651,18.86576],[-98.19679,18.86596],[-98.19699,18.86667],[-98.19689,18.86715],[-98.19662,18.86739],[-98.19589,18.8676],[-98.19494,18.86768],[-98.19471,18.86776],[-98.19446,18.86814],[-98.19412,18.86845],[-98.1937,18.8687],[-98.19304,18.8687],[-98.19253,18.8686],[-98.1921,18.8686],[-98.19184,18.8687],[-98.19167,18.86891],[-98.19129,18.86914],[-98.19093,18.86932],[-98.19078,18.86947],[-98.19071,18.86982],[-98.19055,18.87003],[-98.19027,18.87014],[-98.19001,18.8701],[-98.18937,18.8698],[-98.18826,18.86917],[-98.18702,18.86865],[-98.18648,18.86835],[-98.18582,18.86825],[-98.18542,18.86834],[-98.18471,18.86895],[-98.18429,18.86988],[-98.18394,18.8703],[-98.18371,18.87116],[-98.18379,18.8717],[-98.18405,18.87226],[-98.18461,18.8729],[-98.18529,18.87404],[-98.18568,18.87548],[-98.18568,18.87662],[-98.18586,18.87682],[-98.1866,18.87738],[-98.18708,18.87807],[-98.18716,18.8785],[-98.18708,18.87915],[-98.18751,18.87907],[-98.1877,18.87908],[-98.1883,18.87944],[-98.18999,18.88043],[-98.1909,18.8809],[-98.19133,18.8814],[-98.19181,18.88235],[-98.19218,18.88295],[-98.19243,18.88311],[-98.19231,18.88419],[-98.19233,18.88545],[-98.19229,18.88775],[-98.19249,18.89095],[-98.19366,18.8913],[-98.19505,18.89206],[-98.19825,18.89486],[-98.20017,18.8965],[-98.20143,18.895],[-98.20211,18.89443],[-98.20265,18.89418],[-98.20306,18.89408],[-98.20359,18.8941],[-98.20405,18.89426],[-98.20417,18.8944],[-98.20428,18.89454],[-98.20441,18.89461],[-98.2046,18.89463],[-98.20476,18.89462],[-98.20492,18.89459],[-98.20505,18.89457],[-98.20517,18.89458],[-98.2053,18.89461],[-98.20548,18.89469],[-98.20554,18.89473],[-98.20561,18.89478],[-98.20577,18.89481],[-98.2059,18.8948],[-98.20625,18.89476],[-98.20644,18.89475],[-98.20668,18.89482],[-98.20673,18.8949],[-98.20677,18.89496],[-98.20689,18.8951],[-98.20711,18.89518],[-98.20723,18.89517],[-98.20732,18.89513],[-98.20741,18.89502],[-98.20746,18.89485],[-98.20746,18.89484],[-98.20751,18.89472],[-98.20759,18.89463],[-98.2078,18.89456],[-98.20791,18.89456],[-98.20798,18.89459],[-98.20803,18.89466],[-98.20805,18.89469],[-98.20811,18.89476],[-98.20822,18.89479],[-98.20847,18.89478],[-98.209,18.8949],[-98.20915,18.8949],[-98.20923,18.89488],[-98.20929,18.89486],[-98.20938,18.89485],[-98.20948,18.89489],[-98.20962,18.89497],[-98.20982,18.89511],[-98.21004,18.89524],[-98.21013,18.89525],[-98.21019,18.89524],[-98.21022,18.89519],[-98.21021,18.89505],[-98.21011,18.89486],[-98.21005,18.8948],[-98.20997,18.89475],[-98.20996,18.89469],[-98.21,18.89463],[-98.21011,18.89458],[-98.21028,18.89454],[-98.21046,18.89451],[-98.21057,18.89447],[-98.2107,18.8944],[-98.21082,18.89433],[-98.211,18.89433],[-98.21111,18.89438],[-98.21117,18.89438],[-98.2112,18.89435],[-98.2112,18.89424],[-98.21115,18.89407],[-98.21106,18.89388],[-98.21104,18.89374],[-98.21104,18.89363],[-98.21102,18.89354],[-98.21079,18.89326],[-98.21075,18.89318],[-98.21075,18.89315],[-98.21074,18.89313],[-98.21077,18.89307],[-98.21086,18.893],[-98.21097,18.89296],[-98.21105,18.89293],[-98.2112,18.89287],[-98.21129,18.89281],[-98.21136,18.89275],[-98.21138,18.89269],[-98.21139,18.89266],[-98.21146,18.89254],[-98.21156,18.89248],[-98.21166,18.89242],[-98.2118,18.89235],[-98.21197,18.89229],[-98.21206,18.89232],[-98.21257,18.8927],[-98.21277,18.89288],[-98.21314,18.89307],[-98.21365,18.89325],[-98.21402,18.89351],[-98.21427,18.89403],[-98.21466,18.89451],[-98.21496,18.89453],[-98.21535,18.89446],[-98.2159,18.89426],[-98.21656,18.89412],[-98.21741,18.89401],[-98.21814,18.89414],[-98.21858,18.89434],[-98.21886,18.89481],[-98.21939,18.89527],[-98.22004,18.89543],[-98.22091,18.89567],[-98.22138,18.89574],[-98.22183,18.8958],[-98.22231,18.89568],[-98.22313,18.89531],[-98.22352,18.89505],[-98.22401,18.89412],[-98.2243,18.89333],[-98.22454,18.89314],[-98.22476,18.89311],[-98.22511,18.8933],[-98.22547,18.89354],[-98.22565,18.89356],[-98.22591,18.89345],[-98.2262,18.89303],[-98.22626,18.89257],[-98.2263,18.89218],[-98.22645,18.89131],[-98.22656,18.89074],[-98.22656,18.89074],[-98.2266,18.88992],[-98.22661,18.88947],[-98.22631,18.88889],[-98.22588,18.88869],[-98.22581,18.88858],[-98.22585,18.88835],[-98.22614,18.88788],[-98.22604,18.88749],[-98.2257,18.88695],[-98.2255,18.88664],[-98.22546,18.88635],[-98.22547,18.88588],[-98.22539,18.88504],[-98.22516,18.88422],[-98.22493,18.8832],[-98.22498,18.88271],[-98.22519,18.88185],[-98.22536,18.88097],[-98.22532,18.87965],[-98.22511,18.87856],[-98.2253,18.87721],[-98.22578,18.87632],[-98.22648,18.8754],[-98.22748,18.87442],[-98.22814,18.87439],[-98.22887,18.87431],[-98.22911,18.87402],[-98.22925,18.87348],[-98.22969,18.87292],[-98.23008,18.87267]]]}},{"type":"Feature","properties":{"cp":72971,"nombre":"CP 72971"},"geometry":{"type":"Polygon","coordinates":[[[-98.2262,18.89303],[-98.22591,18.89345],[-98.22565,18.89356],[-98.22547,18.89354],[-98.22511,18.8933],[-98.22476,18.89311],[-98.22454,18.89314],[-98.2243,18.89333],[-98.22401,18.89412],[-98.22352,18.89505],[-98.22313,18.89531],[-98.22231,18.89568],[-98.22183,18.8958],[-98.22138,18.89574],[-98.22091,18.89567],[-98.22004,18.89543],[-98.21939,18.89527],[-98.21886,18.89481],[-98.21858,18.89434],[-98.21814,18.89414],[-98.21741,18.89401],[-98.21656,18.89412],[-98.2159,18.89426],[-98.21535,18.89446],[-98.21496,18.89453],[-98.21466,18.89451],[-98.21427,18.89403],[-98.21402,18.89351],[-98.21365,18.89325],[-98.21314,18.89307],[-98.21277,18.89288],[-98.21257,18.8927],[-98.21206,18.89232],[-98.21197,18.89229],[-98.2118,18.89235],[-98.21166,18.89242],[-98.21156,18.89248],[-98.21146,18.89254],[-98.21139,18.89266],[-98.21138,18.89269],[-98.21136,18.89275],[-98.21129,18.89281],[-98.2112,18.89287],[-98.21105,18.89293],[-98.21097,18.89296],[-98.21086,18.893],[-98.21077,18.89307],[-98.21074,18.89313],[-98.21075,18.89315],[-98.21075,18.89318],[-98.21079,18.89326],[-98.21102,18.89354],[-98.21104,18.89363],[-98.21104,18.89374],[-98.21106,18.89388],[-98.21115,18.89407],[-98.2112,18.89424],[-98.2112,18.89435],[-98.21117,18.89438],[-98.21111,18.89438],[-98.211,18.89433],[-98.21082,18.89433],[-98.2107,18.8944],[-98.21057,18.89447],[-98.21046,18.89451],[-98.21028,18.89454],[-98.21011,18.89458],[-98.21,18.89463],[-98.20996,18.89469],[-98.20997,18.89475],[-98.21005,18.8948],[-98.21011,18.89486],[-98.21021,18.89505],[-98.21022,18.89519],[-98.21019,18.89524],[-98.21013,18.89525],[-98.21004,18.89524],[-98.20982,18.89511],[-98.20962,18.89497],[-98.20948,18.89489],[-98.20938,18.89485],[-98.20929,18.89486],[-98.20923,18.89488],[-98.20915,18.8949],[-98.209,18.8949],[-98.20847,18.89478],[-98.20822,18.89479],[-98.20811,18.89476],[-98.20805,18.89469],[-98.20803,18.89466],[-98.20798,18.89459],[-98.20791,18.89456],[-98.2078,18.89456],[-98.20759,18.89463],[-98.20751,18.89472],[-98.20746,18.89484],[-98.20746,18.89485],[-98.20741,18.89502],[-98.20732,18.89513],[-98.20723,18.89517],[-98.20711,18.89518],[-98.20689,18.8951],[-98.20677,18.89496],[-98.20673,18.8949],[-98.20668,18.89482],[-98.20644,18.89475],[-98.20625,18.89476],[-98.2059,18.8948],[-98.20577,18.89481],[-98.20561,18.89478],[-98.20554,18.89473],[-98.20548,18.89469],[-98.2053,18.89461],[-98.20517,18.89458],[-98.20505,18.89457],[-98.20492,18.89459],[-98.20476,18.89462],[-98.2046,18.89463],[-98.20441,18.89461],[-98.20428,18.89454],[-98.20417,18.8944],[-98.20405,18.89426],[-98.20359,18.8941],[-98.20306,18.89408],[-98.20265,18.89418],[-98.20211,18.89443],[-98.20143,18.895],[-98.20017,18.8965],[-98.20128,18.89829],[-98.20176,18.89887],[-98.20256,18.8995],[-98.20328,18.89998],[-98.2036,18.90015],[-98.20435,18.90053],[-98.20549,18.90125],[-98.20599,18.90155],[-98.20612,18.90168],[-98.20619,18.90179],[-98.20631,18.90204],[-98.20664,18.90231],[-98.20676,18.90246],[-98.20698,18.90284],[-98.20707,18.903],[-98.20728,18.90312],[-98.20756,18.90325],[-98.20782,18.90331],[-98.20808,18.90334],[-98.20842,18.90342],[-98.20893,18.90356],[-98.2093,18.90374],[-98.20952,18.90392],[-98.20967,18.90414],[-98.20972,18.90429],[-98.20976,18.90449],[-98.2098,18.90475],[-98.20993,18.90502],[-98.21008,18.90514],[-98.21024,18.90515],[-98.21037,18.90514],[-98.21059,18.90521],[-98.2108,18.90544],[-98.21128,18.90561],[-98.21136,18.90583],[-98.21136,18.90607],[-98.21136,18.90622],[-98.21139,18.90635],[-98.21153,18.90645],[-98.21167,18.90659],[-98.21167,18.90681],[-98.21162,18.90707],[-98.21154,18.90731],[-98.21149,18.90759],[-98.21156,18.90778],[-98.21162,18.90793],[-98.21159,18.90805],[-98.2115,18.90813],[-98.21141,18.90827],[-98.21144,18.90837],[-98.21149,18.90847],[-98.21145,18.9086],[-98.21144,18.90869],[-98.21164,18.90886],[-98.21185,18.90894],[-98.21204,18.90889],[-98.21232,18.90873],[-98.21261,18.90873],[-98.21279,18.90883],[-98.21297,18.90905],[-98.21317,18.90927],[-98.21337,18.90939],[-98.21353,18.90945],[-98.21366,18.90955],[-98.21371,18.90971],[-98.21379,18.90975],[-98.21395,18.90975],[-98.21409,18.90971],[-98.21422,18.9097],[-98.21429,18.90976],[-98.21438,18.90991],[-98.21453,18.90998],[-98.21466,18.90994],[-98.21474,18.90984],[-98.21487,18.90988],[-98.21492,18.91006],[-98.21501,18.91026],[-98.2152,18.91031],[-98.21531,18.91028],[-98.2155,18.9102],[-98.21565,18.91012],[-98.21587,18.90997],[-98.21611,18.90994],[-98.21644,18.91003],[-98.21673,18.91006],[-98.21706,18.90999],[-98.21741,18.90983],[-98.21758,18.90949],[-98.21768,18.90938],[-98.21795,18.9093],[-98.21833,18.9094],[-98.21868,18.90947],[-98.21888,18.90943],[-98.21914,18.90936],[-98.21927,18.90921],[-98.21948,18.90914],[-98.21977,18.90924],[-98.22002,18.90938],[-98.22029,18.90931],[-98.22047,18.90916],[-98.2206,18.90894],[-98.22073,18.90888],[-98.22093,18.90888],[-98.22133,18.9089],[-98.22177,18.90914],[-98.22219,18.90929],[-98.22241,18.9095],[-98.22259,18.90972],[-98.2227,18.90981],[-98.22304,18.90974],[-98.22354,18.9098],[-98.22402,18.90998],[-98.22487,18.91043],[-98.22617,18.91105],[-98.22843,18.91165],[-98.22884,18.91152],[-98.22907,18.91166],[-98.22925,18.91152],[-98.22933,18.91123],[-98.22948,18.91064],[-98.22987,18.90996],[-98.22994,18.90945],[-98.22994,18.90892],[-98.22996,18.9085],[-98.23021,18.90835],[-98.23037,18.90835],[-98.23057,18.90814],[-98.23051,18.90785],[-98.23052,18.90762],[-98.23084,18.9074],[-98.23099,18.90703],[-98.23102,18.90665],[-98.2312,18.90625],[-98.2315,18.90604],[-98.23191,18.90589],[-98.23207,18.90556],[-98.23232,18.90517],[-98.23251,18.90455],[-98.23271,18.90387],[-98.23297,18.90359],[-98.2331,18.90266],[-98.23304,18.90183],[-98.23308,18.90141],[-98.23289,18.90104],[-98.23297,18.90054],[-98.23285,18.90012],[-98.23281,18.89993],[-98.23251,18.89968],[-98.23235,18.8995],[-98.23241,18.8993],[-98.23318,18.89827],[-98.23181,18.89639],[-98.23156,18.89627],[-98.23085,18.89566],[-98.23042,18.89545],[-98.2289,18.89434],[-98.22881,18.89386],[-98.22853,18.89368],[-98.22812,18.89381],[-98.2278,18.89399],[-98.2262,18.89303]]]}},{"type":"Feature","properties":{"cp":72496,"nombre":"CP 72496"},"geometry":{"type":"Polygon","coordinates":[[[-98.25904,18.9615],[-98.25858,18.96227],[-98.25832,18.96213],[-98.25802,18.96265],[-98.25773,18.9625],[-98.25759,18.96274],[-98.25906,18.96348],[-98.25937,18.96292],[-98.25966,18.96274],[-98.26008,18.96204],[-98.26024,18.96213],[-98.26092,18.96093],[-98.26032,18.96062],[-98.25962,18.96179],[-98.25904,18.9615]]]}},{"type":"Feature","properties":{"cp":72975,"nombre":"CP 72975"},"geometry":{"type":"Polygon","coordinates":[[[-98.19249,18.89095],[-98.19229,18.88775],[-98.19233,18.88545],[-98.19231,18.88419],[-98.19243,18.88311],[-98.19218,18.88295],[-98.19181,18.88235],[-98.19133,18.8814],[-98.1909,18.8809],[-98.18999,18.88043],[-98.1883,18.87944],[-98.1877,18.87908],[-98.18751,18.87907],[-98.18708,18.87915],[-98.18716,18.8785],[-98.18708,18.87807],[-98.1866,18.87738],[-98.18586,18.87682],[-98.18568,18.87662],[-98.18568,18.87548],[-98.18529,18.87404],[-98.18461,18.8729],[-98.18405,18.87226],[-98.18379,18.8717],[-98.18371,18.87116],[-98.18394,18.8703],[-98.18429,18.86988],[-98.18394,18.8703],[-98.18394,18.8703],[-98.18348,18.87062],[-98.18326,18.87116],[-98.18294,18.87173],[-98.18244,18.87203],[-98.18102,18.87244],[-98.18008,18.87279],[-98.1791,18.87316],[-98.17841,18.87341],[-98.17782,18.87344],[-98.17664,18.87318],[-98.1757,18.87316],[-98.17474,18.87329],[-98.17379,18.87393],[-98.17291,18.87449],[-98.17173,18.87491],[-98.17043,18.87509],[-98.16991,18.87512],[-98.1691,18.87517],[-98.16812,18.87509],[-98.16688,18.87492],[-98.16572,18.87506],[-98.16477,18.87482],[-98.16402,18.87471],[-98.16307,18.87471],[-98.16203,18.87482],[-98.16128,18.87503],[-98.16024,18.87561],[-98.15952,18.87632],[-98.15888,18.877],[-98.15813,18.87757],[-98.15712,18.87815],[-98.156,18.87856],[-98.15531,18.87861],[-98.1545,18.87861],[-98.15372,18.87861],[-98.1523,18.87902],[-98.15178,18.87914],[-98.15136,18.8792],[-98.15134,18.87929],[-98.15133,18.87953],[-98.15143,18.87968],[-98.15156,18.87972],[-98.15177,18.87975],[-98.1519,18.87972],[-98.15203,18.87975],[-98.15209,18.87985],[-98.1521,18.87999],[-98.15214,18.88013],[-98.15229,18.88013],[-98.15243,18.88015],[-98.15265,18.88017],[-98.15307,18.8803],[-98.15332,18.88054],[-98.15364,18.8808],[-98.15388,18.88098],[-98.15394,18.88112],[-98.15398,18.88124],[-98.15418,18.88136],[-98.15452,18.88145],[-98.15488,18.88175],[-98.15514,18.88235],[-98.1555,18.88292],[-98.15584,18.88326],[-98.15635,18.88351],[-98.15667,18.88356],[-98.15759,18.88381],[-98.15833,18.8842],[-98.15899,18.88476],[-98.15952,18.88505],[-98.1602,18.88509],[-98.16069,18.885],[-98.16115,18.88483],[-98.16179,18.88452],[-98.16239,18.88457],[-98.16281,18.88472],[-98.16333,18.88483],[-98.16381,18.88487],[-98.16431,18.88464],[-98.16463,18.88448],[-98.16512,18.8845],[-98.16589,18.88485],[-98.16635,18.88501],[-98.16685,18.88504],[-98.16742,18.88497],[-98.16781,18.88471],[-98.16812,18.88448],[-98.1685,18.88448],[-98.16872,18.88454],[-98.16864,18.88479],[-98.16853,18.88519],[-98.16848,18.8854],[-98.16863,18.88572],[-98.16918,18.88625],[-98.16954,18.88652],[-98.16989,18.88674],[-98.17029,18.887],[-98.17061,18.88719],[-98.17095,18.88723],[-98.17114,18.8872],[-98.17132,18.88714],[-98.17165,18.88712],[-98.17193,18.88721],[-98.17219,18.88732],[-98.17276,18.88745],[-98.17331,18.88778],[-98.17354,18.88791],[-98.17438,18.88908],[-98.17525,18.89089],[-98.17611,18.89356],[-98.17663,18.89496],[-98.1779,18.89687],[-98.17946,18.8984],[-98.18188,18.89872],[-98.18471,18.89785],[-98.1865,18.89692],[-98.18852,18.89528],[-98.18933,18.89354],[-98.19031,18.89184],[-98.19137,18.89122],[-98.19249,18.89095]]]}},{"type":"Feature","properties":{"cp":72970,"nombre":"CP 72970"},"geometry":{"type":"Polygon","coordinates":[[[-98.15136,18.8792],[-98.15178,18.87914],[-98.1523,18.87902],[-98.15372,18.87861],[-98.1545,18.87861],[-98.15531,18.87861],[-98.156,18.87856],[-98.15712,18.87815],[-98.15813,18.87757],[-98.15888,18.877],[-98.15952,18.87632],[-98.16024,18.87561],[-98.16128,18.87503],[-98.16203,18.87482],[-98.16307,18.87471],[-98.16402,18.87471],[-98.16477,18.87482],[-98.16572,18.87506],[-98.16688,18.87492],[-98.16812,18.87509],[-98.1691,18.87517],[-98.16991,18.87512],[-98.17043,18.87509],[-98.17173,18.87491],[-98.17291,18.87449],[-98.17379,18.87393],[-98.17474,18.87329],[-98.1757,18.87316],[-98.17664,18.87318],[-98.17782,18.87344],[-98.17841,18.87341],[-98.1791,18.87316],[-98.18008,18.87279],[-98.18102,18.87244],[-98.18244,18.87203],[-98.18294,18.87173],[-98.18326,18.87116],[-98.18348,18.87062],[-98.18394,18.8703],[-98.18237,18.86996],[-98.18143,18.86963],[-98.18086,18.86913],[-98.1806,18.86873],[-98.18021,18.86823],[-98.17934,18.86754],[-98.17901,18.86713],[-98.17858,18.86616],[-98.178,18.8654],[-98.17705,18.8647],[-98.17654,18.86429],[-98.17628,18.8638],[-98.17596,18.86339],[-98.17531,18.863],[-98.17492,18.86248],[-98.17455,18.86192],[-98.17445,18.86164],[-98.17452,18.86125],[-98.17467,18.86099],[-98.17459,18.86066],[-98.17446,18.86042],[-98.1741,18.86027],[-98.1736,18.85986],[-98.17335,18.85943],[-98.17319,18.85894],[-98.17303,18.85817],[-98.17308,18.85772],[-98.17332,18.85736],[-98.17342,18.85689],[-98.17339,18.85653],[-98.17319,18.85616],[-98.17293,18.85589],[-98.17262,18.85574],[-98.17217,18.85569],[-98.17188,18.85557],[-98.17166,18.85529],[-98.17162,18.85481],[-98.17165,18.85455],[-98.17179,18.85429],[-98.17197,18.85379],[-98.1721,18.85333],[-98.17187,18.85266],[-98.17176,18.8524],[-98.17181,18.85218],[-98.17179,18.85202],[-98.17158,18.8519],[-98.17125,18.85189],[-98.17097,18.8518],[-98.17079,18.85161],[-98.1707,18.85135],[-98.17069,18.8512],[-98.17073,18.85112],[-98.17092,18.85095],[-98.17107,18.85079],[-98.17104,18.8506],[-98.17074,18.85046],[-98.17035,18.85035],[-98.17022,18.85025],[-98.17019,18.85001],[-98.17027,18.84984],[-98.17049,18.84972],[-98.17082,18.84959],[-98.17096,18.84936],[-98.17091,18.84915],[-98.17071,18.84897],[-98.17066,18.8489],[-98.17073,18.84878],[-98.17097,18.84864],[-98.17122,18.84853],[-98.17131,18.84836],[-98.17124,18.84821],[-98.17102,18.84812],[-98.17081,18.84807],[-98.17055,18.84797],[-98.17044,18.84778],[-98.17056,18.84761],[-98.17093,18.84741],[-98.17117,18.84726],[-98.17136,18.84711],[-98.17143,18.84694],[-98.17136,18.84683],[-98.17113,18.84683],[-98.17086,18.84697],[-98.17073,18.84704],[-98.17057,18.84705],[-98.17016,18.84684],[-98.16925,18.84636],[-98.16896,18.84639],[-98.16855,18.84642],[-98.16821,18.84634],[-98.16802,18.84613],[-98.16765,18.84546],[-98.1672,18.84485],[-98.16665,18.84442],[-98.16638,18.84445],[-98.16611,18.84461],[-98.16585,18.8447],[-98.16567,18.84471],[-98.16555,18.8446],[-98.16531,18.84432],[-98.16501,18.84408],[-98.16501,18.84408],[-98.16477,18.8442],[-98.16463,18.84421],[-98.16461,18.84422],[-98.16458,18.84421],[-98.16446,18.84416],[-98.1643,18.84405],[-98.16428,18.84402],[-98.16417,18.84386],[-98.16394,18.84338],[-98.16375,18.84296],[-98.16364,18.84273],[-98.1635,18.84249],[-98.16345,18.84241],[-98.16342,18.84237],[-98.16327,18.84227],[-98.16308,18.84217],[-98.16296,18.84211],[-98.16259,18.84198],[-98.16233,18.84188],[-98.16223,18.84188],[-98.16216,18.84188],[-98.16194,18.84187],[-98.16187,18.84185],[-98.16166,18.84181],[-98.16138,18.84175],[-98.16111,18.84169],[-98.16083,18.84165],[-98.16077,18.84163],[-98.16048,18.84155],[-98.16043,18.84154],[-98.1603,18.84151],[-98.16025,18.8415],[-98.16023,18.84149],[-98.16003,18.84147],[-98.15989,18.84146],[-98.1597,18.84147],[-98.15959,18.84147],[-98.1595,18.8415],[-98.15944,18.84152],[-98.15936,18.84156],[-98.15936,18.84156],[-98.15931,18.84169],[-98.15929,18.84172],[-98.15923,18.8418],[-98.15922,18.84198],[-98.15921,18.842],[-98.15913,18.84214],[-98.15909,18.84224],[-98.15902,18.84239],[-98.1589,18.84254],[-98.15882,18.84262],[-98.15875,18.84269],[-98.15841,18.84304],[-98.1584,18.84305],[-98.1584,18.84305],[-98.15824,18.84326],[-98.15814,18.84337],[-98.15806,18.84342],[-98.15781,18.84356],[-98.15765,18.84366],[-98.15759,18.8437],[-98.15753,18.84371],[-98.15749,18.84372],[-98.15749,18.84372],[-98.15746,18.84371],[-98.15742,18.8437],[-98.15735,18.84373],[-98.15735,18.84373],[-98.15735,18.84373],[-98.15707,18.84374],[-98.15686,18.84376],[-98.15674,18.84377],[-98.1565,18.84378],[-98.15629,18.84378],[-98.15598,18.84384],[-98.15587,18.84387],[-98.15568,18.84392],[-98.1554,18.84401],[-98.15526,18.84408],[-98.1551,18.84421],[-98.15482,18.84446],[-98.15469,18.84455],[-98.15448,18.84458],[-98.15448,18.84458],[-98.15446,18.84458],[-98.15435,18.84459],[-98.15423,18.84449],[-98.15423,18.84449],[-98.15411,18.8443],[-98.154,18.84403],[-98.15395,18.84392],[-98.15391,18.84376],[-98.15382,18.84343],[-98.15357,18.84278],[-98.15339,18.84237],[-98.1533,18.84219],[-98.15323,18.84208],[-98.15318,18.842],[-98.15312,18.84194],[-98.15306,18.84188],[-98.15297,18.84183],[-98.15293,18.8418],[-98.1528,18.84178],[-98.15266,18.84184],[-98.15255,18.842],[-98.15253,18.84205],[-98.15245,18.84227],[-98.15234,18.84238],[-98.15228,18.84245],[-98.15214,18.84266],[-98.15207,18.84276],[-98.15207,18.84278],[-98.15201,18.84297],[-98.15184,18.84309],[-98.15164,18.84324],[-98.15156,18.84329],[-98.15117,18.84347],[-98.15105,18.84355],[-98.15071,18.84354],[-98.15068,18.84354],[-98.15061,18.84354],[-98.15045,18.84354],[-98.15028,18.84377],[-98.15025,18.84381],[-98.15021,18.84388],[-98.15021,18.84388],[-98.15008,18.84408],[-98.15008,18.84408],[-98.15008,18.84408],[-98.14989,18.84425],[-98.14984,18.8443],[-98.1497,18.8444],[-98.1496,18.84463],[-98.14955,18.84475],[-98.14951,18.84487],[-98.14953,18.84513],[-98.14957,18.84518],[-98.14968,18.84532],[-98.14975,18.84535],[-98.14987,18.84541],[-98.15006,18.84549],[-98.15045,18.84569],[-98.15087,18.84632],[-98.15087,18.84632],[-98.15087,18.84632],[-98.14891,18.84666],[-98.14846,18.84662],[-98.14797,18.84658],[-98.14788,18.84674],[-98.14777,18.84695],[-98.14697,18.84842],[-98.14696,18.849],[-98.14695,18.84901],[-98.14695,18.84901],[-98.14756,18.84993],[-98.14748,18.85019],[-98.14744,18.85029],[-98.14687,18.85062],[-98.14651,18.85143],[-98.14651,18.85143],[-98.14667,18.85161],[-98.14682,18.85175],[-98.14698,18.85192],[-98.14714,18.85217],[-98.14729,18.85229],[-98.14736,18.85234],[-98.14741,18.85236],[-98.14752,18.8524],[-98.14783,18.85264],[-98.14807,18.85278],[-98.14821,18.85286],[-98.14829,18.85291],[-98.14846,18.85303],[-98.14856,18.85318],[-98.1486,18.85323],[-98.14862,18.85325],[-98.14869,18.85334],[-98.14872,18.85358],[-98.14874,18.85376],[-98.14882,18.85395],[-98.14893,18.85404],[-98.14911,18.85416],[-98.14934,18.85427],[-98.14941,18.85435],[-98.14957,18.85453],[-98.14972,18.85472],[-98.14985,18.855],[-98.14999,18.85529],[-98.15002,18.85553],[-98.15006,18.85586],[-98.15008,18.85609],[-98.15016,18.85623],[-98.15017,18.85625],[-98.15017,18.85626],[-98.1503,18.85636],[-98.1503,18.85636],[-98.15049,18.85633],[-98.15062,18.85628],[-98.15065,18.85627],[-98.15067,18.85624],[-98.15073,18.85617],[-98.15085,18.8561],[-98.15089,18.85608],[-98.15095,18.85605],[-98.15102,18.85601],[-98.15102,18.85601],[-98.1512,18.85606],[-98.1512,18.85606],[-98.15121,18.85607],[-98.15125,18.85614],[-98.15138,18.85625],[-98.15162,18.85645],[-98.15171,18.8565],[-98.15175,18.85652],[-98.15189,18.85652],[-98.15202,18.85646],[-98.15224,18.85638],[-98.15245,18.85626],[-98.15259,18.85623],[-98.1527,18.85634],[-98.15271,18.85635],[-98.1528,18.85649],[-98.15287,18.85672],[-98.15289,18.85677],[-98.15286,18.857],[-98.15294,18.85715],[-98.15308,18.85725],[-98.15316,18.85727],[-98.15336,18.85727],[-98.15358,18.8572],[-98.15373,18.85716],[-98.15387,18.85717],[-98.15398,18.85729],[-98.15413,18.85748],[-98.1542,18.85763],[-98.15441,18.85778],[-98.15491,18.85783],[-98.15524,18.85775],[-98.15545,18.85775],[-98.15553,18.85779],[-98.15566,18.85789],[-98.15572,18.85791],[-98.15586,18.85796],[-98.15602,18.85796],[-98.15615,18.85789],[-98.1562,18.85773],[-98.15627,18.85763],[-98.15648,18.85759],[-98.15664,18.85763],[-98.15685,18.85767],[-98.15694,18.85767],[-98.15715,18.85767],[-98.15734,18.85771],[-98.15764,18.85772],[-98.15791,18.85774],[-98.15804,18.85769],[-98.15832,18.85785],[-98.15835,18.85806],[-98.15825,18.85809],[-98.15817,18.85817],[-98.15806,18.85836],[-98.15797,18.85846],[-98.15789,18.85862],[-98.15784,18.8588],[-98.1579,18.85894],[-98.15795,18.85913],[-98.15795,18.85929],[-98.15789,18.8594],[-98.15776,18.85949],[-98.15769,18.85957],[-98.15762,18.85973],[-98.15761,18.85992],[-98.15764,18.86008],[-98.15776,18.86031],[-98.15784,18.86055],[-98.1579,18.8609],[-98.15793,18.86113],[-98.15795,18.86139],[-98.158,18.8615],[-98.15809,18.86154],[-98.15822,18.86155],[-98.15834,18.86157],[-98.1584,18.86163],[-98.15844,18.86174],[-98.15851,18.86183],[-98.15865,18.86196],[-98.15875,18.86205],[-98.15883,18.86219],[-98.15891,18.86227],[-98.15898,18.86286],[-98.15926,18.8672],[-98.15929,18.8673],[-98.15929,18.86731],[-98.15929,18.86733],[-98.15929,18.86737],[-98.15932,18.86745],[-98.15936,18.86746],[-98.15958,18.8676],[-98.15969,18.8677],[-98.15971,18.86779],[-98.15978,18.86794],[-98.15978,18.86806],[-98.15978,18.86806],[-98.15975,18.86814],[-98.15963,18.8682],[-98.15959,18.86825],[-98.15953,18.86834],[-98.15947,18.86843],[-98.15937,18.86849],[-98.15937,18.86849],[-98.15937,18.86849],[-98.15921,18.86852],[-98.15913,18.86851],[-98.15904,18.8685],[-98.15895,18.86847],[-98.1588,18.8684],[-98.15873,18.86832],[-98.15861,18.86823],[-98.15856,18.86819],[-98.1585,18.86813],[-98.1584,18.86806],[-98.1582,18.86798],[-98.15804,18.86798],[-98.15793,18.86798],[-98.15772,18.86802],[-98.1577,18.86803],[-98.1576,18.8681],[-98.15753,18.86814],[-98.15742,18.86834],[-98.15742,18.86834],[-98.15742,18.86834],[-98.1574,18.86835],[-98.1573,18.8684],[-98.15723,18.8684],[-98.1571,18.86837],[-98.15699,18.86841],[-98.15692,18.86851],[-98.15692,18.86851],[-98.1568,18.86844],[-98.15667,18.86842],[-98.15661,18.86847],[-98.15654,18.86854],[-98.15645,18.86856],[-98.1563,18.86858],[-98.15617,18.86859],[-98.15609,18.86866],[-98.15602,18.8688],[-98.15594,18.86897],[-98.15597,18.86911],[-98.156,18.86929],[-98.15603,18.8694],[-98.15603,18.86945],[-98.15603,18.86945],[-98.15603,18.86951],[-98.15595,18.86965],[-98.15587,18.86972],[-98.15587,18.86972],[-98.15581,18.86978],[-98.15563,18.87],[-98.15546,18.87032],[-98.15546,18.87032],[-98.15538,18.87047],[-98.15526,18.87057],[-98.15526,18.87057],[-98.15524,18.87058],[-98.15511,18.87074],[-98.15515,18.87083],[-98.15517,18.87089],[-98.15517,18.87089],[-98.15519,18.87093],[-98.15519,18.87093],[-98.15519,18.87093],[-98.15509,18.87104],[-98.15509,18.87113],[-98.15509,18.87113],[-98.15509,18.87115],[-98.1551,18.8712],[-98.1551,18.8712],[-98.15513,18.87133],[-98.15513,18.87133],[-98.15513,18.87133],[-98.15487,18.87132],[-98.15487,18.87133],[-98.15487,18.87133],[-98.15487,18.87137],[-98.15487,18.87137],[-98.15486,18.87147],[-98.15486,18.87147],[-98.15486,18.87147],[-98.15464,18.87149],[-98.15456,18.87141],[-98.15451,18.87131],[-98.15447,18.87129],[-98.15442,18.87127],[-98.15427,18.87122],[-98.15413,18.87127],[-98.1541,18.87137],[-98.1541,18.87138],[-98.1541,18.87138],[-98.15409,18.87138],[-98.15401,18.8717],[-98.15372,18.87208],[-98.15333,18.8723],[-98.15307,18.87251],[-98.15307,18.87251],[-98.15306,18.87252],[-98.1532,18.87333],[-98.15325,18.87365],[-98.15326,18.87373],[-98.15359,18.87414],[-98.15375,18.87435],[-98.15392,18.87457],[-98.1539,18.87484],[-98.1539,18.87484],[-98.15387,18.8751],[-98.15391,18.87549],[-98.15393,18.87578],[-98.15266,18.87594],[-98.15222,18.8761],[-98.15221,18.87611],[-98.152,18.87619],[-98.152,18.87619],[-98.15178,18.87658],[-98.15176,18.87662],[-98.15146,18.87718],[-98.1511,18.87735],[-98.15109,18.87735],[-98.15086,18.87746],[-98.15024,18.87792],[-98.15026,18.87802],[-98.15026,18.87802],[-98.15033,18.87838],[-98.15054,18.87879],[-98.15054,18.87879],[-98.15054,18.87879],[-98.15054,18.87879],[-98.15054,18.87879],[-98.15079,18.87887],[-98.15091,18.87887],[-98.15115,18.87893],[-98.15132,18.87906],[-98.15136,18.8792]]]}},{"type":"Feature","properties":{"cp":72978,"nombre":"CP 72978"},"geometry":{"type":"Polygon","coordinates":[[[-98.23665,18.84629],[-98.23644,18.84629],[-98.23622,18.84636],[-98.23611,18.84641],[-98.23599,18.84646],[-98.23595,18.84648],[-98.23575,18.84652],[-98.23565,18.84653],[-98.23557,18.84655],[-98.23538,18.84662],[-98.23528,18.84666],[-98.23506,18.8467],[-98.23478,18.84666],[-98.23458,18.84659],[-98.23439,18.84651],[-98.23432,18.84623],[-98.23422,18.8461],[-98.23411,18.8459],[-98.2341,18.84572],[-98.23407,18.84548],[-98.23416,18.84536],[-98.23426,18.84521],[-98.2341,18.84513],[-98.23408,18.84512],[-98.23392,18.845],[-98.23382,18.84501],[-98.23375,18.84501],[-98.2337,18.84501],[-98.23361,18.845],[-98.23356,18.84502],[-98.23348,18.84506],[-98.23346,18.84511],[-98.23342,18.84524],[-98.23337,18.84536],[-98.23333,18.84545],[-98.23333,18.84545],[-98.23313,18.84544],[-98.23296,18.84535],[-98.23283,18.84526],[-98.23264,18.84518],[-98.2325,18.84511],[-98.23245,18.84509],[-98.23233,18.84502],[-98.23207,18.84496],[-98.23186,18.84488],[-98.23175,18.84484],[-98.23162,18.84488],[-98.23159,18.84489],[-98.23155,18.8449],[-98.23139,18.84493],[-98.23121,18.84491],[-98.23108,18.8449],[-98.23093,18.84489],[-98.23076,18.84486],[-98.23051,18.84481],[-98.23046,18.8448],[-98.2303,18.84479],[-98.2303,18.84479],[-98.23029,18.84479],[-98.23016,18.84474],[-98.22994,18.84468],[-98.22994,18.84468],[-98.22994,18.84468],[-98.22978,18.84461],[-98.22962,18.84454],[-98.22948,18.84451],[-98.22947,18.84451],[-98.22947,18.84451],[-98.22947,18.84451],[-98.22928,18.84443],[-98.22915,18.84438],[-98.229,18.84435],[-98.22898,18.84434],[-98.22885,18.84433],[-98.22872,18.84432],[-98.22864,18.8443],[-98.22852,18.84428],[-98.22826,18.84416],[-98.22822,18.84413],[-98.22811,18.84405],[-98.22802,18.84399],[-98.22795,18.84394],[-98.22782,18.84384],[-98.22767,18.84378],[-98.22758,18.84377],[-98.22748,18.84375],[-98.22728,18.8437],[-98.22726,18.84369],[-98.22721,18.84368],[-98.22705,18.84362],[-98.22694,18.84358],[-98.22677,18.84355],[-98.22677,18.84355],[-98.22666,18.84357],[-98.22661,18.84359],[-98.22651,18.84361],[-98.22638,18.84371],[-98.22633,18.84376],[-98.2263,18.8438],[-98.22621,18.84385],[-98.22618,18.84387],[-98.22618,18.84387],[-98.22609,18.84374],[-98.22606,18.8437],[-98.22603,18.84364],[-98.226,18.84357],[-98.22597,18.84353],[-98.22595,18.84347],[-98.22594,18.84345],[-98.22587,18.84335],[-98.22583,18.8433],[-98.22579,18.84326],[-98.22572,18.84319],[-98.22561,18.84314],[-98.22533,18.84294],[-98.22513,18.84291],[-98.225,18.8429],[-98.22493,18.8429],[-98.2246,18.84289],[-98.2243,18.8429],[-98.22375,18.84297],[-98.22364,18.84297],[-98.22354,18.84297],[-98.2235,18.84296],[-98.22339,18.84293],[-98.22323,18.84288],[-98.22311,18.84284],[-98.22299,18.84283],[-98.22285,18.8428],[-98.22265,18.84277],[-98.2225,18.84269],[-98.22232,18.84263],[-98.22232,18.84263],[-98.22221,18.84263],[-98.22212,18.84262],[-98.22203,18.84261],[-98.22195,18.84259],[-98.22193,18.84258],[-98.22181,18.84257],[-98.22168,18.84256],[-98.22167,18.84256],[-98.22163,18.84256],[-98.22138,18.84257],[-98.22116,18.84262],[-98.22088,18.84261],[-98.22048,18.84261],[-98.22021,18.8426],[-98.21985,18.84257],[-98.21954,18.84252],[-98.21912,18.8424],[-98.21897,18.84235],[-98.21879,18.8423],[-98.21867,18.84227],[-98.21848,18.84222],[-98.21824,18.84216],[-98.2182,18.84215],[-98.21798,18.84209],[-98.21796,18.84208],[-98.21791,18.84207],[-98.21773,18.84205],[-98.21753,18.84206],[-98.21751,18.84207],[-98.21736,18.8421],[-98.2172,18.84214],[-98.21716,18.84216],[-98.21713,18.84216],[-98.21704,18.84218],[-98.21694,18.84225],[-98.21686,18.84232],[-98.21673,18.8424],[-98.21665,18.84243],[-98.21662,18.84245],[-98.21648,18.84251],[-98.21641,18.84254],[-98.21638,18.84255],[-98.21634,18.84256],[-98.21628,18.84257],[-98.21621,18.84255],[-98.21617,18.84255],[-98.2161,18.84254],[-98.21606,18.84254],[-98.21598,18.84252],[-98.21584,18.84249],[-98.21576,18.84247],[-98.21573,18.84246],[-98.21569,18.84244],[-98.2156,18.84238],[-98.21543,18.84231],[-98.21536,18.84228],[-98.21514,18.84225],[-98.21492,18.84215],[-98.21492,18.84215],[-98.21491,18.84215],[-98.21477,18.84206],[-98.21461,18.84203],[-98.21453,18.84201],[-98.21431,18.84194],[-98.21399,18.84184],[-98.21373,18.84175],[-98.21347,18.84165],[-98.21336,18.84161],[-98.21316,18.84153],[-98.21289,18.84145],[-98.21269,18.84136],[-98.21268,18.84136],[-98.21256,18.8413],[-98.21246,18.84123],[-98.21232,18.84116],[-98.21229,18.84115],[-98.21211,18.84105],[-98.21186,18.84093],[-98.21155,18.84073],[-98.21144,18.84064],[-98.21136,18.84057],[-98.21117,18.84043],[-98.21108,18.84036],[-98.21106,18.84034],[-98.21093,18.84026],[-98.21082,18.8402],[-98.21075,18.84016],[-98.21068,18.84013],[-98.21051,18.84009],[-98.21031,18.84014],[-98.21016,18.84025],[-98.21013,18.84027],[-98.21013,18.84027],[-98.21013,18.84027],[-98.20991,18.84035],[-98.20973,18.84046],[-98.20973,18.84047],[-98.20972,18.84047],[-98.20956,18.84054],[-98.20935,18.84067],[-98.2092,18.84078],[-98.20903,18.84094],[-98.20896,18.84101],[-98.20875,18.84112],[-98.20857,18.84119],[-98.20854,18.84121],[-98.20849,18.84122],[-98.2083,18.8413],[-98.20802,18.84142],[-98.2075,18.84165],[-98.20735,18.84172],[-98.20657,18.84227],[-98.20638,18.84245],[-98.20609,18.84273],[-98.20584,18.84301],[-98.20571,18.84315],[-98.20546,18.84361],[-98.20533,18.84382],[-98.20526,18.84394],[-98.20507,18.84412],[-98.20485,18.84413],[-98.20471,18.84415],[-98.20461,18.84416],[-98.20436,18.84418],[-98.20436,18.84418],[-98.20416,18.84424],[-98.20396,18.84428],[-98.20379,18.84437],[-98.20372,18.84437],[-98.20321,18.84436],[-98.20263,18.84433],[-98.20255,18.84432],[-98.20238,18.84432],[-98.20182,18.84431],[-98.20158,18.84433],[-98.20134,18.84435],[-98.2013,18.84439],[-98.20124,18.84448],[-98.20124,18.84448],[-98.20109,18.84489],[-98.20088,18.84488],[-98.20079,18.84488],[-98.20065,18.84488],[-98.20044,18.84488],[-98.20022,18.84484],[-98.20017,18.84482],[-98.20004,18.84477],[-98.19993,18.84474],[-98.19981,18.8447],[-98.19954,18.84464],[-98.19936,18.84463],[-98.19925,18.84462],[-98.19894,18.84454],[-98.19881,18.84444],[-98.19862,18.84423],[-98.19853,18.84413],[-98.19848,18.84407],[-98.19848,18.84407],[-98.19834,18.84401],[-98.19816,18.84398],[-98.1981,18.84397],[-98.19801,18.84395],[-98.19787,18.8439],[-98.19774,18.84384],[-98.19771,18.84382],[-98.19759,18.84376],[-98.19738,18.84371],[-98.1972,18.8437],[-98.19702,18.8437],[-98.19648,18.84379],[-98.19648,18.84455],[-98.19661,18.845],[-98.19677,18.8456],[-98.19697,18.8461],[-98.19726,18.84637],[-98.1976,18.84689],[-98.19762,18.84746],[-98.19778,18.84836],[-98.19789,18.84917],[-98.19807,18.84988],[-98.19827,18.85064],[-98.19833,18.85131],[-98.19825,18.85224],[-98.19773,18.85414],[-98.1977,18.85518],[-98.19802,18.8563],[-98.19892,18.85747],[-98.19926,18.85837],[-98.19938,18.85917],[-98.19941,18.85966],[-98.19935,18.8605],[-98.19926,18.8613],[-98.19915,18.86165],[-98.19926,18.86217],[-98.19926,18.86306],[-98.19984,18.86391],[-98.20017,18.86458],[-98.20061,18.86572],[-98.20099,18.86679],[-98.20165,18.8673],[-98.20206,18.86777],[-98.20263,18.86837],[-98.20356,18.86818],[-98.2043,18.86787],[-98.20537,18.86738],[-98.20594,18.86658],[-98.206,18.86554],[-98.20655,18.86435],[-98.20748,18.86375],[-98.20802,18.86365],[-98.20838,18.86378],[-98.20906,18.86414],[-98.20939,18.86409],[-98.21008,18.8637],[-98.21082,18.86295],[-98.21145,18.86241],[-98.21243,18.86246],[-98.21336,18.86228],[-98.2141,18.86181],[-98.21498,18.86103],[-98.21555,18.86031],[-98.21626,18.86013],[-98.21698,18.86031],[-98.21727,18.86108],[-98.21762,18.86192],[-98.21857,18.86283],[-98.21961,18.86395],[-98.22065,18.86539],[-98.22131,18.86629],[-98.22192,18.86728],[-98.22276,18.86859],[-98.22336,18.8693],[-98.2246,18.87045],[-98.22559,18.8711],[-98.2266,18.87157],[-98.22841,18.872],[-98.22945,18.87217],[-98.23008,18.87267],[-98.23067,18.8723],[-98.23169,18.87135],[-98.2319,18.87081],[-98.23216,18.87013],[-98.23236,18.86885],[-98.23257,18.86796],[-98.23288,18.86771],[-98.23315,18.86743],[-98.23392,18.8664],[-98.2349,18.86579],[-98.23624,18.86554],[-98.23713,18.86546],[-98.23739,18.86504],[-98.23724,18.86445],[-98.23686,18.86425],[-98.2365,18.86434],[-98.23636,18.86415],[-98.2364,18.86384],[-98.23659,18.86374],[-98.23679,18.86371],[-98.23687,18.86355],[-98.23656,18.86324],[-98.2361,18.86314],[-98.23586,18.863],[-98.23581,18.86276],[-98.23594,18.86268],[-98.23604,18.86257],[-98.23597,18.86236],[-98.23555,18.86209],[-98.23545,18.86183],[-98.23547,18.86165],[-98.23573,18.86142],[-98.23582,18.86102],[-98.23571,18.86048],[-98.23539,18.86008],[-98.23517,18.86004],[-98.23494,18.86009],[-98.23478,18.85997],[-98.23467,18.85966],[-98.23461,18.85915],[-98.23458,18.85861],[-98.23441,18.85822],[-98.23455,18.85801],[-98.23478,18.85776],[-98.23471,18.85725],[-98.23455,18.85668],[-98.23451,18.85633],[-98.23477,18.85608],[-98.23526,18.85597],[-98.23553,18.85589],[-98.23543,18.85566],[-98.23516,18.85542],[-98.2351,18.85501],[-98.23506,18.85463],[-98.23487,18.85426],[-98.23452,18.85377],[-98.23449,18.85359],[-98.23467,18.85336],[-98.23497,18.85327],[-98.23522,18.85321],[-98.23537,18.853],[-98.23547,18.85271],[-98.23566,18.85258],[-98.23589,18.85228],[-98.23589,18.85202],[-98.23597,18.85188],[-98.23626,18.85163],[-98.23651,18.85152],[-98.23664,18.85134],[-98.23662,18.8512],[-98.23646,18.85112],[-98.23615,18.85113],[-98.23594,18.85115],[-98.23568,18.85105],[-98.23567,18.85084],[-98.23588,18.85063],[-98.23622,18.8504],[-98.23644,18.85036],[-98.23666,18.85049],[-98.23686,18.85063],[-98.23698,18.85064],[-98.2371,18.85056],[-98.23724,18.85038],[-98.23727,18.85019],[-98.23687,18.84988],[-98.23636,18.84959],[-98.23623,18.84945],[-98.23625,18.84937],[-98.23646,18.84929],[-98.23691,18.84929],[-98.23713,18.84923],[-98.23707,18.84898],[-98.23701,18.84861],[-98.23682,18.84771],[-98.23666,18.84705],[-98.23672,18.84671],[-98.23665,18.84629]]]}},{"type":"Feature","properties":{"cp":72495,"nombre":"CP 72495"},"geometry":{"type":"Polygon","coordinates":[[[-98.25759,18.96274],[-98.25773,18.9625],[-98.25802,18.96265],[-98.25832,18.96213],[-98.25858,18.96227],[-98.25904,18.9615],[-98.26066,18.95886],[-98.25781,18.95728],[-98.25852,18.95578],[-98.2608,18.95197],[-98.26067,18.95168],[-98.26035,18.95132],[-98.26013,18.95116],[-98.25977,18.95104],[-98.2591,18.9509],[-98.25798,18.95076],[-98.25685,18.95079],[-98.25507,18.95087],[-98.25457,18.95088],[-98.25449,18.95088],[-98.25439,18.95084],[-98.25423,18.95063],[-98.25413,18.95033],[-98.25413,18.95003],[-98.25413,18.94981],[-98.2541,18.94956],[-98.2537,18.94861],[-98.25341,18.9482],[-98.25318,18.94802],[-98.25297,18.94799],[-98.25267,18.94801],[-98.2525,18.94803],[-98.25234,18.94803],[-98.25221,18.948],[-98.25214,18.94798],[-98.25207,18.94788],[-98.25202,18.94761],[-98.25201,18.9474],[-98.25196,18.94687],[-98.25183,18.94647],[-98.25169,18.94619],[-98.25155,18.9461],[-98.25132,18.94606],[-98.25104,18.94604],[-98.25091,18.94607],[-98.25081,18.94616],[-98.25065,18.94628],[-98.25062,18.94631],[-98.2504,18.94642],[-98.24982,18.94662],[-98.24961,18.94667],[-98.24865,18.94691],[-98.2484,18.94692],[-98.24828,18.94689],[-98.24828,18.94689],[-98.24821,18.94688],[-98.24813,18.94681],[-98.24808,18.94673],[-98.24805,18.94661],[-98.24809,18.94644],[-98.24815,18.94617],[-98.24815,18.94617],[-98.24822,18.94589],[-98.24826,18.94554],[-98.24815,18.94518],[-98.24779,18.94458],[-98.2476,18.94443],[-98.24739,18.94428],[-98.24715,18.94414],[-98.24696,18.94409],[-98.24669,18.94406],[-98.24657,18.94409],[-98.24637,18.94412],[-98.24597,18.94425],[-98.24569,18.94427],[-98.24552,18.94421],[-98.2453,18.94408],[-98.24502,18.94354],[-98.24446,18.9427],[-98.24426,18.9423],[-98.24426,18.94208],[-98.24435,18.94186],[-98.2448,18.9414],[-98.24495,18.94098],[-98.24491,18.94064],[-98.24479,18.94038],[-98.24467,18.94022],[-98.24449,18.94009],[-98.24434,18.94005],[-98.2441,18.94004],[-98.24408,18.94004],[-98.24393,18.94009],[-98.2438,18.94017],[-98.24376,18.94038],[-98.24357,18.94057],[-98.24326,18.94071],[-98.243,18.94074],[-98.2429,18.94079],[-98.24285,18.94104],[-98.2429,18.9413],[-98.24295,18.94143],[-98.24295,18.94158],[-98.24282,18.94172],[-98.24264,18.94183],[-98.24242,18.94199],[-98.24215,18.94214],[-98.24185,18.94227],[-98.24157,18.94232],[-98.24095,18.94226],[-98.24064,18.94222],[-98.24024,18.94223],[-98.23986,18.9425],[-98.23974,18.94273],[-98.23969,18.94291],[-98.23962,18.94298],[-98.23959,18.94317],[-98.23968,18.94324],[-98.23982,18.94332],[-98.23993,18.94348],[-98.23996,18.94357],[-98.23994,18.94371],[-98.23995,18.94379],[-98.24,18.9439],[-98.24009,18.94399],[-98.24047,18.94396],[-98.24053,18.94391],[-98.24061,18.94379],[-98.24073,18.9437],[-98.24082,18.94367],[-98.24095,18.94372],[-98.24108,18.94373],[-98.24139,18.94371],[-98.24145,18.94415],[-98.24152,18.94429],[-98.24158,18.94521],[-98.24161,18.94561],[-98.2413,18.94592],[-98.24112,18.9461],[-98.24061,18.94658],[-98.24003,18.94553],[-98.23903,18.94639],[-98.23862,18.94677],[-98.23898,18.94744],[-98.23905,18.94736],[-98.23932,18.94778],[-98.23725,18.94982],[-98.23763,18.9513],[-98.23866,18.95535],[-98.24009,18.96136],[-98.2404,18.96239],[-98.24056,18.96343],[-98.24093,18.96609],[-98.24148,18.96606],[-98.24235,18.966],[-98.24224,18.96447],[-98.24568,18.96433],[-98.24424,18.96669],[-98.24304,18.96867],[-98.24113,18.96759],[-98.24133,18.96912],[-98.24241,18.96973],[-98.24403,18.97062],[-98.24533,18.97135],[-98.24894,18.97334],[-98.25393,18.97605],[-98.25582,18.97286],[-98.25627,18.97207],[-98.25586,18.97182],[-98.2547,18.97117],[-98.25271,18.97007],[-98.25257,18.97],[-98.25197,18.96968],[-98.25135,18.96935],[-98.25372,18.96547],[-98.25398,18.96512],[-98.25563,18.96601],[-98.25759,18.96274]]]}},{"type":"Feature","properties":{"cp":72484,"nombre":"CP 72484"},"geometry":{"type":"Polygon","coordinates":[[[-98.25425,18.99416],[-98.2556,18.99519],[-98.25664,18.99402],[-98.25589,18.99243],[-98.25425,18.99416]]]}},{"type":"Feature","properties":{"cp":72482,"nombre":"CP 72482"},"geometry":{"type":"Polygon","coordinates":[[[-98.25302,18.98856],[-98.25248,18.98933],[-98.25322,18.98981],[-98.25258,18.99074],[-98.2532,18.99104],[-98.25332,18.99104],[-98.25445,18.98947],[-98.25302,18.98856]]]}},{"type":"Feature","properties":{"cp":72468,"nombre":"CP 72468"},"geometry":{"type":"Polygon","coordinates":[[[-98.23384,19.00503],[-98.23716,19.00709],[-98.2374,19.00674],[-98.2374,19.00674],[-98.23759,19.00643],[-98.23821,19.00497],[-98.23673,19.00459],[-98.23646,19.00453],[-98.23621,19.00446],[-98.23596,19.00434],[-98.23571,19.00417],[-98.23559,19.00408],[-98.2354,19.00401],[-98.23501,19.00393],[-98.23468,19.00388],[-98.23468,19.00388],[-98.23384,19.00503]]]}},{"type":"Feature","properties":{"cp":72498,"nombre":"CP 72498"},"geometry":{"type":"Polygon","coordinates":[[[-98.26349,18.99217],[-98.26349,18.99217],[-98.26349,18.99217],[-98.2636,18.99215],[-98.26372,18.99213],[-98.26448,18.99205],[-98.26478,18.99212],[-98.26525,18.99214],[-98.26533,18.99212],[-98.2654,18.99206],[-98.2655,18.99193],[-98.26558,18.99155],[-98.26573,18.99116],[-98.26595,18.99065],[-98.26606,18.99044],[-98.26636,18.98991],[-98.26644,18.98988],[-98.26667,18.98986],[-98.26674,18.98988],[-98.26688,18.98995],[-98.26711,18.99004],[-98.26728,18.99016],[-98.26746,18.99042],[-98.26755,18.99069],[-98.26755,18.99069],[-98.26759,18.99093],[-98.26759,18.99093],[-98.26763,18.99123],[-98.26763,18.99123],[-98.26767,18.99153],[-98.26767,18.99153],[-98.26774,18.99186],[-98.26782,18.99213],[-98.26782,18.99213],[-98.26792,18.99245],[-98.26805,18.99286],[-98.26821,18.9932],[-98.2684,18.99351],[-98.26857,18.99378],[-98.26879,18.99392],[-98.26901,18.99406],[-98.26935,18.99425],[-98.26961,18.9943],[-98.26994,18.99426],[-98.2704,18.99413],[-98.27077,18.99395],[-98.27113,18.9937],[-98.27143,18.99356],[-98.2718,18.99353],[-98.2722,18.99363],[-98.27271,18.99378],[-98.27304,18.99378],[-98.27304,18.99378],[-98.27341,18.99368],[-98.27353,18.99347],[-98.27353,18.99347],[-98.27353,18.99347],[-98.27343,18.993],[-98.27317,18.99239],[-98.27286,18.99148],[-98.27281,18.99103],[-98.273,18.99073],[-98.27322,18.99063],[-98.27356,18.99068],[-98.2739,18.99061],[-98.27419,18.99042],[-98.27444,18.99017],[-98.27445,18.98978],[-98.27445,18.98978],[-98.27445,18.98978],[-98.2743,18.98937],[-98.27416,18.98898],[-98.27396,18.9879],[-98.27395,18.98783],[-98.27395,18.98782],[-98.27395,18.98755],[-98.27413,18.98734],[-98.27428,18.98727],[-98.27446,18.9872],[-98.27475,18.98718],[-98.27494,18.98717],[-98.27516,18.98715],[-98.2754,18.98713],[-98.27581,18.98706],[-98.27585,18.98705],[-98.27619,18.98697],[-98.27648,18.98678],[-98.27667,18.98649],[-98.27669,18.98647],[-98.27704,18.98608],[-98.27725,18.98573],[-98.27729,18.98566],[-98.27761,18.9855],[-98.27829,18.98532],[-98.27876,18.98517],[-98.27913,18.98506],[-98.27929,18.98496],[-98.27936,18.98493],[-98.27936,18.98493],[-98.27973,18.98455],[-98.27997,18.98428],[-98.28001,18.98414],[-98.28005,18.98398],[-98.27994,18.98374],[-98.27986,18.98365],[-98.27974,18.9835],[-98.27933,18.98256],[-98.27927,18.98235],[-98.27919,18.98208],[-98.27918,18.98172],[-98.27916,18.9814],[-98.27923,18.98111],[-98.27923,18.9811],[-98.2793,18.98101],[-98.27943,18.98086],[-98.27971,18.98074],[-98.27985,18.98067],[-98.27993,18.98064],[-98.28024,18.98064],[-98.28034,18.98064],[-98.28069,18.98065],[-98.28104,18.9804],[-98.28104,18.9804],[-98.28101,18.98029],[-98.28096,18.98007],[-98.28063,18.97974],[-98.2799,18.9791],[-98.27985,18.97896],[-98.27967,18.9785],[-98.27967,18.97849],[-98.2797,18.97835],[-98.27978,18.97812],[-98.27981,18.97807],[-98.27996,18.97781],[-98.28033,18.97756],[-98.28071,18.97758],[-98.28092,18.97758],[-98.28177,18.9775],[-98.28191,18.97744],[-98.28206,18.97738],[-98.28236,18.97693],[-98.28246,18.97669],[-98.28251,18.97656],[-98.28255,18.97628],[-98.28258,18.97611],[-98.28258,18.97611],[-98.28243,18.97565],[-98.28243,18.97565],[-98.28233,18.97541],[-98.28222,18.97514],[-98.28213,18.97502],[-98.28204,18.97492],[-98.28194,18.9748],[-98.28152,18.97442],[-98.28145,18.97435],[-98.28138,18.97429],[-98.28089,18.97392],[-98.28046,18.97355],[-98.28036,18.97346],[-98.28008,18.9733],[-98.27937,18.97287],[-98.279,18.97262],[-98.27884,18.97251],[-98.27852,18.97227],[-98.27818,18.97201],[-98.27797,18.9718],[-98.27753,18.97137],[-98.27716,18.9708],[-98.277,18.97031],[-98.27699,18.97025],[-98.27693,18.97002],[-98.27683,18.9698],[-98.27679,18.96972],[-98.27678,18.96964],[-98.27677,18.96958],[-98.27677,18.96937],[-98.27677,18.96927],[-98.2768,18.96898],[-98.27681,18.96892],[-98.27684,18.96868],[-98.27687,18.96853],[-98.27689,18.9685],[-98.2771,18.96821],[-98.27736,18.96781],[-98.2774,18.96774],[-98.27744,18.96762],[-98.27752,18.96741],[-98.27754,18.9672],[-98.27756,18.96697],[-98.27753,18.96673],[-98.27752,18.96649],[-98.27752,18.96649],[-98.27752,18.96649],[-98.27755,18.96627],[-98.27756,18.9661],[-98.27752,18.96597],[-98.27752,18.96595],[-98.27752,18.96595],[-98.2775,18.96571],[-98.27755,18.96544],[-98.27759,18.96524],[-98.27756,18.96509],[-98.27751,18.96497],[-98.2775,18.96481],[-98.27751,18.96455],[-98.27753,18.96435],[-98.27754,18.96418],[-98.27757,18.96409],[-98.27758,18.96407],[-98.27765,18.96376],[-98.27766,18.9636],[-98.27766,18.96353],[-98.27767,18.96326],[-98.27767,18.96289],[-98.27767,18.96277],[-98.27767,18.96256],[-98.27766,18.96251],[-98.27761,18.96214],[-98.27754,18.96167],[-98.2775,18.9614],[-98.27748,18.96127],[-98.27746,18.96111],[-98.27746,18.96105],[-98.27744,18.96082],[-98.27738,18.96062],[-98.27738,18.96062],[-98.27736,18.96056],[-98.27721,18.96007],[-98.27718,18.96],[-98.27712,18.95989],[-98.27699,18.95966],[-98.2769,18.95957],[-98.27689,18.95954],[-98.2768,18.95952],[-98.27675,18.9595],[-98.2766,18.9595],[-98.27656,18.9595],[-98.27656,18.9595],[-98.2764,18.96017],[-98.27531,18.96149],[-98.27455,18.96199],[-98.27465,18.9621],[-98.27341,18.96357],[-98.27314,18.96396],[-98.27208,18.96508],[-98.27233,18.96522],[-98.27037,18.96668],[-98.2702,18.96687],[-98.26842,18.96805],[-98.26813,18.96819],[-98.26687,18.9675],[-98.26673,18.96785],[-98.26322,18.97071],[-98.26224,18.97014],[-98.26543,18.96675],[-98.26515,18.96655],[-98.26289,18.96531],[-98.26202,18.96678],[-98.26053,18.96918],[-98.26019,18.96899],[-98.25955,18.9701],[-98.25782,18.97297],[-98.25901,18.97362],[-98.25986,18.97407],[-98.25913,18.97465],[-98.2573,18.97611],[-98.25693,18.97646],[-98.25624,18.97732],[-98.25321,18.98131],[-98.25539,18.98288],[-98.25565,18.9826],[-98.25573,18.98266],[-98.25593,18.98239],[-98.25687,18.9835],[-98.25626,18.98396],[-98.25673,18.98492],[-98.25645,18.98517],[-98.25724,18.98672],[-98.2576,18.98648],[-98.25869,18.9856],[-98.25901,18.98594],[-98.25929,18.98611],[-98.25929,18.98611],[-98.25933,18.98632],[-98.25886,18.98715],[-98.25821,18.98842],[-98.25815,18.98876],[-98.25838,18.98871],[-98.25893,18.98904],[-98.25937,18.98932],[-98.26076,18.99017],[-98.26188,18.99093],[-98.26223,18.99133],[-98.26233,18.99139],[-98.26241,18.9914],[-98.26249,18.99138],[-98.26264,18.99127],[-98.26269,18.99132],[-98.26295,18.99169],[-98.26302,18.99176],[-98.2631,18.9918],[-98.26318,18.99182],[-98.26334,18.99184],[-98.26337,18.99186],[-98.26345,18.9921],[-98.26349,18.99217]],[[-98.26374,18.98153],[-98.26374,18.98153],[-98.2634,18.98193],[-98.26278,18.98267],[-98.26271,18.98262],[-98.26263,18.98278],[-98.26105,18.98176],[-98.26085,18.98179],[-98.2608,18.98171],[-98.26102,18.9808],[-98.26118,18.98069],[-98.26207,18.98006],[-98.26374,18.98153]]]}},{"type":"Feature","properties":{"cp":72803,"nombre":"CP 72803"},"geometry":{"type":"Polygon","coordinates":[[[-98.27762,19.0458],[-98.2777,19.04656],[-98.27787,19.04778],[-98.27806,19.04901],[-98.27817,19.04977],[-98.27828,19.05056],[-98.27832,19.05095],[-98.27872,19.05106],[-98.2793,19.05102],[-98.28135,19.051],[-98.28147,19.051],[-98.28228,19.051],[-98.28254,19.05102],[-98.28277,19.05106],[-98.28305,19.05116],[-98.28355,19.05135],[-98.28355,19.05135],[-98.28569,19.0521],[-98.28593,19.05218],[-98.28637,19.05132],[-98.28611,19.0512],[-98.28577,19.05105],[-98.28596,19.05074],[-98.28448,19.05009],[-98.28514,19.04917],[-98.28269,19.04907],[-98.28253,19.04907],[-98.28229,19.04907],[-98.28124,19.049],[-98.28133,19.04727],[-98.28107,19.04736],[-98.28081,19.0474],[-98.28082,19.04708],[-98.28049,19.04703],[-98.27973,19.0467],[-98.27982,19.04651],[-98.28024,19.04629],[-98.28041,19.04631],[-98.28109,19.04665],[-98.28189,19.04662],[-98.28215,19.04659],[-98.28235,19.04654],[-98.28323,19.04615],[-98.2843,19.04574],[-98.28422,19.04568],[-98.28532,19.04386],[-98.28139,19.04161],[-98.27804,19.04019],[-98.27614,19.03929],[-98.27547,19.03895],[-98.27418,19.03833],[-98.27265,19.04112],[-98.27388,19.04165],[-98.27501,19.04213],[-98.27589,19.04255],[-98.27634,19.04286],[-98.27668,19.0432],[-98.27695,19.04362],[-98.27723,19.04417],[-98.27737,19.04453],[-98.27746,19.04489],[-98.27762,19.0458]]]}},{"type":"Feature","properties":{"cp":72464,"nombre":"CP 72464"},"geometry":{"type":"Polygon","coordinates":[[[-98.24039,19.00619],[-98.24058,19.00616],[-98.24081,19.00625],[-98.24096,19.00635],[-98.24103,19.00647],[-98.24405,19.00775],[-98.2444,19.00844],[-98.24526,19.01044],[-98.2464,19.01304],[-98.2464,19.01304],[-98.24724,19.01259],[-98.24784,19.01164],[-98.24819,19.01134],[-98.24955,19.01097],[-98.24971,19.01075],[-98.25072,19.00867],[-98.25084,19.00847],[-98.25101,19.00829],[-98.25119,19.00828],[-98.25134,19.00827],[-98.25149,19.00811],[-98.25157,19.00795],[-98.25157,19.00774],[-98.25153,19.00753],[-98.25155,19.00716],[-98.24949,19.00603],[-98.24926,19.00601],[-98.24853,19.00588],[-98.24856,19.00579],[-98.24876,19.00559],[-98.24947,19.00482],[-98.24912,19.0045],[-98.24872,19.00414],[-98.24871,19.00422],[-98.2485,19.00403],[-98.24725,19.00525],[-98.24809,19.00544],[-98.24785,19.00573],[-98.24731,19.00561],[-98.24646,19.00543],[-98.24414,19.00488],[-98.24251,19.00428],[-98.24173,19.00401],[-98.24121,19.00385],[-98.24054,19.00562],[-98.24071,19.00568],[-98.24039,19.00619]]]}},{"type":"Feature","properties":{"cp":72456,"nombre":"CP 72456"},"geometry":{"type":"Polygon","coordinates":[[[-98.2234,19.01956],[-98.22374,19.01987],[-98.22385,19.02014],[-98.22385,19.02014],[-98.22382,19.0205],[-98.22364,19.02096],[-98.22333,19.02138],[-98.22325,19.02159],[-98.22365,19.02144],[-98.22449,19.0221],[-98.22464,19.02232],[-98.22372,19.02231],[-98.22245,19.02448],[-98.22176,19.02564],[-98.22199,19.02583],[-98.22288,19.02485],[-98.22339,19.02431],[-98.22417,19.02354],[-98.22471,19.02403],[-98.22491,19.0241],[-98.22529,19.02423],[-98.22558,19.02434],[-98.22579,19.02452],[-98.22606,19.02445],[-98.22637,19.02438],[-98.22673,19.02427],[-98.22723,19.0241],[-98.2271,19.02386],[-98.22687,19.02379],[-98.22671,19.02362],[-98.22655,19.02335],[-98.22656,19.02312],[-98.22653,19.0229],[-98.22627,19.02272],[-98.22604,19.02255],[-98.22577,19.02235],[-98.2256,19.02217],[-98.22607,19.02173],[-98.22628,19.02154],[-98.22653,19.02118],[-98.22806,19.01948],[-98.22851,19.01903],[-98.22943,19.0185],[-98.23032,19.01785],[-98.22837,19.0166],[-98.22789,19.01632],[-98.22757,19.01622],[-98.22672,19.01778],[-98.2259,19.01893],[-98.22573,19.01883],[-98.22561,19.0188],[-98.2244,19.01846],[-98.22388,19.01831],[-98.22365,19.01895],[-98.2234,19.01956]]]}},{"type":"Feature","properties":{"cp":72492,"nombre":"CP 72492"},"geometry":{"type":"Polygon","coordinates":[[[-98.2532,18.99104],[-98.25258,18.99074],[-98.25322,18.98981],[-98.25248,18.98933],[-98.25302,18.98856],[-98.25302,18.98856],[-98.25209,18.98792],[-98.25129,18.98972],[-98.25101,18.99034],[-98.25088,18.99063],[-98.25074,18.99092],[-98.24998,18.99225],[-98.25017,18.99231],[-98.25035,18.99232],[-98.25052,18.99231],[-98.25074,18.99227],[-98.25177,18.99275],[-98.2532,18.99104]]]}},{"type":"Feature","properties":{"cp":72755,"nombre":"CP 72755"},"geometry":{"type":"Polygon","coordinates":[[[-98.30674,19.06975],[-98.30803,19.0672],[-98.30499,19.06583],[-98.30371,19.06839],[-98.30674,19.06975]]]}},{"type":"Feature","properties":{"cp":72778,"nombre":"CP 72778"},"geometry":{"type":"Polygon","coordinates":[[[-98.30448,19.05981],[-98.30331,19.0592],[-98.30331,19.0592],[-98.3029,19.0596],[-98.30273,19.05974],[-98.30246,19.05987],[-98.30238,19.05986],[-98.30145,19.05946],[-98.30111,19.05931],[-98.30074,19.05918],[-98.30044,19.05903],[-98.3004,19.05901],[-98.29948,19.0585],[-98.29898,19.05825],[-98.29882,19.05817],[-98.29858,19.05805],[-98.29825,19.05788],[-98.29802,19.05777],[-98.29802,19.05777],[-98.2977,19.05843],[-98.29775,19.05847],[-98.29777,19.05849],[-98.29778,19.05854],[-98.2978,19.05858],[-98.29783,19.05862],[-98.29786,19.05864],[-98.29813,19.05879],[-98.29842,19.05895],[-98.29847,19.05939],[-98.29847,19.05939],[-98.2981,19.05955],[-98.29744,19.05974],[-98.29731,19.05982],[-98.29731,19.05982],[-98.29727,19.0598],[-98.29727,19.0598],[-98.29727,19.0598],[-98.29707,19.05987],[-98.29689,19.05996],[-98.29689,19.05996],[-98.29682,19.05999],[-98.29669,19.06004],[-98.29629,19.06019],[-98.29567,19.06043],[-98.2959,19.06101],[-98.29595,19.06114],[-98.29599,19.06124],[-98.29602,19.06132],[-98.29602,19.06132],[-98.29593,19.06137],[-98.29584,19.06143],[-98.29538,19.0617],[-98.29472,19.06209],[-98.29472,19.06209],[-98.29472,19.06209],[-98.29432,19.06233],[-98.29377,19.06264],[-98.2936,19.06264],[-98.29353,19.06266],[-98.29357,19.06268],[-98.29359,19.06269],[-98.29482,19.06325],[-98.29519,19.06342],[-98.29519,19.06342],[-98.29519,19.06342],[-98.29952,19.06133],[-98.3029,19.06287],[-98.30448,19.05981]]]}},{"type":"Feature","properties":{"cp":72589,"nombre":"CP 72589"},"geometry":{"type":"Polygon","coordinates":[[[-98.2068,18.99853],[-98.21163,18.99496],[-98.20568,18.99281],[-98.20226,18.99377],[-98.20234,18.994],[-98.20457,19.00013],[-98.20622,19.00495],[-98.20679,19.0046],[-98.20708,19.00442],[-98.20726,19.00374],[-98.20949,18.99941],[-98.2068,18.99853]]]}},{"type":"Feature","properties":{"cp":72477,"nombre":"CP 72477"},"geometry":{"type":"Polygon","coordinates":[[[-98.2193,18.99652],[-98.21818,18.99609],[-98.21819,18.99525],[-98.21725,18.99486],[-98.21559,18.99417],[-98.21478,18.99578],[-98.21236,18.99506],[-98.21183,18.99493],[-98.21163,18.99496],[-98.21163,18.99496],[-98.2068,18.99853],[-98.20949,18.99941],[-98.20726,19.00374],[-98.20708,19.00442],[-98.20987,19.00506],[-98.2114,19.00209],[-98.21452,19.00353],[-98.21586,19.0031],[-98.21667,19.00286],[-98.21819,18.99684],[-98.21875,18.99705],[-98.21922,18.99667],[-98.2193,18.99652]]]}},{"type":"Feature","properties":{"cp":72478,"nombre":"CP 72478"},"geometry":{"type":"Polygon","coordinates":[[[-98.21994,19.00793],[-98.21946,19.00876],[-98.22112,19.00958],[-98.22252,19.00714],[-98.2216,19.00666],[-98.2208,19.00806],[-98.22012,19.00761],[-98.21994,19.00793]]]}},{"type":"Feature","properties":{"cp":72668,"nombre":"CP 72668"},"geometry":{"type":"Polygon","coordinates":[[[-98.35318,19.1024],[-98.35309,19.10241],[-98.35271,19.10238],[-98.3523,19.10235],[-98.35083,19.10225],[-98.35049,19.10222],[-98.34941,19.10214],[-98.34893,19.10211],[-98.34847,19.10208],[-98.34815,19.10205],[-98.34783,19.10203],[-98.34668,19.10196],[-98.34652,19.10195],[-98.35095,19.10702],[-98.35095,19.10702],[-98.35821,19.11501],[-98.35855,19.1147],[-98.35872,19.11465],[-98.35875,19.11459],[-98.35878,19.11455],[-98.35935,19.11397],[-98.35967,19.11364],[-98.36019,19.1131],[-98.3605,19.11277],[-98.3609,19.11237],[-98.36162,19.11162],[-98.36194,19.1113],[-98.36234,19.11088],[-98.36247,19.11076],[-98.36295,19.11031],[-98.36322,19.11005],[-98.36347,19.10981],[-98.36381,19.10944],[-98.36436,19.10889],[-98.36504,19.10823],[-98.36625,19.10704],[-98.36711,19.1062],[-98.36787,19.10544],[-98.36841,19.1049],[-98.36916,19.10415],[-98.36955,19.10375],[-98.36994,19.10336],[-98.37003,19.10327],[-98.36985,19.10326],[-98.369,19.10321],[-98.36818,19.10316],[-98.36754,19.10313],[-98.36667,19.1031],[-98.36631,19.10308],[-98.3659,19.10306],[-98.36555,19.10304],[-98.36513,19.10301],[-98.36444,19.10298],[-98.36406,19.10296],[-98.36368,19.10293],[-98.36341,19.10292],[-98.36293,19.10289],[-98.36246,19.10286],[-98.36235,19.10285],[-98.36219,19.10284],[-98.36161,19.10281],[-98.36104,19.10279],[-98.36067,19.10277],[-98.36028,19.10275],[-98.35989,19.10273],[-98.35939,19.1027],[-98.35884,19.10267],[-98.35837,19.10264],[-98.35828,19.10264],[-98.35814,19.10264],[-98.3576,19.10262],[-98.35707,19.10259],[-98.35662,19.10257],[-98.35649,19.10256],[-98.35599,19.10254],[-98.35555,19.10251],[-98.35526,19.1025],[-98.3551,19.10249],[-98.35466,19.10248],[-98.35438,19.10246],[-98.35409,19.10244],[-98.35357,19.10242],[-98.35341,19.10242],[-98.35337,19.10241],[-98.35322,19.1024],[-98.35319,19.1024],[-98.35318,19.1024]]]}},{"type":"Feature","properties":{"cp":72523,"nombre":"CP 72523"},"geometry":{"type":"Polygon","coordinates":[[[-98.16725,19.00798],[-98.16743,19.00823],[-98.16897,19.00832],[-98.16943,19.0086],[-98.16966,19.00924],[-98.16973,19.01],[-98.17192,19.00832],[-98.17205,19.00821],[-98.17212,19.00815],[-98.17217,19.00812],[-98.17223,19.00812],[-98.1723,19.00813],[-98.17246,19.00821],[-98.17253,19.00823],[-98.1726,19.0082],[-98.17339,19.00754],[-98.17473,19.00649],[-98.1706,19.00283],[-98.17038,19.00262],[-98.17038,19.00262],[-98.16746,19.00409],[-98.16725,19.00798]]]}},{"type":"Feature","properties":{"cp":72850,"nombre":"CP 72850"},"geometry":{"type":"Polygon","coordinates":[[[-98.30421,18.98533],[-98.30457,18.98525],[-98.30507,18.98514],[-98.30599,18.98494],[-98.30689,18.9848],[-98.30811,18.98457],[-98.30904,18.98441],[-98.30967,18.9843],[-98.30967,18.9843],[-98.30967,18.9843],[-98.30967,18.9843],[-98.31086,18.98412],[-98.31153,18.98406],[-98.31244,18.98406],[-98.31372,18.98413],[-98.31402,18.98414],[-98.31498,18.98415],[-98.3151,18.98416],[-98.31613,18.98399],[-98.3173,18.98365],[-98.31884,18.98286],[-98.32005,18.98225],[-98.32135,18.98154],[-98.32282,18.9804],[-98.32413,18.97918],[-98.32464,18.97881],[-98.3251,18.97857],[-98.32561,18.97829],[-98.32605,18.97812],[-98.32665,18.97804],[-98.3272,18.97797],[-98.33031,18.97797],[-98.33225,18.97804],[-98.33292,18.97801],[-98.33724,18.97819],[-98.33803,18.97819],[-98.33886,18.9781],[-98.3405,18.97794],[-98.34439,18.97748],[-98.34691,18.9772],[-98.34882,18.97697],[-98.35071,18.97687],[-98.35105,18.97692],[-98.35133,18.97707],[-98.35167,18.97731],[-98.35167,18.97731],[-98.35181,18.97731],[-98.35249,18.97744],[-98.35275,18.97748],[-98.35311,18.97754],[-98.35353,18.97757],[-98.3537,18.97758],[-98.35389,18.97758],[-98.35392,18.97758],[-98.35396,18.9776],[-98.35407,18.97768],[-98.3541,18.97768],[-98.35418,18.97768],[-98.3544,18.97762],[-98.35446,18.97759],[-98.35446,18.97759],[-98.35459,18.97771],[-98.35463,18.97771],[-98.35478,18.9777],[-98.35496,18.97765],[-98.35523,18.97773],[-98.35523,18.97774],[-98.35536,18.97777],[-98.35551,18.97776],[-98.35551,18.97776],[-98.35547,18.97787],[-98.35547,18.97787],[-98.35556,18.978],[-98.35572,18.97807],[-98.3558,18.97805],[-98.3559,18.97803],[-98.35595,18.97793],[-98.35604,18.97794],[-98.3561,18.97794],[-98.35633,18.97789],[-98.35646,18.97783],[-98.35656,18.97783],[-98.35659,18.97784],[-98.35677,18.97785],[-98.35704,18.97796],[-98.3571,18.978],[-98.35726,18.9781],[-98.35739,18.97822],[-98.35746,18.97836],[-98.35759,18.97851],[-98.35764,18.97871],[-98.35774,18.9789],[-98.35778,18.97896],[-98.35781,18.97903],[-98.35795,18.97927],[-98.35816,18.97933],[-98.35832,18.9795],[-98.3585,18.97951],[-98.35879,18.9795],[-98.35892,18.97953],[-98.35912,18.97963],[-98.35929,18.97958],[-98.35943,18.97959],[-98.35959,18.97952],[-98.35962,18.97951],[-98.35967,18.97948],[-98.35979,18.97957],[-98.35999,18.97959],[-98.36026,18.97955],[-98.36064,18.97963],[-98.36098,18.97965],[-98.36122,18.97954],[-98.36132,18.97935],[-98.36136,18.97924],[-98.36139,18.97923],[-98.36154,18.97921],[-98.36158,18.97903],[-98.36158,18.9789],[-98.36158,18.9789],[-98.36158,18.97876],[-98.36162,18.97871],[-98.36174,18.97867],[-98.36192,18.9786],[-98.36196,18.97842],[-98.36202,18.97825],[-98.36205,18.97822],[-98.3622,18.97824],[-98.3624,18.97838],[-98.36263,18.9784],[-98.3628,18.97833],[-98.36297,18.97824],[-98.36301,18.97824],[-98.36316,18.97833],[-98.36334,18.97842],[-98.3636,18.97844],[-98.36393,18.97837],[-98.36406,18.97834],[-98.36421,18.9784],[-98.36444,18.97851],[-98.36466,18.97852],[-98.36469,18.97852],[-98.3649,18.97829],[-98.36506,18.9781],[-98.36514,18.97805],[-98.36514,18.97805],[-98.36514,18.97791],[-98.36514,18.97791],[-98.36504,18.9778],[-98.36493,18.97773],[-98.36493,18.97764],[-98.36491,18.97743],[-98.36493,18.97736],[-98.36508,18.97725],[-98.36525,18.97721],[-98.36546,18.97713],[-98.36559,18.97707],[-98.36559,18.97694],[-98.36563,18.97691],[-98.3658,18.97676],[-98.36587,18.97668],[-98.36595,18.97664],[-98.36598,18.97663],[-98.36606,18.97667],[-98.36624,18.97667],[-98.3664,18.9766],[-98.36657,18.97641],[-98.36667,18.9764],[-98.36694,18.97637],[-98.36727,18.97625],[-98.36727,18.97625],[-98.36727,18.97572],[-98.3675,18.97518],[-98.3675,18.97518],[-98.36753,18.97458],[-98.36755,18.97414],[-98.3676,18.97314],[-98.36764,18.97232],[-98.36799,18.97126],[-98.36822,18.97064],[-98.36837,18.96984],[-98.36843,18.96952],[-98.36856,18.96854],[-98.36866,18.96781],[-98.36869,18.96761],[-98.36877,18.96702],[-98.36888,18.9663],[-98.36875,18.96557],[-98.36875,18.96557],[-98.36875,18.96557],[-98.36825,18.96585],[-98.36752,18.96623],[-98.36697,18.9665],[-98.36632,18.96675],[-98.36562,18.967],[-98.36488,18.96738],[-98.36431,18.96758],[-98.36392,18.96738],[-98.3636,18.96668],[-98.36304,18.96556],[-98.36187,18.96478],[-98.36162,18.96436],[-98.36171,18.96379],[-98.36156,18.96319],[-98.36127,18.96305],[-98.36048,18.96305],[-98.35962,18.96294],[-98.35887,18.96254],[-98.35816,18.96247],[-98.35727,18.96274],[-98.35666,18.9633],[-98.356,18.96339],[-98.35537,18.96332],[-98.35482,18.96307],[-98.35427,18.96292],[-98.35382,18.96279],[-98.35344,18.96261],[-98.35336,18.96247],[-98.35341,18.96231],[-98.35351,18.96219],[-98.35351,18.96203],[-98.35346,18.96191],[-98.35322,18.96171],[-98.35311,18.96153],[-98.35304,18.96131],[-98.35312,18.96075],[-98.35327,18.96016],[-98.35329,18.95982],[-98.35315,18.95955],[-98.35302,18.95945],[-98.35275,18.95953],[-98.35248,18.95963],[-98.35222,18.95956],[-98.35175,18.95964],[-98.35123,18.96001],[-98.35071,18.96042],[-98.35026,18.96098],[-98.35006,18.96129],[-98.3498,18.96163],[-98.34958,18.96193],[-98.34953,18.9622],[-98.34948,18.9626],[-98.34945,18.96301],[-98.34928,18.9633],[-98.34897,18.96361],[-98.3486,18.96374],[-98.34805,18.96379],[-98.3475,18.96378],[-98.34703,18.96377],[-98.34649,18.96387],[-98.34598,18.96408],[-98.34554,18.96442],[-98.34511,18.96444],[-98.34443,18.9642],[-98.34389,18.96364],[-98.34342,18.96328],[-98.34277,18.96305],[-98.34198,18.96291],[-98.34113,18.96287],[-98.3406,18.96292],[-98.34004,18.96312],[-98.33969,18.96324],[-98.33912,18.96333],[-98.33865,18.96324],[-98.33797,18.96296],[-98.33718,18.96245],[-98.33666,18.96218],[-98.33606,18.96201],[-98.33558,18.96194],[-98.33514,18.96186],[-98.33456,18.96162],[-98.33401,18.96131],[-98.33384,18.96074],[-98.33356,18.96042],[-98.33322,18.95996],[-98.3331,18.95947],[-98.33313,18.95873],[-98.33282,18.95779],[-98.33223,18.95696],[-98.33163,18.95589],[-98.33121,18.95496],[-98.33094,18.95394],[-98.33089,18.95304],[-98.33129,18.95196],[-98.33188,18.95104],[-98.33248,18.95035],[-98.33365,18.94969],[-98.33442,18.94933],[-98.33507,18.94892],[-98.33511,18.94843],[-98.33511,18.94794],[-98.33494,18.94729],[-98.33477,18.9466],[-98.33438,18.94566],[-98.33317,18.94488],[-98.33227,18.94423],[-98.33184,18.94338],[-98.33153,18.94227],[-98.33106,18.94134],[-98.33011,18.94036],[-98.32916,18.93987],[-98.32834,18.93916],[-98.32766,18.93811],[-98.32737,18.93707],[-98.32612,18.93689],[-98.32493,18.93696],[-98.32404,18.93696],[-98.32329,18.93671],[-98.32248,18.93624],[-98.32179,18.93536],[-98.3207,18.9344],[-98.31987,18.93365],[-98.31877,18.93282],[-98.31791,18.93222],[-98.31689,18.93182],[-98.31578,18.93158],[-98.31395,18.93162],[-98.31236,18.9315],[-98.31114,18.93132],[-98.31025,18.93119],[-98.3096,18.93099],[-98.30903,18.93087],[-98.30831,18.93072],[-98.30767,18.9311],[-98.30724,18.93159],[-98.30684,18.93215],[-98.30591,18.93172],[-98.30289,18.93009],[-98.30289,18.93009],[-98.30205,18.93123],[-98.30166,18.93195],[-98.30122,18.93261],[-98.29824,18.93581],[-98.29579,18.93844],[-98.29413,18.94012],[-98.29385,18.94008],[-98.29343,18.94089],[-98.29323,18.94116],[-98.29287,18.94141],[-98.29258,18.94187],[-98.29181,18.94249],[-98.29124,18.94314],[-98.29035,18.94425],[-98.29036,18.94428],[-98.29036,18.94429],[-98.29064,18.94453],[-98.28962,18.94543],[-98.28931,18.94574],[-98.28895,18.9457],[-98.28883,18.94568],[-98.28859,18.94588],[-98.28862,18.94603],[-98.28873,18.94625],[-98.28935,18.94657],[-98.29002,18.9471],[-98.29051,18.94762],[-98.29106,18.94823],[-98.29135,18.94897],[-98.2914,18.94913],[-98.29163,18.94949],[-98.29182,18.94979],[-98.29187,18.95002],[-98.29189,18.95018],[-98.29191,18.9503],[-98.29192,18.95043],[-98.292,18.95058],[-98.29209,18.95083],[-98.29226,18.95144],[-98.29224,18.95161],[-98.29201,18.95204],[-98.29215,18.95227],[-98.29222,18.95242],[-98.2923,18.95275],[-98.29227,18.95283],[-98.2899,18.95299],[-98.29014,18.9534],[-98.29077,18.95422],[-98.2916,18.95539],[-98.29222,18.95623],[-98.29233,18.95618],[-98.29246,18.95596],[-98.2925,18.95577],[-98.2925,18.9555],[-98.29259,18.95532],[-98.29262,18.95469],[-98.29266,18.95434],[-98.29278,18.95397],[-98.29289,18.9537],[-98.29288,18.95353],[-98.29279,18.95339],[-98.2928,18.95327],[-98.29292,18.95298],[-98.29779,18.95421],[-98.29765,18.9549],[-98.29667,18.95458],[-98.29657,18.95519],[-98.29677,18.9553],[-98.29626,18.95633],[-98.29656,18.9565],[-98.29663,18.95653],[-98.29603,18.95758],[-98.29651,18.95785],[-98.29575,18.95959],[-98.29465,18.95908],[-98.29442,18.95947],[-98.29377,18.96015],[-98.29292,18.96106],[-98.29331,18.96188],[-98.29347,18.96227],[-98.2935,18.96256],[-98.29389,18.96354],[-98.29425,18.96427],[-98.29464,18.96469],[-98.29536,18.96504],[-98.29266,18.96968],[-98.29078,18.96835],[-98.29027,18.96917],[-98.28903,18.96862],[-98.28895,18.9688],[-98.28895,18.9688],[-98.28836,18.97021],[-98.28798,18.97122],[-98.28782,18.97118],[-98.2878,18.97125],[-98.28747,18.97121],[-98.28665,18.97253],[-98.28678,18.97258],[-98.28696,18.97263],[-98.28715,18.97267],[-98.2874,18.97267],[-98.28723,18.97293],[-98.2869,18.97331],[-98.28753,18.97359],[-98.28745,18.97376],[-98.28703,18.97389],[-98.28689,18.97411],[-98.28705,18.97416],[-98.28718,18.97425],[-98.28735,18.97436],[-98.28755,18.97447],[-98.28771,18.97464],[-98.28785,18.97478],[-98.28804,18.97486],[-98.2883,18.9749],[-98.28848,18.97486],[-98.2883,18.97547],[-98.28837,18.97563],[-98.28816,18.97625],[-98.2873,18.97791],[-98.28976,18.97938],[-98.29004,18.97964],[-98.29014,18.97983],[-98.29017,18.98001],[-98.29015,18.98042],[-98.29021,18.98077],[-98.29033,18.98104],[-98.29053,18.98124],[-98.29126,18.98205],[-98.29249,18.98365],[-98.293,18.98445],[-98.29336,18.98494],[-98.29355,18.9852],[-98.29357,18.98512],[-98.29363,18.98496],[-98.29369,18.98476],[-98.29372,18.98467],[-98.29387,18.98428],[-98.29413,18.98378],[-98.29434,18.98339],[-98.29448,18.98318],[-98.29461,18.98303],[-98.29471,18.98293],[-98.29475,18.98291],[-98.29489,18.98277],[-98.29496,18.98263],[-98.29506,18.98247],[-98.29511,18.9825],[-98.29514,18.98255],[-98.29538,18.98235],[-98.29555,18.98216],[-98.29567,18.98206],[-98.29577,18.98198],[-98.29587,18.9819],[-98.296,18.98183],[-98.29614,18.98177],[-98.2963,18.9817],[-98.29647,18.98164],[-98.29669,18.9815],[-98.29695,18.98137],[-98.29718,18.98126],[-98.29741,18.98109],[-98.29746,18.98097],[-98.29747,18.98087],[-98.29744,18.98078],[-98.29741,18.98071],[-98.29737,18.98066],[-98.29727,18.9806],[-98.2972,18.98056],[-98.29712,18.98054],[-98.29703,18.98053],[-98.29695,18.98051],[-98.29681,18.98048],[-98.29669,18.98044],[-98.29669,18.98044],[-98.29679,18.9802],[-98.29684,18.98019],[-98.29697,18.98017],[-98.29729,18.98007],[-98.29741,18.98],[-98.29774,18.97987],[-98.29786,18.97984],[-98.29796,18.97983],[-98.29814,18.97988],[-98.29823,18.97994],[-98.29832,18.98001],[-98.2984,18.98007],[-98.29859,18.98028],[-98.29865,18.98035],[-98.29869,18.98046],[-98.29873,18.98063],[-98.29875,18.98082],[-98.29879,18.98115],[-98.29887,18.98124],[-98.29922,18.98141],[-98.29938,18.9814],[-98.29949,18.98136],[-98.29964,18.98128],[-98.29983,18.98119],[-98.29999,18.98122],[-98.30012,18.98126],[-98.30019,18.98133],[-98.30028,18.98146],[-98.30043,18.98167],[-98.30051,18.98172],[-98.30057,18.98174],[-98.30064,18.98174],[-98.30073,18.9817],[-98.30082,18.98159],[-98.30091,18.98141],[-98.30101,18.9813],[-98.30116,18.98129],[-98.30126,18.98135],[-98.30138,18.9814],[-98.30157,18.9816],[-98.30173,18.98195],[-98.30178,18.98202],[-98.30187,18.98211],[-98.30193,18.98221],[-98.30197,18.98248],[-98.30201,18.98257],[-98.30203,18.98268],[-98.30205,18.98276],[-98.30207,18.98284],[-98.30209,18.98295],[-98.3021,18.98301],[-98.30212,18.98307],[-98.30212,18.98316],[-98.30212,18.98326],[-98.30212,18.98342],[-98.30212,18.98353],[-98.30213,18.98364],[-98.3022,18.98372],[-98.30227,18.98382],[-98.30248,18.98403],[-98.30257,18.98406],[-98.30267,18.98409],[-98.30275,18.9841],[-98.30278,18.98411],[-98.30292,18.98413],[-98.30304,18.98413],[-98.30322,18.9841],[-98.30337,18.98408],[-98.30346,18.98408],[-98.30363,18.98406],[-98.3037,18.98409],[-98.30375,18.98416],[-98.30378,18.98424],[-98.30385,18.9844],[-98.3039,18.98468],[-98.30409,18.98507],[-98.30421,18.98533]]]}},{"type":"Feature","properties":{"cp":72865,"nombre":"CP 72865"},"geometry":{"type":"Polygon","coordinates":[[[-98.29355,18.9852],[-98.29336,18.98494],[-98.293,18.98445],[-98.29249,18.98365],[-98.29126,18.98205],[-98.29053,18.98124],[-98.29033,18.98104],[-98.29021,18.98077],[-98.29015,18.98042],[-98.29017,18.98001],[-98.29014,18.97983],[-98.29004,18.97964],[-98.28976,18.97938],[-98.2873,18.97791],[-98.28816,18.97625],[-98.28837,18.97563],[-98.2883,18.97547],[-98.28848,18.97486],[-98.2883,18.9749],[-98.28804,18.97486],[-98.28785,18.97478],[-98.28771,18.97464],[-98.28755,18.97447],[-98.28735,18.97436],[-98.28718,18.97425],[-98.28705,18.97416],[-98.28689,18.97411],[-98.28703,18.97389],[-98.28745,18.97376],[-98.28753,18.97359],[-98.2869,18.97331],[-98.28723,18.97293],[-98.2874,18.97267],[-98.28715,18.97267],[-98.28696,18.97263],[-98.28678,18.97258],[-98.28665,18.97253],[-98.28747,18.97121],[-98.2878,18.97125],[-98.28782,18.97118],[-98.28798,18.97122],[-98.28836,18.97021],[-98.28895,18.9688],[-98.28895,18.9688],[-98.28903,18.96862],[-98.29027,18.96917],[-98.29078,18.96835],[-98.29266,18.96968],[-98.29536,18.96504],[-98.29464,18.96469],[-98.29425,18.96427],[-98.29389,18.96354],[-98.2935,18.96256],[-98.29347,18.96227],[-98.29331,18.96188],[-98.29292,18.96106],[-98.29377,18.96015],[-98.29442,18.95947],[-98.29465,18.95908],[-98.29575,18.95959],[-98.29651,18.95785],[-98.29603,18.95758],[-98.29663,18.95653],[-98.29656,18.9565],[-98.29626,18.95633],[-98.29677,18.9553],[-98.29657,18.95519],[-98.29667,18.95458],[-98.29765,18.9549],[-98.29779,18.95421],[-98.29292,18.95298],[-98.2928,18.95327],[-98.29279,18.95339],[-98.29288,18.95353],[-98.29289,18.9537],[-98.29278,18.95397],[-98.29266,18.95434],[-98.29262,18.95469],[-98.29259,18.95532],[-98.2925,18.9555],[-98.2925,18.95577],[-98.29246,18.95596],[-98.29233,18.95618],[-98.29222,18.95623],[-98.2916,18.95539],[-98.29077,18.95422],[-98.29014,18.9534],[-98.2899,18.95299],[-98.29227,18.95283],[-98.2923,18.95275],[-98.29222,18.95242],[-98.29215,18.95227],[-98.29201,18.95204],[-98.29224,18.95161],[-98.29226,18.95144],[-98.29209,18.95083],[-98.292,18.95058],[-98.29192,18.95043],[-98.29191,18.9503],[-98.29189,18.95018],[-98.29187,18.95002],[-98.29182,18.94979],[-98.29163,18.94949],[-98.2914,18.94913],[-98.29135,18.94897],[-98.29106,18.94823],[-98.29051,18.94762],[-98.29002,18.9471],[-98.28935,18.94657],[-98.28873,18.94625],[-98.28862,18.94603],[-98.28859,18.94588],[-98.28883,18.94568],[-98.28871,18.94565],[-98.28851,18.94543],[-98.28882,18.94515],[-98.2875,18.94465],[-98.28712,18.94517],[-98.28701,18.94529],[-98.28674,18.94538],[-98.28659,18.94543],[-98.28643,18.94561],[-98.28634,18.94573],[-98.28631,18.9459],[-98.28635,18.94602],[-98.28632,18.9462],[-98.28623,18.94629],[-98.28612,18.94632],[-98.28598,18.94623],[-98.28591,18.94607],[-98.2858,18.94598],[-98.28573,18.94606],[-98.28572,18.94631],[-98.28576,18.94645],[-98.28567,18.94666],[-98.2855,18.94684],[-98.28527,18.94695],[-98.28498,18.94702],[-98.28479,18.94713],[-98.28467,18.94727],[-98.28454,18.94733],[-98.28443,18.94731],[-98.28417,18.94726],[-98.28409,18.94727],[-98.28397,18.94731],[-98.28382,18.94739],[-98.28368,18.94739],[-98.28346,18.94733],[-98.28321,18.94725],[-98.28303,18.9471],[-98.28287,18.9469],[-98.28274,18.94663],[-98.28271,18.94652],[-98.28266,18.94635],[-98.28258,18.94608],[-98.28258,18.94607],[-98.2825,18.94471],[-98.28255,18.94451],[-98.28264,18.94417],[-98.28265,18.94394],[-98.28265,18.9439],[-98.28265,18.94376],[-98.28263,18.94335],[-98.28244,18.9429],[-98.28237,18.94277],[-98.28225,18.94267],[-98.28213,18.94256],[-98.28106,18.94225],[-98.28064,18.94213],[-98.28046,18.94243],[-98.28016,18.94352],[-98.28004,18.94363],[-98.27989,18.94365],[-98.2788,18.94325],[-98.27773,18.94276],[-98.27741,18.94241],[-98.27741,18.94241],[-98.27743,18.94262],[-98.27745,18.94285],[-98.27745,18.94289],[-98.27736,18.94302],[-98.27735,18.94304],[-98.27712,18.94337],[-98.2769,18.94389],[-98.27678,18.94419],[-98.27678,18.94419],[-98.27678,18.94419],[-98.27696,18.94442],[-98.27723,18.9447],[-98.27768,18.94509],[-98.27755,18.94521],[-98.2775,18.94525],[-98.2775,18.94525],[-98.27732,18.94527],[-98.27689,18.9456],[-98.27689,18.9456],[-98.27697,18.94567],[-98.2771,18.94577],[-98.27736,18.94595],[-98.27744,18.94601],[-98.27762,18.94616],[-98.27755,18.94623],[-98.2774,18.94639],[-98.27779,18.9467],[-98.27791,18.94685],[-98.27802,18.94699],[-98.27802,18.94707],[-98.27802,18.94714],[-98.27801,18.9477],[-98.27801,18.94786],[-98.27801,18.94833],[-98.27798,18.94861],[-98.27798,18.94865],[-98.27797,18.94876],[-98.27795,18.94895],[-98.27699,18.94927],[-98.27636,18.9498],[-98.27631,18.94981],[-98.27615,18.9499],[-98.27609,18.94987],[-98.27602,18.94985],[-98.2759,18.94979],[-98.27588,18.94978],[-98.27577,18.94974],[-98.27568,18.94972],[-98.27565,18.94971],[-98.27565,18.94971],[-98.27559,18.94972],[-98.27551,18.94974],[-98.27524,18.94978],[-98.27519,18.94976],[-98.2751,18.94975],[-98.27493,18.94973],[-98.27485,18.94971],[-98.27477,18.94969],[-98.27453,18.94962],[-98.27426,18.94955],[-98.27409,18.94953],[-98.27396,18.94952],[-98.27369,18.9495],[-98.27358,18.94951],[-98.27338,18.94953],[-98.27305,18.94951],[-98.2729,18.94949],[-98.27258,18.94943],[-98.27226,18.94937],[-98.27161,18.94925],[-98.27149,18.94931],[-98.27145,18.94934],[-98.27135,18.94938],[-98.27127,18.94943],[-98.27108,18.94952],[-98.27103,18.94957],[-98.27096,18.94962],[-98.27081,18.94972],[-98.27067,18.94979],[-98.27058,18.9498],[-98.27054,18.94981],[-98.27047,18.94981],[-98.27036,18.94981],[-98.27036,18.94993],[-98.27036,18.94993],[-98.27033,18.95005],[-98.27023,18.95001],[-98.2702,18.95],[-98.2702,18.95002],[-98.27014,18.9505],[-98.27016,18.95062],[-98.27017,18.95068],[-98.27025,18.9512],[-98.27028,18.95139],[-98.27028,18.95139],[-98.27028,18.95139],[-98.27042,18.95142],[-98.27076,18.95157],[-98.271,18.95177],[-98.27119,18.95191],[-98.27131,18.95201],[-98.27155,18.95219],[-98.27172,18.95244],[-98.27199,18.95282],[-98.27226,18.95336],[-98.2725,18.9539],[-98.27269,18.95429],[-98.27282,18.95456],[-98.27291,18.95476],[-98.27302,18.95497],[-98.27312,18.95513],[-98.2732,18.95528],[-98.27328,18.95543],[-98.27343,18.95555],[-98.27355,18.95562],[-98.27397,18.95582],[-98.27416,18.95583],[-98.2743,18.95585],[-98.2745,18.95585],[-98.27481,18.95586],[-98.27504,18.95585],[-98.27524,18.95584],[-98.27535,18.95586],[-98.2755,18.95595],[-98.2756,18.95603],[-98.27567,18.95616],[-98.2757,18.95628],[-98.27572,18.95645],[-98.27571,18.95665],[-98.27563,18.95684],[-98.27546,18.95708],[-98.27533,18.95723],[-98.27503,18.95749],[-98.27485,18.95764],[-98.27474,18.95777],[-98.27461,18.95791],[-98.27445,18.95812],[-98.27438,18.95826],[-98.27432,18.95847],[-98.27435,18.9586],[-98.27447,18.95873],[-98.27466,18.95887],[-98.27499,18.95906],[-98.27507,18.95912],[-98.27536,18.95927],[-98.27569,18.95937],[-98.27604,18.95944],[-98.27634,18.95949],[-98.27656,18.9595],[-98.27656,18.9595],[-98.27656,18.9595],[-98.27656,18.9595],[-98.2766,18.9595],[-98.27675,18.9595],[-98.2768,18.95952],[-98.27689,18.95954],[-98.2769,18.95957],[-98.27699,18.95966],[-98.27712,18.95989],[-98.27718,18.96],[-98.27721,18.96007],[-98.27736,18.96056],[-98.27738,18.96062],[-98.27738,18.96062],[-98.27744,18.96082],[-98.27746,18.96105],[-98.27746,18.96111],[-98.27748,18.96127],[-98.2775,18.9614],[-98.27754,18.96167],[-98.27761,18.96214],[-98.27766,18.96251],[-98.27767,18.96256],[-98.27767,18.96277],[-98.27767,18.96289],[-98.27767,18.96326],[-98.27766,18.96353],[-98.27766,18.9636],[-98.27765,18.96376],[-98.27758,18.96407],[-98.27757,18.96409],[-98.27754,18.96418],[-98.27753,18.96435],[-98.27751,18.96455],[-98.2775,18.96481],[-98.27751,18.96497],[-98.27756,18.96509],[-98.27759,18.96524],[-98.27755,18.96544],[-98.2775,18.96571],[-98.27752,18.96595],[-98.27752,18.96595],[-98.27752,18.96597],[-98.27756,18.9661],[-98.27755,18.96627],[-98.27752,18.96649],[-98.27752,18.96649],[-98.27752,18.96649],[-98.27753,18.96673],[-98.27756,18.96697],[-98.27754,18.9672],[-98.27752,18.96741],[-98.27744,18.96762],[-98.2774,18.96774],[-98.27736,18.96781],[-98.2771,18.96821],[-98.27689,18.9685],[-98.27687,18.96853],[-98.27684,18.96868],[-98.27681,18.96892],[-98.2768,18.96898],[-98.27677,18.96927],[-98.27677,18.96937],[-98.27677,18.96958],[-98.27678,18.96964],[-98.27679,18.96972],[-98.27683,18.9698],[-98.27693,18.97002],[-98.27699,18.97025],[-98.277,18.97031],[-98.27716,18.9708],[-98.27753,18.97137],[-98.27797,18.9718],[-98.27818,18.97201],[-98.27852,18.97227],[-98.27884,18.97251],[-98.279,18.97262],[-98.27937,18.97287],[-98.28008,18.9733],[-98.28036,18.97346],[-98.28046,18.97355],[-98.28089,18.97392],[-98.28138,18.97429],[-98.28145,18.97435],[-98.28152,18.97442],[-98.28194,18.9748],[-98.28204,18.97492],[-98.28213,18.97502],[-98.28222,18.97514],[-98.28233,18.97541],[-98.28243,18.97565],[-98.28243,18.97565],[-98.28256,18.97575],[-98.28264,18.97579],[-98.28272,18.97576],[-98.28284,18.9757],[-98.28293,18.97567],[-98.28301,18.97567],[-98.28317,18.97575],[-98.28326,18.97585],[-98.2833,18.97604],[-98.28343,18.97621],[-98.28357,18.97637],[-98.28376,18.97649],[-98.28376,18.97657],[-98.28376,18.97673],[-98.28375,18.97697],[-98.28374,18.97732],[-98.28374,18.97751],[-98.28382,18.97759],[-98.28389,18.9778],[-98.28398,18.97798],[-98.28415,18.97821],[-98.28416,18.97829],[-98.28417,18.97853],[-98.28407,18.97875],[-98.28399,18.97887],[-98.28392,18.97898],[-98.28396,18.9792],[-98.28407,18.97937],[-98.28408,18.97952],[-98.28409,18.97982],[-98.28417,18.97989],[-98.28433,18.97991],[-98.28451,18.97991],[-98.28463,18.97986],[-98.28471,18.97989],[-98.28481,18.98005],[-98.28486,18.98046],[-98.28519,18.98112],[-98.28519,18.98112],[-98.28546,18.98167],[-98.28546,18.98167],[-98.28543,18.98172],[-98.2854,18.98203],[-98.28542,18.98218],[-98.28547,18.98234],[-98.2855,18.98247],[-98.28551,18.98258],[-98.28546,18.98279],[-98.28542,18.98303],[-98.28534,18.98331],[-98.28527,18.98367],[-98.28528,18.98383],[-98.28533,18.98398],[-98.28552,18.98421],[-98.28574,18.98434],[-98.28592,18.98445],[-98.28611,18.98454],[-98.28634,18.98466],[-98.28652,18.98483],[-98.28667,18.98504],[-98.2867,18.9853],[-98.2868,18.98565],[-98.28695,18.98574],[-98.28702,18.98593],[-98.28705,18.98617],[-98.28721,18.98624],[-98.28721,18.98624],[-98.2875,18.98636],[-98.28759,18.9864],[-98.28791,18.9865],[-98.28845,18.9866],[-98.28846,18.98657],[-98.2885,18.98637],[-98.28851,18.98634],[-98.28854,18.98619],[-98.28856,18.98613],[-98.28861,18.98602],[-98.28869,18.98586],[-98.28877,18.98567],[-98.28878,18.98565],[-98.28879,18.98563],[-98.28907,18.98509],[-98.28925,18.98516],[-98.29,18.98556],[-98.29072,18.98603],[-98.29142,18.98648],[-98.29146,18.98651],[-98.29151,18.98655],[-98.29172,18.98668],[-98.29198,18.98686],[-98.29208,18.98698],[-98.29214,18.98704],[-98.29223,18.98732],[-98.29222,18.98757],[-98.29222,18.98757],[-98.2922,18.98844],[-98.29255,18.98901],[-98.29254,18.9889],[-98.29249,18.98857],[-98.29249,18.98857],[-98.29251,18.98848],[-98.29257,18.98821],[-98.29282,18.98793],[-98.29287,18.98785],[-98.29311,18.9875],[-98.29311,18.98749],[-98.29317,18.98719],[-98.29319,18.98707],[-98.29322,18.98692],[-98.29323,18.98672],[-98.29326,18.98632],[-98.29326,18.98627],[-98.29326,18.98626],[-98.29337,18.98583],[-98.2934,18.9857],[-98.29343,18.98557],[-98.29348,18.98542],[-98.29352,18.98529],[-98.29355,18.9852]]]}},{"type":"Feature","properties":{"cp":72582,"nombre":"CP 72582"},"geometry":{"type":"Polygon","coordinates":[[[-98.20995,19.01089],[-98.20934,19.01201],[-98.2103,19.01248],[-98.21086,19.01322],[-98.21028,19.0143],[-98.21049,19.01441],[-98.21009,19.01523],[-98.21256,19.01638],[-98.21282,19.01551],[-98.2129,19.01524],[-98.21179,19.01342],[-98.21073,19.01167],[-98.21081,19.01153],[-98.20995,19.01089]]]}},{"type":"Feature","properties":{"cp":72567,"nombre":"CP 72567"},"geometry":{"type":"Polygon","coordinates":[[[-98.19229,19.01849],[-98.19323,19.01898],[-98.19426,19.01953],[-98.19607,19.02048],[-98.19614,19.02045],[-98.19646,19.02057],[-98.19626,19.0209],[-98.19671,19.02114],[-98.19641,19.0217],[-98.19683,19.02185],[-98.19683,19.02185],[-98.19754,19.0221],[-98.19826,19.02235],[-98.19826,19.02235],[-98.19826,19.02235],[-98.19817,19.02188],[-98.19799,19.02103],[-98.1976,19.0191],[-98.1976,19.0191],[-98.19689,19.01595],[-98.19683,19.01565],[-98.19683,19.01565],[-98.19683,19.01565],[-98.19697,19.01516],[-98.19598,19.01479],[-98.19591,19.01509],[-98.19539,19.01758],[-98.19426,19.0169],[-98.19398,19.01814],[-98.19236,19.01772],[-98.19229,19.01849]]]}},{"type":"Feature","properties":{"cp":72767,"nombre":"CP 72767"},"geometry":{"type":"Polygon","coordinates":[[[-98.31735,19.09695],[-98.31773,19.09662],[-98.31812,19.0962],[-98.31839,19.09588],[-98.31869,19.09543],[-98.31883,19.09515],[-98.31793,19.09451],[-98.3178,19.09406],[-98.31915,19.0923],[-98.3184,19.09095],[-98.31852,19.09081],[-98.3186,19.09059],[-98.31867,19.09041],[-98.31899,19.09004],[-98.31893,19.08994],[-98.31907,19.08966],[-98.31776,19.0882],[-98.31832,19.0875],[-98.31804,19.08704],[-98.31803,19.08693],[-98.31813,19.08677],[-98.31803,19.0867],[-98.31899,19.08526],[-98.31756,19.08437],[-98.31833,19.08317],[-98.31823,19.08312],[-98.31906,19.08178],[-98.31417,19.07924],[-98.31582,19.07604],[-98.3157,19.07596],[-98.31629,19.07488],[-98.31729,19.07297],[-98.31729,19.07297],[-98.31729,19.07297],[-98.31697,19.07274],[-98.31697,19.07274],[-98.31637,19.07228],[-98.31599,19.07193],[-98.31573,19.07166],[-98.3142,19.07098],[-98.31078,19.06944],[-98.30901,19.07293],[-98.30739,19.07218],[-98.3065,19.07391],[-98.30495,19.07322],[-98.30297,19.07701],[-98.30289,19.07725],[-98.30287,19.07745],[-98.30287,19.07763],[-98.30299,19.07876],[-98.30306,19.07993],[-98.30306,19.07993],[-98.30429,19.08084],[-98.30387,19.08136],[-98.30213,19.08324],[-98.30234,19.08359],[-98.30254,19.08383],[-98.30279,19.08405],[-98.30312,19.08425],[-98.30331,19.08452],[-98.3023,19.08549],[-98.30307,19.08633],[-98.30316,19.08646],[-98.30339,19.08665],[-98.30368,19.08685],[-98.30397,19.08707],[-98.30423,19.08737],[-98.30447,19.08767],[-98.30483,19.0879],[-98.30536,19.08817],[-98.30632,19.08881],[-98.30705,19.08925],[-98.30759,19.0895],[-98.30785,19.08963],[-98.3082,19.08987],[-98.30862,19.09007],[-98.30901,19.09029],[-98.30945,19.09064],[-98.31039,19.09127],[-98.31073,19.09148],[-98.3111,19.09181],[-98.31159,19.09217],[-98.31196,19.0925],[-98.31216,19.09259],[-98.3123,19.09275],[-98.31254,19.09286],[-98.31409,19.09405],[-98.31487,19.09466],[-98.31532,19.0948],[-98.3155,19.09539],[-98.31556,19.09549],[-98.31564,19.09558],[-98.31578,19.09565],[-98.31615,19.09593],[-98.31659,19.09615],[-98.31697,19.09646],[-98.31715,19.09668],[-98.31735,19.09695]]]}},{"type":"Feature","properties":{"cp":72532,"nombre":"CP 72532"},"geometry":{"type":"Polygon","coordinates":[[[-98.19683,19.02185],[-98.19641,19.0217],[-98.19641,19.0217],[-98.19635,19.0218],[-98.1961,19.02169],[-98.19598,19.0219],[-98.19591,19.02187],[-98.19567,19.02237],[-98.19543,19.02281],[-98.19577,19.023],[-98.19697,19.02363],[-98.1972,19.02307],[-98.19647,19.02281],[-98.19683,19.02185],[-98.19683,19.02185]]]}},{"type":"Feature","properties":{"cp":72534,"nombre":"CP 72534"},"geometry":{"type":"Polygon","coordinates":[[[-98.20555,19.03257],[-98.20689,19.03031],[-98.20839,19.02782],[-98.20866,19.02796],[-98.21003,19.02869],[-98.21144,19.02944],[-98.21202,19.02849],[-98.21257,19.02757],[-98.21308,19.02787],[-98.21385,19.02652],[-98.21368,19.02602],[-98.2127,19.02606],[-98.20935,19.02623],[-98.20935,19.02623],[-98.20935,19.02623],[-98.207,19.02638],[-98.20591,19.02651],[-98.20591,19.02651],[-98.20556,19.02661],[-98.20477,19.0274],[-98.20193,19.03022],[-98.20149,19.03071],[-98.20102,19.03142],[-98.20343,19.03271],[-98.20397,19.03172],[-98.20555,19.03257],[-98.20555,19.03257]]]}},{"type":"Feature","properties":{"cp":72533,"nombre":"CP 72533"},"geometry":{"type":"Polygon","coordinates":[[[-98.19375,19.03399],[-98.19537,19.03481],[-98.19404,19.03713],[-98.19637,19.03831],[-98.19772,19.03594],[-98.19838,19.03505],[-98.19914,19.03411],[-98.19901,19.03404],[-98.19892,19.03392],[-98.19889,19.03371],[-98.1989,19.03352],[-98.19897,19.03332],[-98.19792,19.03331],[-98.19844,19.03235],[-98.19597,19.03105],[-98.19597,19.03105],[-98.19555,19.03086],[-98.19511,19.03164],[-98.19488,19.03204],[-98.19433,19.03176],[-98.19331,19.03124],[-98.19308,19.03163],[-98.19308,19.03163],[-98.19263,19.03239],[-98.19263,19.03239],[-98.19419,19.0332],[-98.19375,19.03399]]]}},{"type":"Feature","properties":{"cp":72538,"nombre":"CP 72538"},"geometry":{"type":"Polygon","coordinates":[[[-98.19404,19.03713],[-98.19537,19.03481],[-98.19375,19.03399],[-98.19375,19.03399],[-98.19297,19.0336],[-98.1921,19.03509],[-98.19237,19.0363],[-98.19404,19.03713]]]}},{"type":"Feature","properties":{"cp":72713,"nombre":"CP 72713"},"geometry":{"type":"Polygon","coordinates":[[[-98.24976,19.10941],[-98.24976,19.10941],[-98.24976,19.10941],[-98.24999,19.10893],[-98.25024,19.10842],[-98.25033,19.10828],[-98.2504,19.10819],[-98.25051,19.10789],[-98.25069,19.10735],[-98.25111,19.10634],[-98.25179,19.10485],[-98.25195,19.10451],[-98.25184,19.10445],[-98.25098,19.10371],[-98.25072,19.10349],[-98.25023,19.1031],[-98.24952,19.1024],[-98.24923,19.10205],[-98.24909,19.10187],[-98.24885,19.1016],[-98.24838,19.10117],[-98.24752,19.10166],[-98.24658,19.1022],[-98.24627,19.10267],[-98.24609,19.10296],[-98.24497,19.10268],[-98.24478,19.1024],[-98.2446,19.10217],[-98.24344,19.10137],[-98.24308,19.10122],[-98.24293,19.1011],[-98.24271,19.10104],[-98.24257,19.10099],[-98.24232,19.10083],[-98.24224,19.10081],[-98.24224,19.10081],[-98.24203,19.10094],[-98.24012,19.10265],[-98.23993,19.10284],[-98.23964,19.10301],[-98.23831,19.10415],[-98.23749,19.10561],[-98.23674,19.10509],[-98.23639,19.10475],[-98.23621,19.10464],[-98.23615,19.10461],[-98.23583,19.10439],[-98.23482,19.10374],[-98.23485,19.10358],[-98.23507,19.1036],[-98.23538,19.1036],[-98.23559,19.10358],[-98.2357,19.10354],[-98.23578,19.10344],[-98.23585,19.10331],[-98.23591,19.10315],[-98.23575,19.10315],[-98.23554,19.10312],[-98.23528,19.10308],[-98.23508,19.10302],[-98.23485,19.10304],[-98.23466,19.10312],[-98.23437,19.10328],[-98.23402,19.10342],[-98.23378,19.10356],[-98.23378,19.10356],[-98.23367,19.10364],[-98.23353,19.1038],[-98.23346,19.10387],[-98.2334,19.10394],[-98.23333,19.10404],[-98.23323,19.10422],[-98.23316,19.10437],[-98.23313,19.1044],[-98.23306,19.10443],[-98.23304,19.10446],[-98.23298,19.10459],[-98.23298,19.10465],[-98.23299,19.10469],[-98.233,19.10472],[-98.23304,19.10477],[-98.23305,19.10479],[-98.23305,19.1048],[-98.23308,19.10487],[-98.23312,19.10498],[-98.23316,19.10508],[-98.23317,19.10512],[-98.23319,19.10517],[-98.23322,19.10522],[-98.23325,19.10525],[-98.23332,19.10531],[-98.23336,19.10534],[-98.23342,19.10543],[-98.23344,19.10548],[-98.23346,19.10557],[-98.23348,19.10563],[-98.23349,19.10575],[-98.23351,19.10583],[-98.23352,19.1059],[-98.23352,19.10594],[-98.23354,19.10598],[-98.23355,19.10602],[-98.2336,19.10606],[-98.23362,19.10608],[-98.23367,19.10615],[-98.23368,19.10617],[-98.2337,19.10619],[-98.23374,19.10623],[-98.23382,19.10629],[-98.2339,19.10633],[-98.23393,19.10639],[-98.23395,19.10643],[-98.234,19.10654],[-98.23408,19.10667],[-98.23414,19.10675],[-98.23422,19.10686],[-98.23423,19.10688],[-98.23426,19.10695],[-98.23429,19.10701],[-98.23436,19.10709],[-98.23445,19.1072],[-98.23447,19.10729],[-98.23449,19.10737],[-98.2345,19.1075],[-98.2345,19.10762],[-98.2345,19.10771],[-98.23449,19.10781],[-98.23448,19.10791],[-98.23446,19.108],[-98.23446,19.10809],[-98.23446,19.10812],[-98.23442,19.10824],[-98.23443,19.10832],[-98.23444,19.10839],[-98.23442,19.10842],[-98.23441,19.10848],[-98.2344,19.10854],[-98.23438,19.10859],[-98.23406,19.10864],[-98.23371,19.10866],[-98.2335,19.10868],[-98.23294,19.10882],[-98.23266,19.10886],[-98.23231,19.10883],[-98.23201,19.10891],[-98.23185,19.10905],[-98.23174,19.10935],[-98.23164,19.10986],[-98.23156,19.11012],[-98.2314,19.11058],[-98.23125,19.11085],[-98.2311,19.11121],[-98.23093,19.11155],[-98.23078,19.1118],[-98.23055,19.11217],[-98.2305,19.1123],[-98.23044,19.11261],[-98.23045,19.11277],[-98.23045,19.11277],[-98.23045,19.11291],[-98.23056,19.11324],[-98.23058,19.11358],[-98.23056,19.11376],[-98.23052,19.11388],[-98.23045,19.11401],[-98.23033,19.11408],[-98.22989,19.11437],[-98.2298,19.11445],[-98.22961,19.11463],[-98.22956,19.11472],[-98.22944,19.11482],[-98.2293,19.11491],[-98.22919,19.11507],[-98.22914,19.11526],[-98.22913,19.11543],[-98.22909,19.11557],[-98.22903,19.11567],[-98.229,19.11578],[-98.22896,19.1159],[-98.22896,19.11599],[-98.22896,19.11599],[-98.22896,19.11599],[-98.22912,19.11617],[-98.22912,19.11617],[-98.22931,19.11634],[-98.22941,19.11639],[-98.22945,19.11642],[-98.22952,19.11648],[-98.22964,19.11659],[-98.22988,19.11673],[-98.23024,19.11686],[-98.23024,19.11686],[-98.23038,19.11695],[-98.23074,19.11718],[-98.23084,19.1173],[-98.23084,19.1173],[-98.23095,19.11737],[-98.23103,19.11742],[-98.23111,19.11746],[-98.23125,19.11753],[-98.23158,19.11768],[-98.23178,19.11783],[-98.23194,19.11794],[-98.23196,19.11797],[-98.23202,19.11806],[-98.23205,19.11809],[-98.23213,19.11815],[-98.23221,19.11832],[-98.23221,19.11832],[-98.23221,19.11832],[-98.23246,19.11828],[-98.23266,19.11827],[-98.23287,19.11831],[-98.23295,19.1183],[-98.23356,19.11709],[-98.23403,19.11605],[-98.23488,19.11447],[-98.2365,19.11528],[-98.23809,19.11627],[-98.23996,19.11242],[-98.24083,19.11103],[-98.24144,19.11003],[-98.24152,19.10991],[-98.24319,19.10727],[-98.2435,19.10678],[-98.24364,19.10693],[-98.2443,19.1076],[-98.24556,19.10897],[-98.24609,19.10827],[-98.24637,19.10794],[-98.24742,19.10664],[-98.24782,19.10684],[-98.2487,19.10747],[-98.24815,19.1082],[-98.24836,19.10828],[-98.2485,19.10839],[-98.24869,19.10857],[-98.24894,19.10879],[-98.24929,19.10909],[-98.24948,19.10925],[-98.24976,19.10941]]]}},{"type":"Feature","properties":{"cp":72423,"nombre":"CP 72423"},"geometry":{"type":"Polygon","coordinates":[[[-98.20512,19.03692],[-98.20658,19.0377],[-98.20615,19.03841],[-98.20765,19.03919],[-98.20951,19.04018],[-98.20991,19.03942],[-98.20808,19.03846],[-98.20911,19.03669],[-98.2071,19.03567],[-98.20613,19.03516],[-98.20565,19.03602],[-98.20512,19.03692]]]}},{"type":"Feature","properties":{"cp":72424,"nombre":"CP 72424"},"geometry":{"type":"Polygon","coordinates":[[[-98.21144,19.02944],[-98.21428,19.03095],[-98.21544,19.03107],[-98.21597,19.0326],[-98.21597,19.0326],[-98.21769,19.03019],[-98.21548,19.02903],[-98.21501,19.02985],[-98.21385,19.02652],[-98.21308,19.02787],[-98.21257,19.02757],[-98.21202,19.02849],[-98.21144,19.02944]]]}},{"type":"Feature","properties":{"cp":72766,"nombre":"CP 72766"},"geometry":{"type":"Polygon","coordinates":[[[-98.33489,19.08034],[-98.33259,19.07872],[-98.3323,19.07846],[-98.3316,19.07781],[-98.32988,19.07672],[-98.32685,19.07494],[-98.32506,19.07836],[-98.32172,19.07621],[-98.31996,19.07498],[-98.31729,19.07297],[-98.31629,19.07488],[-98.3157,19.07596],[-98.31582,19.07604],[-98.31417,19.07924],[-98.31906,19.08178],[-98.31823,19.08312],[-98.31833,19.08317],[-98.31756,19.08437],[-98.31899,19.08526],[-98.31803,19.0867],[-98.31813,19.08677],[-98.31803,19.08693],[-98.31804,19.08704],[-98.31832,19.0875],[-98.31776,19.0882],[-98.31907,19.08966],[-98.31893,19.08994],[-98.31899,19.09004],[-98.31867,19.09041],[-98.3186,19.09059],[-98.31852,19.09081],[-98.3184,19.09095],[-98.31915,19.0923],[-98.3178,19.09406],[-98.31793,19.09451],[-98.31883,19.09515],[-98.31869,19.09543],[-98.31839,19.09588],[-98.31812,19.0962],[-98.31773,19.09662],[-98.31735,19.09695],[-98.31735,19.09695],[-98.31758,19.09716],[-98.31807,19.09749],[-98.31849,19.09799],[-98.31893,19.09835],[-98.31936,19.09861],[-98.31969,19.09888],[-98.31982,19.09898],[-98.32012,19.09921],[-98.32055,19.09944],[-98.32074,19.09954],[-98.32121,19.10075],[-98.32155,19.10135],[-98.32163,19.10145],[-98.32175,19.10159],[-98.3219,19.10176],[-98.32208,19.10186],[-98.32262,19.10217],[-98.32266,19.10221],[-98.32266,19.10221],[-98.32316,19.10156],[-98.3228,19.10115],[-98.32311,19.10081],[-98.32347,19.10044],[-98.32382,19.09987],[-98.32476,19.09856],[-98.32467,19.09842],[-98.32464,19.09832],[-98.32548,19.09703],[-98.32647,19.09552],[-98.32653,19.09526],[-98.32695,19.09467],[-98.32506,19.09367],[-98.32597,19.09232],[-98.32615,19.09242],[-98.32697,19.09119],[-98.32726,19.0915],[-98.32752,19.09171],[-98.32791,19.09189],[-98.32869,19.09223],[-98.33274,19.08668],[-98.33047,19.08421],[-98.33489,19.08034]]]}},{"type":"Feature","properties":{"cp":72760,"nombre":"CP 72760"},"geometry":{"type":"MultiPolygon","coordinates":[[[[-98.30674,19.06975],[-98.30371,19.06839],[-98.30371,19.06839],[-98.30066,19.0744],[-98.2996,19.07393],[-98.29777,19.07311],[-98.29755,19.07349],[-98.29727,19.07383],[-98.29686,19.07421],[-98.29686,19.07421],[-98.29734,19.07471],[-98.29839,19.07582],[-98.29889,19.07632],[-98.29911,19.07643],[-98.29877,19.07689],[-98.29916,19.07717],[-98.29848,19.0779],[-98.29948,19.07822],[-98.30043,19.07857],[-98.3017,19.07901],[-98.3022,19.07929],[-98.30234,19.07944],[-98.30306,19.07993],[-98.30306,19.07993],[-98.30299,19.07876],[-98.30287,19.07763],[-98.30287,19.07745],[-98.30289,19.07725],[-98.30297,19.07701],[-98.30495,19.07322],[-98.3065,19.07391],[-98.30739,19.07218],[-98.30901,19.07293],[-98.31078,19.06944],[-98.3112,19.06861],[-98.30959,19.06789],[-98.31075,19.06558],[-98.31158,19.06401],[-98.31317,19.06473],[-98.31446,19.06224],[-98.3158,19.05958],[-98.31111,19.05743],[-98.3129,19.05383],[-98.31302,19.05375],[-98.31357,19.05365],[-98.31398,19.0535],[-98.31427,19.05337],[-98.3061,19.04957],[-98.3061,19.04957],[-98.30566,19.05045],[-98.30521,19.05132],[-98.30519,19.05137],[-98.30479,19.05214],[-98.30475,19.05216],[-98.30432,19.05302],[-98.30379,19.05406],[-98.30332,19.05497],[-98.30289,19.05585],[-98.3044,19.05656],[-98.30399,19.05742],[-98.30401,19.05747],[-98.30448,19.05769],[-98.30359,19.05893],[-98.30347,19.05904],[-98.30331,19.0592],[-98.30448,19.05981],[-98.3029,19.06287],[-98.30206,19.0645],[-98.30499,19.06583],[-98.30803,19.0672],[-98.30674,19.06975]]],[[[-98.3965,19.09321],[-98.39657,19.09292],[-98.39664,19.09264],[-98.39665,19.09258],[-98.39671,19.09217],[-98.39682,19.09155],[-98.39682,19.09155],[-98.39694,19.09099],[-98.397,19.09076],[-98.39709,19.09035],[-98.39721,19.08986],[-98.39725,19.08965],[-98.39741,19.08896],[-98.39748,19.08867],[-98.39754,19.08823],[-98.39761,19.08764],[-98.39763,19.08753],[-98.39768,19.08711],[-98.39759,19.08705],[-98.39743,19.08693],[-98.39663,19.08636],[-98.39642,19.0861],[-98.39597,19.08555],[-98.3958,19.08541],[-98.39535,19.08505],[-98.39531,19.08502],[-98.39506,19.0849],[-98.39475,19.08475],[-98.39444,19.08461],[-98.39413,19.08446],[-98.39382,19.08432],[-98.39365,19.08424],[-98.3935,19.0842],[-98.39318,19.0841],[-98.39285,19.08401],[-98.39262,19.08394],[-98.39293,19.08341],[-98.39314,19.08306],[-98.39318,19.08291],[-98.39306,19.08247],[-98.39306,19.08244],[-98.3929,19.08206],[-98.39287,19.08203],[-98.3926,19.08176],[-98.39232,19.08148],[-98.39196,19.08155],[-98.39184,19.08157],[-98.39177,19.08157],[-98.3916,19.08158],[-98.39148,19.08146],[-98.39174,19.08084],[-98.39183,19.08065],[-98.39187,19.08055],[-98.3925,19.07919],[-98.39276,19.07865],[-98.39307,19.07797],[-98.39311,19.0779],[-98.3933,19.07741],[-98.39358,19.07671],[-98.39361,19.07665],[-98.39413,19.07537],[-98.39384,19.07511],[-98.39348,19.07477],[-98.39338,19.0749],[-98.39326,19.07505],[-98.39309,19.07527],[-98.39266,19.07582],[-98.39224,19.07636],[-98.39201,19.07682],[-98.3917,19.0772],[-98.39075,19.07834],[-98.39039,19.07878],[-98.39031,19.07888],[-98.39029,19.0789],[-98.38993,19.07908],[-98.38954,19.07928],[-98.38911,19.07956],[-98.38895,19.07967],[-98.38814,19.08004],[-98.3878,19.08019],[-98.38741,19.08018],[-98.38731,19.08018],[-98.38717,19.08016],[-98.38693,19.08013],[-98.38675,19.0801],[-98.38659,19.0801],[-98.38646,19.0801],[-98.38628,19.08004],[-98.38595,19.07992],[-98.38583,19.07988],[-98.3855,19.07978],[-98.38507,19.07968],[-98.38498,19.07965],[-98.38427,19.07938],[-98.38403,19.07934],[-98.38396,19.07933],[-98.38368,19.07933],[-98.38347,19.07937],[-98.38342,19.07934],[-98.38328,19.07927],[-98.38324,19.0791],[-98.38314,19.07903],[-98.38279,19.07882],[-98.38245,19.07861],[-98.38237,19.07855],[-98.38211,19.07839],[-98.38208,19.07838],[-98.38169,19.07833],[-98.38168,19.07832],[-98.38119,19.07801],[-98.38171,19.07748],[-98.3823,19.0765],[-98.38229,19.07607],[-98.38228,19.07602],[-98.38225,19.07583],[-98.38228,19.07544],[-98.38237,19.07515],[-98.3824,19.07505],[-98.38247,19.07483],[-98.38248,19.07459],[-98.38245,19.07412],[-98.38309,19.0731],[-98.38357,19.0724],[-98.38385,19.07199],[-98.38417,19.07153],[-98.38442,19.07115],[-98.38518,19.06998],[-98.38561,19.06932],[-98.38535,19.06895],[-98.38503,19.0685],[-98.38503,19.0683],[-98.38466,19.06804],[-98.38425,19.06775],[-98.38387,19.06748],[-98.3835,19.06723],[-98.38311,19.06694],[-98.38282,19.06672],[-98.38274,19.06667],[-98.38256,19.06653],[-98.38236,19.0664],[-98.38233,19.06638],[-98.38197,19.06614],[-98.38185,19.06606],[-98.38165,19.06594],[-98.38156,19.06589],[-98.38109,19.06562],[-98.38093,19.06553],[-98.38071,19.0654],[-98.38034,19.06518],[-98.38018,19.06508],[-98.37996,19.06501],[-98.37869,19.06667],[-98.37831,19.06643],[-98.37793,19.06619],[-98.37768,19.06604],[-98.37759,19.06598],[-98.37723,19.06575],[-98.37721,19.06575],[-98.37699,19.06552],[-98.37692,19.06544],[-98.37674,19.06522],[-98.37672,19.0652],[-98.37661,19.06511],[-98.37652,19.06504],[-98.37631,19.06481],[-98.37628,19.06477],[-98.37624,19.06473],[-98.37606,19.06464],[-98.37594,19.06462],[-98.37589,19.06461],[-98.37577,19.06466],[-98.37569,19.0646],[-98.37562,19.06454],[-98.37551,19.06445],[-98.37535,19.06432],[-98.37526,19.06416],[-98.37504,19.06376],[-98.37492,19.06357],[-98.37485,19.06346],[-98.37467,19.06317],[-98.37463,19.06312],[-98.37456,19.06302],[-98.37438,19.06277],[-98.37423,19.0626],[-98.37416,19.06253],[-98.37406,19.06242],[-98.37379,19.06218],[-98.37371,19.06211],[-98.37354,19.06196],[-98.37326,19.06171],[-98.37309,19.06155],[-98.37295,19.06149],[-98.37276,19.0614],[-98.37261,19.06137],[-98.37227,19.06128],[-98.37218,19.06126],[-98.37236,19.06099],[-98.37267,19.06053],[-98.37298,19.06008],[-98.37321,19.06013],[-98.37351,19.06012],[-98.37381,19.06011],[-98.37418,19.06006],[-98.37422,19.06008],[-98.37454,19.0602],[-98.37479,19.06027],[-98.37529,19.06042],[-98.37538,19.06045],[-98.37554,19.06049],[-98.37567,19.06052],[-98.37594,19.06059],[-98.37597,19.0606],[-98.37625,19.06067],[-98.37634,19.06068],[-98.37659,19.06071],[-98.37676,19.06074],[-98.37723,19.06079],[-98.37731,19.0608],[-98.37787,19.06088],[-98.37797,19.06089],[-98.37851,19.06096],[-98.3786,19.06097],[-98.37905,19.06106],[-98.37913,19.06108],[-98.37955,19.06117],[-98.37971,19.06113],[-98.37986,19.06117],[-98.38005,19.06121],[-98.3803,19.06126],[-98.38046,19.06126],[-98.38069,19.06126],[-98.38084,19.06129],[-98.38103,19.0613],[-98.3812,19.06125],[-98.38121,19.06113],[-98.3813,19.06104],[-98.38169,19.06111],[-98.38211,19.06123],[-98.38259,19.06142],[-98.38306,19.06172],[-98.38302,19.06064],[-98.383,19.05999],[-98.38305,19.05949],[-98.38309,19.05913],[-98.38311,19.05893],[-98.38312,19.05878],[-98.38319,19.05862],[-98.38325,19.05848],[-98.38329,19.0583],[-98.38335,19.05819],[-98.38339,19.05812],[-98.3835,19.05789],[-98.38368,19.05771],[-98.38392,19.05765],[-98.38416,19.05762],[-98.38437,19.05757],[-98.38454,19.05756],[-98.38467,19.05756],[-98.38472,19.05745],[-98.38477,19.0573],[-98.38481,19.0571],[-98.38485,19.05691],[-98.38492,19.05668],[-98.38497,19.05652],[-98.38512,19.05619],[-98.38517,19.05601],[-98.38517,19.05592],[-98.38512,19.05588],[-98.38503,19.05582],[-98.38499,19.05568],[-98.38509,19.05538],[-98.38521,19.05509],[-98.38532,19.05485],[-98.38538,19.05465],[-98.38547,19.05441],[-98.3855,19.05405],[-98.38546,19.05272],[-98.38513,19.05194],[-98.38473,19.05157],[-98.38127,19.04929],[-98.37912,19.04778],[-98.37931,19.04745],[-98.3765,19.04577],[-98.37505,19.04488],[-98.37435,19.04586],[-98.37151,19.04405],[-98.37093,19.0441],[-98.36888,19.04264],[-98.36747,19.04203],[-98.36481,19.04038],[-98.36458,19.04044],[-98.36436,19.0405],[-98.3639,19.04075],[-98.36319,19.04101],[-98.36242,19.0413],[-98.36093,19.04182],[-98.36054,19.04196],[-98.36009,19.04213],[-98.3596,19.04223],[-98.35931,19.04227],[-98.35875,19.04236],[-98.35819,19.04244],[-98.35819,19.04244],[-98.35788,19.04248],[-98.35613,19.04276],[-98.3559,19.04279],[-98.35523,19.0429],[-98.35426,19.04305],[-98.35308,19.04324],[-98.35193,19.04342],[-98.35096,19.04357],[-98.34921,19.04384],[-98.34785,19.04405],[-98.34687,19.0442],[-98.34531,19.04444],[-98.34369,19.04469],[-98.34304,19.0448],[-98.34242,19.04489],[-98.3416,19.04504],[-98.34006,19.0453],[-98.33863,19.04554],[-98.33764,19.04568],[-98.33574,19.04598],[-98.33425,19.04621],[-98.33373,19.04638],[-98.33112,19.04732],[-98.32908,19.04804],[-98.32908,19.04804],[-98.32203,19.05055],[-98.32486,19.05185],[-98.32257,19.05239],[-98.3254,19.05368],[-98.32507,19.05428],[-98.32802,19.05558],[-98.32758,19.05567],[-98.32927,19.05649],[-98.32948,19.05614],[-98.33025,19.05646],[-98.32995,19.05698],[-98.33053,19.05723],[-98.33041,19.05749],[-98.33348,19.05858],[-98.33392,19.05873],[-98.33442,19.05783],[-98.33507,19.05817],[-98.33499,19.05831],[-98.33589,19.05873],[-98.33597,19.05863],[-98.33656,19.05889],[-98.33685,19.05856],[-98.33788,19.05904],[-98.33791,19.05916],[-98.33858,19.05905],[-98.33885,19.05904],[-98.33906,19.05905],[-98.33915,19.05911],[-98.33967,19.05898],[-98.34047,19.05874],[-98.34066,19.05869],[-98.34043,19.0596],[-98.34087,19.05968],[-98.34079,19.05988],[-98.34052,19.0599],[-98.34033,19.05995],[-98.34015,19.06002],[-98.34003,19.06013],[-98.33997,19.06031],[-98.33992,19.06049],[-98.33979,19.06084],[-98.33965,19.06086],[-98.33952,19.06078],[-98.33933,19.0607],[-98.3391,19.06067],[-98.33891,19.06065],[-98.33883,19.0606],[-98.3388,19.06051],[-98.33862,19.06037],[-98.33787,19.0602],[-98.33723,19.06042],[-98.33646,19.06069],[-98.33626,19.06121],[-98.33579,19.06129],[-98.33567,19.06138],[-98.33536,19.06204],[-98.33535,19.06277],[-98.3353,19.0629],[-98.33518,19.06295],[-98.335,19.06298],[-98.33473,19.06301],[-98.33461,19.06304],[-98.33448,19.06312],[-98.33439,19.06325],[-98.33426,19.06335],[-98.3341,19.06345],[-98.33393,19.06353],[-98.33367,19.06391],[-98.33555,19.06448],[-98.3395,19.06596],[-98.33948,19.0661],[-98.33944,19.06633],[-98.33936,19.06654],[-98.33927,19.06695],[-98.33938,19.06726],[-98.3395,19.06751],[-98.3395,19.06774],[-98.33944,19.06799],[-98.33948,19.06826],[-98.33978,19.0688],[-98.33986,19.06938],[-98.33976,19.07005],[-98.33935,19.07062],[-98.33908,19.07085],[-98.33878,19.07109],[-98.3386,19.07134],[-98.33859,19.07148],[-98.33867,19.07176],[-98.33877,19.07209],[-98.33867,19.07237],[-98.33846,19.07255],[-98.33831,19.07274],[-98.33833,19.07286],[-98.33834,19.07331],[-98.33819,19.07367],[-98.33815,19.07382],[-98.3414,19.07519],[-98.34122,19.07541],[-98.34094,19.07586],[-98.34077,19.07635],[-98.34066,19.07702],[-98.34049,19.07745],[-98.34073,19.07757],[-98.34095,19.07756],[-98.34129,19.07757],[-98.34153,19.07768],[-98.34171,19.07795],[-98.34204,19.07858],[-98.3425,19.07918],[-98.34313,19.07997],[-98.34375,19.08073],[-98.34374,19.081],[-98.34359,19.0814],[-98.34354,19.08184],[-98.34362,19.08213],[-98.34371,19.08234],[-98.34399,19.08234],[-98.34452,19.08249],[-98.34528,19.08264],[-98.34566,19.08275],[-98.34673,19.08333],[-98.34889,19.08372],[-98.3494,19.08381],[-98.35027,19.08401],[-98.35179,19.08427],[-98.3539,19.08467],[-98.35408,19.08468],[-98.35618,19.08484],[-98.35706,19.08489],[-98.35767,19.08503],[-98.36752,19.08694],[-98.36755,19.08695],[-98.36882,19.08716],[-98.37275,19.08803],[-98.37713,19.08896],[-98.3813,19.08989],[-98.38576,19.09083],[-98.39005,19.09179],[-98.39398,19.09266],[-98.3965,19.09321]]]]}},{"type":"Feature","properties":{"cp":72425,"nombre":"CP 72425"},"geometry":{"type":"Polygon","coordinates":[[[-98.21368,19.02602],[-98.21251,19.0228],[-98.2119,19.02109],[-98.2118,19.02132],[-98.21136,19.02247],[-98.21102,19.02325],[-98.20935,19.02623],[-98.20935,19.02623],[-98.2127,19.02606],[-98.21368,19.02602]]]}},{"type":"Feature","properties":{"cp":72733,"nombre":"CP 72733"},"geometry":{"type":"Polygon","coordinates":[[[-98.26022,19.10125],[-98.26028,19.10188],[-98.26015,19.10248],[-98.26012,19.10262],[-98.26023,19.10288],[-98.26036,19.10305],[-98.26038,19.10319],[-98.26033,19.10333],[-98.25991,19.104],[-98.25997,19.10479],[-98.25992,19.10497],[-98.25979,19.10512],[-98.25974,19.10525],[-98.25935,19.10551],[-98.25872,19.10475],[-98.25842,19.10634],[-98.25954,19.10767],[-98.25978,19.10736],[-98.26023,19.10791],[-98.2606,19.10859],[-98.26044,19.10881],[-98.26078,19.10959],[-98.26153,19.10867],[-98.26186,19.10897],[-98.262,19.11063],[-98.26228,19.11112],[-98.26614,19.10645],[-98.26623,19.10631],[-98.26593,19.10606],[-98.26426,19.10411],[-98.26326,19.10289],[-98.26259,19.1021],[-98.26167,19.1011],[-98.26066,19.10191],[-98.26022,19.10125]]]}},{"type":"Feature","properties":{"cp":72720,"nombre":"CP 72720"},"geometry":{"type":"Polygon","coordinates":[[[-98.24414,19.08444],[-98.24418,19.08449],[-98.2442,19.08452],[-98.24431,19.08465],[-98.24435,19.0847],[-98.24435,19.0847],[-98.2445,19.08489],[-98.24453,19.08492],[-98.24458,19.08497],[-98.24478,19.08514],[-98.24491,19.08529],[-98.24497,19.08533],[-98.24524,19.08551],[-98.24537,19.0856],[-98.24561,19.08577],[-98.24572,19.08585],[-98.24574,19.08587],[-98.24575,19.08588],[-98.246,19.08608],[-98.24601,19.08609],[-98.24603,19.08611],[-98.2462,19.08633],[-98.24603,19.08633],[-98.24582,19.08632],[-98.24564,19.0863],[-98.24538,19.08629],[-98.24523,19.08628],[-98.24512,19.08627],[-98.24498,19.08626],[-98.24497,19.08626],[-98.24496,19.08626],[-98.24468,19.08625],[-98.24335,19.08621],[-98.24267,19.08619],[-98.24267,19.08619],[-98.24271,19.08636],[-98.24271,19.08638],[-98.24275,19.08657],[-98.24286,19.08685],[-98.24281,19.08686],[-98.2428,19.08686],[-98.24247,19.08687],[-98.24216,19.08689],[-98.24213,19.08689],[-98.242,19.0869],[-98.24196,19.0869],[-98.24184,19.08692],[-98.24171,19.08693],[-98.24175,19.08756],[-98.24176,19.08791],[-98.24177,19.08815],[-98.24142,19.08814],[-98.24136,19.08813],[-98.24136,19.08813],[-98.24136,19.08813],[-98.24104,19.08801],[-98.24104,19.08801],[-98.24104,19.08801],[-98.24099,19.08786],[-98.24099,19.08786],[-98.24099,19.08786],[-98.24091,19.08788],[-98.24049,19.0875],[-98.2403,19.08734],[-98.2401,19.08738],[-98.24025,19.08751],[-98.24038,19.08769],[-98.2406,19.08823],[-98.24077,19.08863],[-98.24088,19.0888],[-98.24089,19.08881],[-98.24101,19.08905],[-98.24106,19.0891],[-98.24119,19.08925],[-98.24119,19.08925],[-98.24129,19.08934],[-98.24145,19.08949],[-98.24163,19.08976],[-98.24189,19.09005],[-98.24216,19.09032],[-98.24217,19.09033],[-98.24219,19.09035],[-98.24242,19.09059],[-98.24256,19.0908],[-98.24266,19.091],[-98.24266,19.09101],[-98.24269,19.09138],[-98.24249,19.09197],[-98.24288,19.09195],[-98.24371,19.09276],[-98.24356,19.09286],[-98.2433,19.09306],[-98.24292,19.09346],[-98.24309,19.09357],[-98.24528,19.09447],[-98.24569,19.09414],[-98.2463,19.09363],[-98.24684,19.09318],[-98.24846,19.09179],[-98.2488,19.09151],[-98.24761,19.09012],[-98.24764,19.09008],[-98.24844,19.09013],[-98.24976,19.08839],[-98.25061,19.08726],[-98.25077,19.08704],[-98.25139,19.08621],[-98.25163,19.08611],[-98.25187,19.0862],[-98.25225,19.08635],[-98.25265,19.08596],[-98.25306,19.08558],[-98.25261,19.08538],[-98.25194,19.08506],[-98.2518,19.085],[-98.25067,19.08454],[-98.25041,19.08403],[-98.25031,19.08377],[-98.25031,19.08377],[-98.24985,19.08383],[-98.24958,19.08384],[-98.24949,19.08385],[-98.24935,19.08387],[-98.24888,19.08396],[-98.24862,19.08401],[-98.24846,19.08403],[-98.248,19.08411],[-98.248,19.08411],[-98.24758,19.08419],[-98.24732,19.08423],[-98.24707,19.08427],[-98.24688,19.0843],[-98.24669,19.08432],[-98.24642,19.08436],[-98.24611,19.0844],[-98.24603,19.08441],[-98.24554,19.08445],[-98.24546,19.08446],[-98.24544,19.08446],[-98.24543,19.08446],[-98.24517,19.08445],[-98.24467,19.08445],[-98.24414,19.08444]]]}},{"type":"Feature","properties":{"cp":72867,"nombre":"CP 72867"},"geometry":{"type":"Polygon","coordinates":[[[-98.29023,18.9087],[-98.29047,18.90873],[-98.29058,18.9087],[-98.29072,18.90864],[-98.29082,18.90858],[-98.29087,18.90848],[-98.29093,18.90835],[-98.29107,18.90824],[-98.29115,18.90815],[-98.29125,18.90802],[-98.29133,18.90787],[-98.29146,18.90771],[-98.29175,18.90753],[-98.29204,18.90732],[-98.29245,18.90711],[-98.29271,18.90715],[-98.29295,18.90718],[-98.29312,18.90719],[-98.29325,18.90717],[-98.29341,18.90711],[-98.29348,18.90704],[-98.29352,18.90694],[-98.2935,18.90686],[-98.2935,18.90676],[-98.29346,18.90665],[-98.29334,18.90641],[-98.29331,18.90632],[-98.29332,18.90624],[-98.29336,18.90613],[-98.29353,18.90599],[-98.29366,18.90597],[-98.29381,18.90594],[-98.29391,18.90589],[-98.29398,18.90585],[-98.29405,18.9058],[-98.29412,18.90574],[-98.2942,18.90569],[-98.29436,18.90564],[-98.29452,18.9056],[-98.29464,18.90558],[-98.29474,18.90555],[-98.29481,18.90548],[-98.29488,18.90538],[-98.29487,18.90514],[-98.29522,18.90449],[-98.29522,18.90449],[-98.2955,18.90416],[-98.29563,18.90411],[-98.29586,18.90404],[-98.29597,18.90394],[-98.29605,18.90377],[-98.29604,18.90355],[-98.29604,18.90336],[-98.29605,18.90319],[-98.29611,18.90305],[-98.29627,18.90294],[-98.29636,18.90279],[-98.2964,18.9026],[-98.29644,18.9024],[-98.29654,18.90224],[-98.29666,18.90209],[-98.29695,18.90203],[-98.2972,18.90209],[-98.29747,18.90215],[-98.29755,18.90216],[-98.2978,18.90222],[-98.29803,18.9022],[-98.2982,18.90214],[-98.29833,18.90207],[-98.29851,18.90188],[-98.29867,18.90173],[-98.29873,18.90168],[-98.29899,18.90161],[-98.29917,18.90163],[-98.29927,18.9017],[-98.29942,18.90192],[-98.29973,18.90199],[-98.29978,18.90211],[-98.29988,18.9022],[-98.30003,18.90232],[-98.30016,18.90236],[-98.30026,18.90242],[-98.30036,18.90251],[-98.30037,18.90264],[-98.30047,18.90275],[-98.30058,18.90275],[-98.30063,18.9027],[-98.30069,18.90265],[-98.30079,18.90257],[-98.30093,18.90248],[-98.30109,18.90246],[-98.3014,18.90251],[-98.30161,18.90241],[-98.30186,18.90228],[-98.30206,18.90237],[-98.3023,18.90259],[-98.30272,18.9027],[-98.30323,18.90268],[-98.30371,18.90266],[-98.30405,18.90257],[-98.30461,18.90229],[-98.30496,18.902],[-98.30526,18.90164],[-98.30569,18.90094],[-98.30651,18.90037],[-98.30716,18.90013],[-98.30776,18.90005],[-98.30832,18.90033],[-98.30905,18.90086],[-98.30957,18.9016],[-98.31035,18.90225],[-98.31082,18.90253],[-98.31185,18.9029],[-98.31272,18.9031],[-98.31401,18.90319],[-98.3144,18.90319],[-98.31478,18.90331],[-98.31526,18.90359],[-98.31573,18.90425],[-98.31625,18.90469],[-98.31759,18.90449],[-98.31875,18.90449],[-98.32004,18.90437],[-98.32172,18.90433],[-98.32332,18.90453],[-98.32431,18.90453],[-98.32491,18.90437],[-98.32565,18.90408],[-98.32651,18.90355],[-98.32707,18.90331],[-98.32793,18.90306],[-98.32896,18.90278],[-98.32987,18.90217],[-98.33047,18.90156],[-98.33121,18.90074],[-98.33233,18.89976],[-98.33349,18.89939],[-98.33504,18.89915],[-98.33677,18.8989],[-98.3384,18.89858],[-98.3384,18.89858],[-98.33905,18.89801],[-98.33974,18.89707],[-98.34026,18.89564],[-98.34052,18.89491],[-98.34095,18.89417],[-98.34125,18.89324],[-98.3412,18.8923],[-98.34095,18.89177],[-98.34047,18.89108],[-98.34032,18.88994],[-98.34032,18.88994],[-98.33957,18.88973],[-98.33957,18.88973],[-98.33679,18.88896],[-98.33674,18.88862],[-98.3367,18.88834],[-98.33667,18.88743],[-98.33672,18.88693],[-98.33674,18.8868],[-98.33691,18.88637],[-98.33694,18.8863],[-98.33694,18.8863],[-98.33694,18.88628],[-98.33723,18.88586],[-98.33745,18.88559],[-98.33763,18.88536],[-98.3379,18.88501],[-98.33823,18.88454],[-98.33899,18.88407],[-98.33928,18.88394],[-98.33939,18.88389],[-98.33955,18.88388],[-98.33977,18.88386],[-98.33979,18.88362],[-98.33982,18.88313],[-98.33952,18.88304],[-98.33945,18.88302],[-98.33929,18.88299],[-98.33873,18.8829],[-98.33845,18.88286],[-98.33844,18.88286],[-98.33801,18.88284],[-98.33762,18.88283],[-98.33729,18.88287],[-98.33726,18.88287],[-98.33677,18.88288],[-98.3366,18.88275],[-98.33594,18.88222],[-98.33547,18.88197],[-98.33536,18.88191],[-98.33511,18.88176],[-98.33465,18.88148],[-98.33447,18.88137],[-98.33414,18.88118],[-98.33385,18.88101],[-98.33381,18.88099],[-98.33381,18.88099],[-98.33381,18.88099],[-98.33372,18.88088],[-98.33355,18.88077],[-98.33323,18.88057],[-98.33288,18.88024],[-98.33264,18.87976],[-98.33245,18.87948],[-98.33216,18.8793],[-98.33156,18.87892],[-98.33138,18.87885],[-98.33116,18.87882],[-98.33106,18.87881],[-98.33101,18.8788],[-98.33089,18.87874],[-98.33084,18.87873],[-98.33076,18.87872],[-98.3304,18.87861],[-98.33032,18.87853],[-98.33021,18.87851],[-98.33011,18.87854],[-98.3301,18.87854],[-98.32995,18.87862],[-98.32991,18.87867],[-98.32985,18.87872],[-98.32974,18.87882],[-98.32969,18.87886],[-98.32951,18.87905],[-98.32951,18.87905],[-98.32935,18.87916],[-98.32921,18.87911],[-98.32921,18.87911],[-98.32925,18.87888],[-98.32925,18.87864],[-98.32928,18.87815],[-98.32948,18.87768],[-98.32926,18.87712],[-98.32926,18.87712],[-98.32926,18.87712],[-98.32941,18.87638],[-98.32941,18.87633],[-98.32942,18.87621],[-98.32944,18.87605],[-98.32945,18.87601],[-98.32946,18.876],[-98.32949,18.87596],[-98.32954,18.87592],[-98.32961,18.87586],[-98.32963,18.87585],[-98.32968,18.87583],[-98.32967,18.87581],[-98.32967,18.87579],[-98.32964,18.87575],[-98.32963,18.87574],[-98.32963,18.87573],[-98.32962,18.8757],[-98.32961,18.87567],[-98.32961,18.87567],[-98.32945,18.87488],[-98.32945,18.87488],[-98.32965,18.87474],[-98.32999,18.87461],[-98.32978,18.87401],[-98.32978,18.87401],[-98.32977,18.87367],[-98.32988,18.87335],[-98.32988,18.87335],[-98.32982,18.87318],[-98.32967,18.87308],[-98.32967,18.87308],[-98.32984,18.8729],[-98.32995,18.87279],[-98.33022,18.87265],[-98.33067,18.87242],[-98.33067,18.87242],[-98.33067,18.87242],[-98.33019,18.8719],[-98.32998,18.87123],[-98.32999,18.87107],[-98.32999,18.87107],[-98.33003,18.87036],[-98.33003,18.87036],[-98.33001,18.8689],[-98.32997,18.86816],[-98.32997,18.86816],[-98.3304,18.8677],[-98.33116,18.86801],[-98.33123,18.86766],[-98.33128,18.86723],[-98.33134,18.86675],[-98.33149,18.86619],[-98.33155,18.86589],[-98.33159,18.86559],[-98.33178,18.86532],[-98.33178,18.86532],[-98.33177,18.86503],[-98.33175,18.86476],[-98.33172,18.86451],[-98.33172,18.86451],[-98.3318,18.86431],[-98.33163,18.86394],[-98.33159,18.86354],[-98.33159,18.86354],[-98.33159,18.86354],[-98.33171,18.86315],[-98.33181,18.86263],[-98.33181,18.86252],[-98.33179,18.86225],[-98.33174,18.86206],[-98.33158,18.86181],[-98.33155,18.86144],[-98.33152,18.86112],[-98.33151,18.8608],[-98.33149,18.86037],[-98.33149,18.86037],[-98.33149,18.86037],[-98.3315,18.86],[-98.33154,18.85982],[-98.33164,18.85965],[-98.33175,18.8595],[-98.3319,18.85933],[-98.33205,18.85909],[-98.33218,18.85885],[-98.33252,18.85836],[-98.3325,18.85824],[-98.3325,18.85824],[-98.3325,18.85824],[-98.3328,18.85777],[-98.33299,18.85758],[-98.33273,18.85769],[-98.33273,18.85769],[-98.33273,18.85769],[-98.33297,18.85735],[-98.33312,18.85713],[-98.33316,18.85692],[-98.33316,18.85692],[-98.33311,18.85672],[-98.33292,18.85661],[-98.33235,18.85669],[-98.33235,18.85669],[-98.33238,18.85644],[-98.33243,18.85623],[-98.33243,18.85623],[-98.33233,18.85613],[-98.3322,18.85601],[-98.3321,18.85594],[-98.33182,18.85598],[-98.33164,18.85592],[-98.33153,18.8558],[-98.33142,18.85566],[-98.33127,18.85551],[-98.3311,18.85545],[-98.33083,18.85542],[-98.33052,18.85541],[-98.33036,18.85522],[-98.33017,18.85488],[-98.33005,18.85468],[-98.32994,18.85451],[-98.32979,18.85425],[-98.32961,18.85396],[-98.3295,18.85375],[-98.3295,18.85375],[-98.32975,18.85346],[-98.32996,18.85329],[-98.33038,18.85291],[-98.33003,18.85314],[-98.32979,18.85323],[-98.32919,18.85337],[-98.3286,18.85375],[-98.32818,18.85408],[-98.32671,18.85657],[-98.32671,18.85657],[-98.3271,18.85799],[-98.32872,18.85943],[-98.32872,18.85943],[-98.32843,18.85954],[-98.32835,18.8596],[-98.32812,18.8596],[-98.32796,18.85954],[-98.32772,18.85954],[-98.32755,18.85956],[-98.32751,18.85956],[-98.32747,18.85956],[-98.32741,18.85952],[-98.32728,18.85952],[-98.32716,18.85956],[-98.32713,18.85962],[-98.32636,18.85967],[-98.32548,18.85981],[-98.32538,18.85998],[-98.32534,18.85998],[-98.32526,18.85998],[-98.3252,18.85999],[-98.32517,18.86],[-98.32515,18.86],[-98.32513,18.86001],[-98.32506,18.86003],[-98.3248,18.85997],[-98.32397,18.86029],[-98.32395,18.86021],[-98.3239,18.86013],[-98.32377,18.86007],[-98.32361,18.86002],[-98.32338,18.86],[-98.32332,18.86003],[-98.3233,18.86005],[-98.32328,18.86006],[-98.32322,18.86003],[-98.32304,18.8599],[-98.32285,18.86008],[-98.32221,18.86021],[-98.32221,18.86021],[-98.32228,18.86007],[-98.32228,18.86007],[-98.32211,18.85991],[-98.32195,18.8598],[-98.32183,18.85979],[-98.3216,18.85985],[-98.32124,18.85978],[-98.3207,18.85938],[-98.3204,18.85956],[-98.3202,18.85967],[-98.31974,18.85964],[-98.31956,18.85964],[-98.31938,18.85969],[-98.31907,18.85991],[-98.31881,18.85981],[-98.31879,18.85978],[-98.31842,18.85948],[-98.31762,18.8592],[-98.31732,18.8592],[-98.31671,18.859],[-98.31533,18.85908],[-98.31478,18.85932],[-98.31463,18.85913],[-98.31427,18.85926],[-98.31282,18.85886],[-98.31278,18.85896],[-98.31266,18.85909],[-98.31251,18.85925],[-98.31227,18.85925],[-98.31202,18.85922],[-98.31193,18.85932],[-98.31177,18.8594],[-98.31158,18.85942],[-98.31122,18.8595],[-98.3111,18.85942],[-98.31102,18.85946],[-98.31082,18.85906],[-98.31049,18.85926],[-98.31047,18.85924],[-98.31,18.8595],[-98.3097,18.85956],[-98.30958,18.85951],[-98.3095,18.85961],[-98.30905,18.85977],[-98.30872,18.86],[-98.30864,18.86012],[-98.30828,18.86041],[-98.30742,18.86039],[-98.30644,18.85613],[-98.306,18.85583],[-98.306,18.85583],[-98.30628,18.85532],[-98.30628,18.85532],[-98.30598,18.85385],[-98.30588,18.85413],[-98.30575,18.8543],[-98.30571,18.85441],[-98.30565,18.85455],[-98.30553,18.85466],[-98.30539,18.85475],[-98.30529,18.8548],[-98.30503,18.85477],[-98.30472,18.8547],[-98.30452,18.85474],[-98.30429,18.85479],[-98.30393,18.85484],[-98.30363,18.85501],[-98.30337,18.85501],[-98.30304,18.85491],[-98.30274,18.85479],[-98.30225,18.85465],[-98.30189,18.85456],[-98.30167,18.85447],[-98.30132,18.85434],[-98.30096,18.8541],[-98.30071,18.85391],[-98.30048,18.85379],[-98.30023,18.85367],[-98.29997,18.85357],[-98.29955,18.85354],[-98.29917,18.85354],[-98.29891,18.85345],[-98.29862,18.85342],[-98.29833,18.85341],[-98.29792,18.85338],[-98.29747,18.85341],[-98.29724,18.85344],[-98.29586,18.85321],[-98.29505,18.85297],[-98.29465,18.85282],[-98.29408,18.85266],[-98.29368,18.85246],[-98.29286,18.85238],[-98.29238,18.85227],[-98.29206,18.85212],[-98.2919,18.85224],[-98.29175,18.85236],[-98.2916,18.85238],[-98.29142,18.85245],[-98.29114,18.85248],[-98.29094,18.85255],[-98.29076,18.8526],[-98.29058,18.85267],[-98.29043,18.85276],[-98.29033,18.85281],[-98.2902,18.85288],[-98.29005,18.85298],[-98.28987,18.85305],[-98.28977,18.85317],[-98.28947,18.85346],[-98.28926,18.85361],[-98.28901,18.85371],[-98.28877,18.85397],[-98.28868,18.85418],[-98.28854,18.85433],[-98.28818,18.85432],[-98.28799,18.85463],[-98.28676,18.85807],[-98.28676,18.85807],[-98.28659,18.85857],[-98.28641,18.85905],[-98.28612,18.85988],[-98.28685,18.86004],[-98.28756,18.86019],[-98.28806,18.86045],[-98.2882,18.86052],[-98.28823,18.86053],[-98.2884,18.86063],[-98.28853,18.8607],[-98.28856,18.86072],[-98.28875,18.86082],[-98.28893,18.86094],[-98.28893,18.86094],[-98.28895,18.86099],[-98.28901,18.8611],[-98.28902,18.86118],[-98.28904,18.86128],[-98.28905,18.86141],[-98.28923,18.86157],[-98.28924,18.86163],[-98.28924,18.86165],[-98.28924,18.86165],[-98.2894,18.86174],[-98.28949,18.86178],[-98.28949,18.86178],[-98.28953,18.86193],[-98.28958,18.86241],[-98.28959,18.86242],[-98.28965,18.86255],[-98.28969,18.86262],[-98.28977,18.86277],[-98.28982,18.86282],[-98.28989,18.8629],[-98.28991,18.86294],[-98.28995,18.86305],[-98.29002,18.86322],[-98.29005,18.8633],[-98.29026,18.86351],[-98.29035,18.86357],[-98.2905,18.86365],[-98.29069,18.8638],[-98.29086,18.86395],[-98.29116,18.86405],[-98.29126,18.86416],[-98.29126,18.86416],[-98.29127,18.86418],[-98.2913,18.8643],[-98.29138,18.86442],[-98.29145,18.86452],[-98.29147,18.86455],[-98.29156,18.86461],[-98.29162,18.86465],[-98.29162,18.86465],[-98.29163,18.86469],[-98.29165,18.8648],[-98.29166,18.86484],[-98.2917,18.86493],[-98.29191,18.86508],[-98.29194,18.8651],[-98.29199,18.86512],[-98.29206,18.86514],[-98.29211,18.86515],[-98.29222,18.86523],[-98.29228,18.86531],[-98.29234,18.86538],[-98.29239,18.86542],[-98.29243,18.86546],[-98.2925,18.86561],[-98.29251,18.86564],[-98.29254,18.86576],[-98.29268,18.86582],[-98.29277,18.86586],[-98.29289,18.86593],[-98.293,18.86599],[-98.29305,18.86612],[-98.29311,18.86634],[-98.29319,18.86662],[-98.29332,18.86683],[-98.29335,18.86688],[-98.29363,18.86694],[-98.29363,18.86694],[-98.29384,18.86691],[-98.29388,18.86691],[-98.29397,18.86688],[-98.29397,18.86688],[-98.29412,18.86706],[-98.294,18.8673],[-98.294,18.8673],[-98.29378,18.86742],[-98.2935,18.86756],[-98.29334,18.86768],[-98.29313,18.86786],[-98.29278,18.86803],[-98.29272,18.86811],[-98.29266,18.86818],[-98.29263,18.86828],[-98.29263,18.8683],[-98.29255,18.86838],[-98.29244,18.86851],[-98.29235,18.86859],[-98.29231,18.86862],[-98.29227,18.86867],[-98.29219,18.86877],[-98.29203,18.86892],[-98.29134,18.86928],[-98.29086,18.86962],[-98.29081,18.86968],[-98.29067,18.86984],[-98.29051,18.86999],[-98.29039,18.8701],[-98.29007,18.87036],[-98.28982,18.87045],[-98.28976,18.87048],[-98.28944,18.8707],[-98.28934,18.87076],[-98.28921,18.87085],[-98.28903,18.87105],[-98.28901,18.87107],[-98.28845,18.8713],[-98.28833,18.87149],[-98.288,18.87201],[-98.28775,18.87231],[-98.28762,18.87267],[-98.28718,18.87302],[-98.28718,18.87302],[-98.28705,18.87299],[-98.28665,18.87287],[-98.28578,18.87302],[-98.28565,18.87305],[-98.2855,18.87309],[-98.28515,18.87302],[-98.28498,18.87302],[-98.28465,18.87302],[-98.28441,18.87307],[-98.28429,18.8731],[-98.28387,18.87287],[-98.28314,18.87294],[-98.28227,18.87324],[-98.28199,18.8733],[-98.28163,18.87338],[-98.28157,18.87339],[-98.28154,18.8734],[-98.28145,18.87378],[-98.28099,18.87445],[-98.28115,18.87455],[-98.28223,18.87525],[-98.2825,18.8751],[-98.2825,18.8751],[-98.2825,18.8751],[-98.28252,18.87531],[-98.28258,18.87547],[-98.28325,18.87553],[-98.28378,18.8753],[-98.28434,18.87505],[-98.28499,18.87539],[-98.28508,18.87544],[-98.28445,18.87556],[-98.28393,18.87566],[-98.28389,18.87572],[-98.28382,18.87582],[-98.28382,18.87582],[-98.2837,18.87593],[-98.28358,18.87606],[-98.28347,18.87616],[-98.28344,18.87619],[-98.2834,18.87626],[-98.28336,18.87634],[-98.28325,18.8765],[-98.28327,18.87651],[-98.28349,18.87665],[-98.28349,18.87665],[-98.28341,18.87669],[-98.28291,18.87694],[-98.28185,18.87819],[-98.28101,18.87923],[-98.28094,18.87932],[-98.28089,18.87943],[-98.28069,18.87987],[-98.28049,18.88038],[-98.28041,18.88042],[-98.2803,18.88048],[-98.28015,18.8808],[-98.27967,18.88131],[-98.27947,18.88176],[-98.27961,18.88217],[-98.27961,18.88217],[-98.27961,18.88217],[-98.27961,18.88217],[-98.27951,18.88219],[-98.27931,18.88242],[-98.27925,18.8825],[-98.27917,18.88261],[-98.27898,18.88292],[-98.27894,18.88294],[-98.27881,18.88302],[-98.27863,18.88347],[-98.27865,18.88348],[-98.27875,18.88363],[-98.27875,18.88363],[-98.2787,18.88364],[-98.27841,18.88371],[-98.27816,18.88413],[-98.27815,18.88424],[-98.27811,18.88454],[-98.27804,18.88463],[-98.27794,18.88475],[-98.27779,18.88484],[-98.27762,18.88495],[-98.27758,18.88497],[-98.27754,18.88499],[-98.27751,18.885],[-98.27748,18.88502],[-98.27735,18.88506],[-98.27735,18.88506],[-98.27727,18.88515],[-98.27701,18.88579],[-98.27704,18.8865],[-98.27679,18.88715],[-98.27628,18.88719],[-98.27611,18.88717],[-98.276,18.88716],[-98.27595,18.88719],[-98.27576,18.88729],[-98.27566,18.88743],[-98.27545,18.88772],[-98.27505,18.88784],[-98.27462,18.88795],[-98.27451,18.88798],[-98.27424,18.88808],[-98.27411,18.88812],[-98.27392,18.88819],[-98.27348,18.88808],[-98.27321,18.88793],[-98.27299,18.88782],[-98.27298,18.88775],[-98.27296,18.88771],[-98.27259,18.8877],[-98.27257,18.8877],[-98.27256,18.88808],[-98.27241,18.88834],[-98.27229,18.88841],[-98.27227,18.88853],[-98.27232,18.88865],[-98.27244,18.88881],[-98.27257,18.88947],[-98.27278,18.88977],[-98.27279,18.88979],[-98.27275,18.88984],[-98.27264,18.88994],[-98.27273,18.89],[-98.27279,18.89003],[-98.27285,18.89013],[-98.27288,18.89019],[-98.27285,18.89053],[-98.27285,18.89059],[-98.27285,18.89059],[-98.27266,18.89048],[-98.27258,18.8906],[-98.27235,18.89093],[-98.27252,18.89106],[-98.27249,18.89123],[-98.27244,18.89144],[-98.27247,18.89154],[-98.27247,18.89155],[-98.2725,18.8916],[-98.27263,18.89179],[-98.27295,18.89229],[-98.27297,18.8928],[-98.27297,18.8928],[-98.27294,18.89279],[-98.27267,18.89274],[-98.2725,18.89296],[-98.27245,18.89303],[-98.27244,18.89316],[-98.27244,18.89317],[-98.27243,18.89326],[-98.27242,18.89334],[-98.27242,18.89334],[-98.2721,18.89395],[-98.27189,18.89426],[-98.27188,18.89427],[-98.27188,18.89427],[-98.27175,18.89427],[-98.27162,18.89439],[-98.27162,18.89439],[-98.27192,18.89484],[-98.2716,18.89496],[-98.27145,18.89514],[-98.27134,18.89526],[-98.27134,18.89526],[-98.27132,18.89525],[-98.27105,18.89514],[-98.27082,18.89527],[-98.27056,18.8956],[-98.27054,18.89562],[-98.27051,18.89567],[-98.27034,18.8959],[-98.27015,18.89612],[-98.2701,18.89618],[-98.27007,18.89622],[-98.26983,18.89652],[-98.26972,18.89666],[-98.26968,18.89669],[-98.26961,18.89675],[-98.26953,18.89683],[-98.26952,18.89684],[-98.26947,18.89697],[-98.26994,18.89723],[-98.26994,18.89723],[-98.2699,18.89732],[-98.26974,18.89768],[-98.26941,18.89797],[-98.2691,18.89821],[-98.26893,18.89834],[-98.26879,18.89856],[-98.26872,18.89869],[-98.26865,18.89877],[-98.26855,18.8989],[-98.26861,18.89913],[-98.26869,18.89926],[-98.26873,18.89932],[-98.26881,18.89939],[-98.26892,18.89949],[-98.26906,18.89961],[-98.26913,18.89974],[-98.26914,18.89974],[-98.26915,18.89977],[-98.26923,18.8999],[-98.26934,18.90003],[-98.26935,18.90004],[-98.26937,18.90005],[-98.26951,18.90017],[-98.26963,18.90026],[-98.26975,18.90035],[-98.26979,18.90038],[-98.26987,18.90044],[-98.26993,18.90048],[-98.26998,18.90051],[-98.2702,18.9007],[-98.27042,18.90087],[-98.27043,18.90087],[-98.27043,18.90088],[-98.2705,18.90092],[-98.27069,18.90102],[-98.27086,18.90109],[-98.27094,18.90115],[-98.27102,18.90119],[-98.27118,18.90129],[-98.27119,18.9013],[-98.27126,18.90142],[-98.27136,18.9016],[-98.27143,18.90175],[-98.27144,18.90177],[-98.27146,18.90179],[-98.27151,18.90189],[-98.27167,18.90209],[-98.27168,18.90209],[-98.27219,18.90227],[-98.27297,18.90229],[-98.27334,18.90231],[-98.27334,18.90231],[-98.27334,18.90234],[-98.27333,18.90242],[-98.27391,18.9025],[-98.27414,18.90253],[-98.27423,18.9026],[-98.2743,18.90265],[-98.27483,18.9029],[-98.27492,18.90294],[-98.27507,18.903],[-98.27562,18.90325],[-98.27565,18.90317],[-98.27571,18.90303],[-98.27571,18.90303],[-98.27634,18.9027],[-98.27672,18.90259],[-98.2769,18.90254],[-98.27713,18.90258],[-98.27721,18.90265],[-98.27725,18.90268],[-98.27743,18.90268],[-98.27782,18.90268],[-98.27801,18.90248],[-98.2781,18.90238],[-98.2781,18.90238],[-98.2781,18.90238],[-98.27851,18.90219],[-98.27861,18.90186],[-98.27906,18.9016],[-98.27917,18.90154],[-98.27958,18.90128],[-98.27984,18.90109],[-98.27986,18.90108],[-98.27989,18.90105],[-98.28017,18.90082],[-98.28072,18.90072],[-98.28072,18.90072],[-98.28076,18.90072],[-98.2812,18.90069],[-98.28295,18.90062],[-98.28349,18.9006],[-98.28365,18.90059],[-98.28453,18.90057],[-98.28518,18.9006],[-98.28524,18.9006],[-98.28543,18.90077],[-98.28554,18.90086],[-98.2856,18.90092],[-98.28586,18.90106],[-98.28591,18.90109],[-98.28591,18.90109],[-98.28598,18.90121],[-98.28615,18.90154],[-98.28645,18.90183],[-98.28655,18.90193],[-98.28655,18.90193],[-98.28659,18.902],[-98.28684,18.9025],[-98.28693,18.9027],[-98.2872,18.90287],[-98.28731,18.90318],[-98.2874,18.90367],[-98.28748,18.90392],[-98.28752,18.90404],[-98.28767,18.90438],[-98.28776,18.90472],[-98.28781,18.90487],[-98.28787,18.90503],[-98.28799,18.9052],[-98.28814,18.90532],[-98.28819,18.90542],[-98.2882,18.90546],[-98.28835,18.9058],[-98.28837,18.90584],[-98.28847,18.906],[-98.2885,18.90634],[-98.28879,18.90677],[-98.28882,18.90699],[-98.28885,18.90718],[-98.28897,18.90754],[-98.28911,18.90774],[-98.28913,18.90781],[-98.2892,18.90798],[-98.28929,18.90814],[-98.28934,18.90823],[-98.28947,18.90839],[-98.28953,18.90846],[-98.28964,18.90857],[-98.28988,18.90864],[-98.28993,18.90866],[-98.29023,18.9087]]]}},{"type":"Feature","properties":{"cp":72420,"nombre":"CP 72420"},"geometry":{"type":"Polygon","coordinates":[[[-98.20613,19.03516],[-98.2071,19.03567],[-98.20911,19.03669],[-98.20808,19.03846],[-98.20991,19.03942],[-98.20951,19.04018],[-98.20765,19.03919],[-98.20627,19.04151],[-98.20777,19.04226],[-98.20822,19.04144],[-98.20977,19.04223],[-98.20977,19.04223],[-98.21062,19.04073],[-98.211,19.03997],[-98.21201,19.03818],[-98.2125,19.0374],[-98.21306,19.03652],[-98.2143,19.03501],[-98.21442,19.03487],[-98.21597,19.0326],[-98.21544,19.03107],[-98.21428,19.03095],[-98.21144,19.02944],[-98.21003,19.02869],[-98.20866,19.02796],[-98.20839,19.02782],[-98.20689,19.03031],[-98.20555,19.03257],[-98.20555,19.03257],[-98.20452,19.03431],[-98.20613,19.03516]]]}},{"type":"Feature","properties":{"cp":72044,"nombre":"CP 72044"},"geometry":{"type":"Polygon","coordinates":[[[-98.20784,19.07605],[-98.20808,19.07591],[-98.21129,19.07587],[-98.2113,19.0759],[-98.21273,19.07628],[-98.21295,19.07553],[-98.21327,19.0744],[-98.21368,19.07295],[-98.21176,19.07159],[-98.21023,19.07339],[-98.20877,19.07211],[-98.20724,19.07073],[-98.20718,19.07077],[-98.20566,19.072],[-98.20531,19.07229],[-98.2048,19.0727],[-98.20555,19.0735],[-98.20582,19.07381],[-98.20667,19.07306],[-98.2069,19.07332],[-98.20742,19.07393],[-98.20851,19.07513],[-98.20842,19.07521],[-98.20774,19.0759],[-98.20784,19.07605]]]}},{"type":"Feature","properties":{"cp":72702,"nombre":"CP 72702"},"geometry":{"type":"Polygon","coordinates":[[[-98.26228,19.11112],[-98.26153,19.11216],[-98.26196,19.11308],[-98.26347,19.11422],[-98.26446,19.11527],[-98.26635,19.11356],[-98.26757,19.11202],[-98.26757,19.11202],[-98.26862,19.11068],[-98.27252,19.10556],[-98.27178,19.10501],[-98.27066,19.1042],[-98.26881,19.10286],[-98.26799,19.10232],[-98.26739,19.1019],[-98.26715,19.10277],[-98.26689,19.10379],[-98.26635,19.10341],[-98.2657,19.10278],[-98.26679,19.10216],[-98.26648,19.10122],[-98.26596,19.10024],[-98.2658,19.09963],[-98.26564,19.09965],[-98.26542,19.09959],[-98.26532,19.09951],[-98.26461,19.09894],[-98.26398,19.09845],[-98.26368,19.09817],[-98.26346,19.09796],[-98.26258,19.09647],[-98.26231,19.09606],[-98.26203,19.09577],[-98.26131,19.0949],[-98.261,19.09451],[-98.26058,19.09375],[-98.25974,19.09442],[-98.25879,19.09502],[-98.25904,19.09545],[-98.25924,19.09577],[-98.25944,19.09624],[-98.25961,19.09679],[-98.25982,19.09745],[-98.25998,19.09786],[-98.26008,19.09819],[-98.26019,19.099],[-98.26028,19.10008],[-98.26026,19.10024],[-98.26018,19.10035],[-98.26007,19.10043],[-98.25995,19.10056],[-98.25995,19.10056],[-98.2599,19.10065],[-98.25991,19.10086],[-98.26022,19.10125],[-98.26066,19.10191],[-98.26167,19.1011],[-98.26259,19.1021],[-98.26326,19.10289],[-98.26426,19.10411],[-98.26593,19.10606],[-98.26623,19.10631],[-98.26614,19.10645],[-98.26228,19.11112]]]}},{"type":"Feature","properties":{"cp":72669,"nombre":"CP 72669"},"geometry":{"type":"Polygon","coordinates":[[[-98.30827,19.10644],[-98.30948,19.10725],[-98.31092,19.10809],[-98.31208,19.10887],[-98.31273,19.10934],[-98.31184,19.11076],[-98.31186,19.11154],[-98.31191,19.11231],[-98.31311,19.11178],[-98.31356,19.1116],[-98.31473,19.11108],[-98.3148,19.11105],[-98.31585,19.11029],[-98.31696,19.10946],[-98.31806,19.10863],[-98.32023,19.10696],[-98.32158,19.10647],[-98.32188,19.10613],[-98.3204,19.10515],[-98.32142,19.10384],[-98.32185,19.10322],[-98.32266,19.10221],[-98.32262,19.10217],[-98.32208,19.10186],[-98.3219,19.10176],[-98.32175,19.10159],[-98.32163,19.10145],[-98.32155,19.10135],[-98.32121,19.10075],[-98.32074,19.09954],[-98.32055,19.09944],[-98.32012,19.09921],[-98.31982,19.09898],[-98.31969,19.09888],[-98.31966,19.09895],[-98.31956,19.09913],[-98.3193,19.09952],[-98.31927,19.09956],[-98.31918,19.09971],[-98.31911,19.09985],[-98.31908,19.09987],[-98.31863,19.09954],[-98.31778,19.09891],[-98.31725,19.09854],[-98.31708,19.09843],[-98.31656,19.09805],[-98.31638,19.09821],[-98.31564,19.09861],[-98.3154,19.09874],[-98.31518,19.09888],[-98.31502,19.09899],[-98.31488,19.09909],[-98.31453,19.09936],[-98.31447,19.0994],[-98.31442,19.09942],[-98.31424,19.09949],[-98.31404,19.09954],[-98.314,19.09953],[-98.31391,19.09952],[-98.3135,19.09924],[-98.31322,19.09966],[-98.31299,19.09997],[-98.31268,19.10033],[-98.31233,19.10073],[-98.31197,19.10117],[-98.31145,19.10182],[-98.31123,19.1021],[-98.31072,19.10286],[-98.3107,19.10289],[-98.31041,19.10331],[-98.31026,19.10352],[-98.3101,19.10376],[-98.30997,19.10397],[-98.30978,19.1043],[-98.30975,19.10435],[-98.30827,19.10644]]]}},{"type":"Feature","properties":{"cp":72712,"nombre":"CP 72712"},"geometry":{"type":"Polygon","coordinates":[[[-98.26321,19.159],[-98.26323,19.15897],[-98.26356,19.15837],[-98.26424,19.15726],[-98.26439,19.15702],[-98.26467,19.15654],[-98.26543,19.15523],[-98.26563,19.15489],[-98.26582,19.15456],[-98.26582,19.15456],[-98.26775,19.1513],[-98.26711,19.15083],[-98.26693,19.1507],[-98.26693,19.1507],[-98.26718,19.15036],[-98.26797,19.14913],[-98.26861,19.14814],[-98.26979,19.14636],[-98.26983,19.1463],[-98.26998,19.14604],[-98.27021,19.14569],[-98.27004,19.1456],[-98.26912,19.14516],[-98.26861,19.14491],[-98.26821,19.14472],[-98.26783,19.14453],[-98.26773,19.14448],[-98.26765,19.14444],[-98.26721,19.14423],[-98.26678,19.14393],[-98.26662,19.14386],[-98.26659,19.14385],[-98.26654,19.14383],[-98.26633,19.14377],[-98.26606,19.14364],[-98.26598,19.14361],[-98.26561,19.14339],[-98.26559,19.14298],[-98.26559,19.14298],[-98.2655,19.14282],[-98.26514,19.1427],[-98.26472,19.1426],[-98.26439,19.14238],[-98.26378,19.14196],[-98.26386,19.14179],[-98.26393,19.14166],[-98.26401,19.14151],[-98.26402,19.1415],[-98.26403,19.14148],[-98.26418,19.14116],[-98.26412,19.14112],[-98.26309,19.14042],[-98.26203,19.13971],[-98.26105,19.13906],[-98.25998,19.1383],[-98.26014,19.13794],[-98.2602,19.1378],[-98.26027,19.13763],[-98.26032,19.13753],[-98.2604,19.13734],[-98.26045,19.13723],[-98.26055,19.13701],[-98.26063,19.13682],[-98.26067,19.13674],[-98.26072,19.1366],[-98.26081,19.1364],[-98.26089,19.13622],[-98.26091,19.13618],[-98.26097,19.13604],[-98.26108,19.1358],[-98.25972,19.13503],[-98.25894,19.13453],[-98.25502,19.13247],[-98.25476,19.1329],[-98.25393,19.13409],[-98.25364,19.13474],[-98.25275,19.13676],[-98.25244,19.13749],[-98.25215,19.13822],[-98.25148,19.13984],[-98.25066,19.14168],[-98.24957,19.14432],[-98.25064,19.14488],[-98.25166,19.14546],[-98.25205,19.14568],[-98.25248,19.14595],[-98.25427,19.14693],[-98.25453,19.14645],[-98.25463,19.14651],[-98.25979,19.14975],[-98.26016,19.14918],[-98.2604,19.14932],[-98.26035,19.1495],[-98.2604,19.14953],[-98.26252,19.15096],[-98.26259,19.15099],[-98.2628,19.15072],[-98.26283,19.15072],[-98.26324,19.15098],[-98.26379,19.15029],[-98.26346,19.15007],[-98.26352,19.14998],[-98.26338,19.14985],[-98.26238,19.1492],[-98.26259,19.14889],[-98.26366,19.14959],[-98.26367,19.14963],[-98.26505,19.15054],[-98.26517,19.15061],[-98.26255,19.1551],[-98.26249,19.15506],[-98.26004,19.15329],[-98.25972,19.15372],[-98.26223,19.15553],[-98.26227,19.15555],[-98.26131,19.1572],[-98.2588,19.15749],[-98.25875,19.15771],[-98.26082,19.15827],[-98.26321,19.159]]]}},{"type":"Feature","properties":{"cp":72704,"nombre":"CP 72704"},"geometry":{"type":"Polygon","coordinates":[[[-98.26446,19.11527],[-98.26474,19.11564],[-98.26419,19.11702],[-98.26623,19.11842],[-98.26586,19.11916],[-98.26579,19.11926],[-98.26612,19.11949],[-98.26617,19.11946],[-98.26624,19.11942],[-98.26707,19.1187],[-98.26707,19.1187],[-98.26769,19.1181],[-98.26946,19.11652],[-98.27056,19.11561],[-98.27069,19.1155],[-98.27174,19.11458],[-98.27202,19.11432],[-98.27234,19.114],[-98.27271,19.11356],[-98.27297,19.11321],[-98.27366,19.1123],[-98.27377,19.11214],[-98.27407,19.11176],[-98.27474,19.11087],[-98.27517,19.11031],[-98.27634,19.10876],[-98.27647,19.10857],[-98.27648,19.10857],[-98.27655,19.10847],[-98.2766,19.10839],[-98.27668,19.10828],[-98.27705,19.10775],[-98.27743,19.10722],[-98.27743,19.10722],[-98.27743,19.10722],[-98.27743,19.10722],[-98.27718,19.10674],[-98.27693,19.10638],[-98.27668,19.10598],[-98.2764,19.10557],[-98.27577,19.10459],[-98.27567,19.1044],[-98.27537,19.10398],[-98.27504,19.10359],[-98.27474,19.10317],[-98.27456,19.1029],[-98.27456,19.1029],[-98.27456,19.1029],[-98.27313,19.1048],[-98.2723,19.10425],[-98.27178,19.10501],[-98.27252,19.10556],[-98.26862,19.11068],[-98.26757,19.11202],[-98.26757,19.11202],[-98.26635,19.11356],[-98.26446,19.11527]]]}},{"type":"Feature","properties":{"cp":72730,"nombre":"CP 72730"},"geometry":{"type":"Polygon","coordinates":[[[-98.2612,19.12408],[-98.26151,19.12367],[-98.26218,19.12283],[-98.26404,19.12108],[-98.26496,19.12025],[-98.26612,19.11949],[-98.26579,19.11926],[-98.26586,19.11916],[-98.26623,19.11842],[-98.26419,19.11702],[-98.26474,19.11564],[-98.26446,19.11527],[-98.26347,19.11422],[-98.26196,19.11308],[-98.26153,19.11216],[-98.26228,19.11112],[-98.262,19.11063],[-98.26186,19.10897],[-98.26153,19.10867],[-98.26078,19.10959],[-98.26044,19.10881],[-98.2606,19.10859],[-98.26023,19.10791],[-98.25978,19.10736],[-98.25954,19.10767],[-98.25842,19.10634],[-98.25872,19.10475],[-98.25935,19.10551],[-98.25974,19.10525],[-98.25979,19.10512],[-98.25992,19.10497],[-98.25997,19.10479],[-98.25991,19.104],[-98.26033,19.10333],[-98.26038,19.10319],[-98.26036,19.10305],[-98.26023,19.10288],[-98.26012,19.10262],[-98.26015,19.10248],[-98.26028,19.10188],[-98.26022,19.10125],[-98.25991,19.10086],[-98.2599,19.10065],[-98.25995,19.10056],[-98.25995,19.10056],[-98.26007,19.10043],[-98.26018,19.10035],[-98.26026,19.10024],[-98.26028,19.10008],[-98.26019,19.099],[-98.26008,19.09819],[-98.25998,19.09786],[-98.25982,19.09745],[-98.25961,19.09679],[-98.25944,19.09624],[-98.25924,19.09577],[-98.25904,19.09545],[-98.25879,19.09502],[-98.25974,19.09442],[-98.26058,19.09375],[-98.261,19.09451],[-98.26131,19.0949],[-98.26203,19.09577],[-98.26442,19.0919],[-98.26434,19.09169],[-98.26456,19.09128],[-98.2659,19.09085],[-98.26701,19.09045],[-98.26734,19.09012],[-98.26722,19.08988],[-98.26707,19.08986],[-98.26672,19.08966],[-98.26646,19.08943],[-98.26594,19.08877],[-98.2656,19.08837],[-98.26544,19.08791],[-98.26516,19.08769],[-98.26519,19.08763],[-98.26516,19.0876],[-98.26481,19.08725],[-98.26464,19.08698],[-98.26445,19.08668],[-98.26391,19.08562],[-98.26368,19.08556],[-98.26342,19.08557],[-98.26329,19.08563],[-98.26312,19.0858],[-98.26301,19.08585],[-98.26293,19.08591],[-98.26153,19.08539],[-98.26124,19.08547],[-98.26098,19.08556],[-98.26098,19.08556],[-98.2609,19.08584],[-98.2611,19.08593],[-98.26026,19.08759],[-98.25919,19.08713],[-98.2578,19.08644],[-98.25761,19.08674],[-98.25753,19.08716],[-98.25723,19.08783],[-98.25709,19.0875],[-98.25683,19.08729],[-98.25595,19.08691],[-98.25546,19.08678],[-98.25444,19.08806],[-98.25345,19.08918],[-98.25258,19.08873],[-98.25239,19.08862],[-98.25231,19.0884],[-98.25147,19.08993],[-98.25066,19.09144],[-98.24964,19.09029],[-98.24844,19.09013],[-98.24764,19.09008],[-98.24761,19.09012],[-98.2488,19.09151],[-98.24846,19.09179],[-98.24684,19.09318],[-98.2463,19.09363],[-98.24569,19.09414],[-98.24528,19.09447],[-98.24309,19.09357],[-98.24292,19.09346],[-98.2433,19.09306],[-98.24356,19.09286],[-98.24371,19.09276],[-98.24288,19.09195],[-98.24249,19.09197],[-98.24245,19.09211],[-98.2423,19.09249],[-98.24226,19.0926],[-98.24211,19.09296],[-98.24198,19.0933],[-98.24173,19.0936],[-98.24157,19.09373],[-98.24126,19.09377],[-98.24125,19.09377],[-98.24088,19.09378],[-98.24053,19.09387],[-98.24013,19.09394],[-98.23985,19.094],[-98.23944,19.09409],[-98.23894,19.09416],[-98.23892,19.09416],[-98.23838,19.09419],[-98.23798,19.09422],[-98.2377,19.09428],[-98.23741,19.09433],[-98.23741,19.09433],[-98.23738,19.09434],[-98.23713,19.09444],[-98.23689,19.09451],[-98.23689,19.09451],[-98.23677,19.09461],[-98.23667,19.09483],[-98.23667,19.09488],[-98.23667,19.09488],[-98.23667,19.09488],[-98.23765,19.09512],[-98.23781,19.09513],[-98.23796,19.09512],[-98.23817,19.09507],[-98.2386,19.09494],[-98.23888,19.09495],[-98.23903,19.09508],[-98.2393,19.0954],[-98.2397,19.09591],[-98.24004,19.0963],[-98.2401,19.09641],[-98.24021,19.09679],[-98.24031,19.09724],[-98.24038,19.09762],[-98.2405,19.09785],[-98.24061,19.09797],[-98.24082,19.09809],[-98.24083,19.09826],[-98.24091,19.09873],[-98.24109,19.09907],[-98.2414,19.09925],[-98.24158,19.09936],[-98.24159,19.09957],[-98.24153,19.09983],[-98.24139,19.10012],[-98.24145,19.10034],[-98.24185,19.10069],[-98.24204,19.10076],[-98.24224,19.10081],[-98.24224,19.10081],[-98.24232,19.10083],[-98.24257,19.10099],[-98.24271,19.10104],[-98.24293,19.1011],[-98.24308,19.10122],[-98.24344,19.10137],[-98.2446,19.10217],[-98.24478,19.1024],[-98.24497,19.10268],[-98.24609,19.10296],[-98.24627,19.10267],[-98.24658,19.1022],[-98.24752,19.10166],[-98.24838,19.10117],[-98.24885,19.1016],[-98.24909,19.10187],[-98.24923,19.10205],[-98.24952,19.1024],[-98.25023,19.1031],[-98.25072,19.10349],[-98.25098,19.10371],[-98.25184,19.10445],[-98.25195,19.10451],[-98.25179,19.10485],[-98.25111,19.10634],[-98.25069,19.10735],[-98.25051,19.10789],[-98.2504,19.10819],[-98.25033,19.10828],[-98.25024,19.10842],[-98.24999,19.10893],[-98.24976,19.10941],[-98.24976,19.10941],[-98.24976,19.10941],[-98.25011,19.1096],[-98.24983,19.11096],[-98.24972,19.11113],[-98.2488,19.11199],[-98.24855,19.11221],[-98.25524,19.11849],[-98.2612,19.12408],[-98.2612,19.12408]]]}},{"type":"Feature","properties":{"cp":72703,"nombre":"CP 72703"},"geometry":{"type":"Polygon","coordinates":[[[-98.27743,19.10722],[-98.2794,19.10449],[-98.27948,19.10438],[-98.27961,19.1042],[-98.27975,19.104],[-98.27985,19.10386],[-98.27999,19.10368],[-98.27999,19.10368],[-98.281,19.10219],[-98.28117,19.10193],[-98.28002,19.10123],[-98.28002,19.10123],[-98.27986,19.10148],[-98.2793,19.10116],[-98.27948,19.10087],[-98.27887,19.10047],[-98.27879,19.10059],[-98.27815,19.10018],[-98.27707,19.10165],[-98.27744,19.10209],[-98.27688,19.10278],[-98.27628,19.10184],[-98.27597,19.10132],[-98.2757,19.10088],[-98.27562,19.10099],[-98.27504,19.10185],[-98.27444,19.10272],[-98.27456,19.1029],[-98.27474,19.10317],[-98.27504,19.10359],[-98.27537,19.10398],[-98.27567,19.1044],[-98.27577,19.10459],[-98.2764,19.10557],[-98.27668,19.10598],[-98.27693,19.10638],[-98.27718,19.10674],[-98.27743,19.10722],[-98.27743,19.10722],[-98.27743,19.10722]]]}},{"type":"Feature","properties":{"cp":72459,"nombre":"CP 72459"},"geometry":{"type":"Polygon","coordinates":[[[-98.22723,19.0241],[-98.22673,19.02427],[-98.22637,19.02438],[-98.22606,19.02445],[-98.22579,19.02452],[-98.22558,19.02434],[-98.22529,19.02423],[-98.22491,19.0241],[-98.22471,19.02403],[-98.22417,19.02354],[-98.22339,19.02431],[-98.22288,19.02485],[-98.22199,19.02583],[-98.22163,19.02627],[-98.22203,19.02631],[-98.2223,19.02629],[-98.22263,19.02625],[-98.22298,19.02626],[-98.22324,19.02632],[-98.2233,19.02609],[-98.22339,19.02572],[-98.22351,19.02574],[-98.2238,19.02589],[-98.22407,19.02558],[-98.22431,19.0257],[-98.22428,19.02519],[-98.22516,19.02466],[-98.22541,19.02459],[-98.22564,19.02468],[-98.22598,19.02531],[-98.22631,19.02566],[-98.22696,19.02596],[-98.2273,19.02604],[-98.22747,19.02602],[-98.22753,19.02594],[-98.22756,19.02584],[-98.22751,19.02563],[-98.22759,19.02537],[-98.22745,19.0247],[-98.22744,19.02452],[-98.2275,19.02423],[-98.2275,19.02423],[-98.22723,19.0241]]]}},{"type":"Feature","properties":{"cp":72570,"nombre":"CP 72570"},"geometry":{"type":"Polygon","coordinates":[[[-98.19826,19.02235],[-98.19871,19.02251],[-98.19871,19.0225],[-98.19956,19.02025],[-98.19956,19.02025],[-98.19965,19.02004],[-98.20124,19.0209],[-98.20289,19.01788],[-98.20289,19.01788],[-98.20169,19.01727],[-98.20291,19.01492],[-98.20356,19.01374],[-98.20405,19.01282],[-98.20516,19.01068],[-98.2058,19.00947],[-98.20629,19.00851],[-98.20684,19.00711],[-98.20684,19.00711],[-98.20684,19.00711],[-98.20665,19.00694],[-98.20642,19.00675],[-98.20052,19.00401],[-98.19898,19.0033],[-98.19592,19.00189],[-98.19391,19.00104],[-98.19391,19.00104],[-98.19391,19.00104],[-98.19256,19.0011],[-98.19231,19.00107],[-98.19058,19.0001],[-98.19034,18.99987],[-98.19018,18.99963],[-98.19018,18.99963],[-98.19009,18.9992],[-98.19009,18.9992],[-98.18999,18.99853],[-98.18944,18.9986],[-98.18859,18.99872],[-98.18859,18.99872],[-98.18859,18.99872],[-98.18855,18.99916],[-98.18867,18.99947],[-98.18887,18.99982],[-98.18911,18.99997],[-98.18945,18.99996],[-98.18973,18.99992],[-98.18995,18.99986],[-98.19009,18.99995],[-98.19012,19.00016],[-98.19006,19.00052],[-98.19007,19.00111],[-98.19025,19.00167],[-98.19042,19.0021],[-98.19055,19.00252],[-98.19061,19.00289],[-98.19057,19.00309],[-98.19064,19.00321],[-98.19077,19.00326],[-98.19109,19.00331],[-98.19168,19.00346],[-98.19209,19.00372],[-98.19242,19.0039],[-98.19256,19.00403],[-98.19259,19.00415],[-98.19248,19.00436],[-98.19208,19.00474],[-98.19177,19.00506],[-98.19148,19.00548],[-98.19122,19.00606],[-98.19108,19.00659],[-98.19108,19.007],[-98.19126,19.00748],[-98.19136,19.00782],[-98.19128,19.00801],[-98.19112,19.00813],[-98.19064,19.00824],[-98.19039,19.00837],[-98.19016,19.00862],[-98.19003,19.00904],[-98.19,19.00939],[-98.18998,19.00963],[-98.18985,19.00993],[-98.18978,19.01031],[-98.1899,19.01071],[-98.18991,19.01112],[-98.18973,19.0115],[-98.18953,19.01169],[-98.18953,19.01169],[-98.18921,19.01193],[-98.18921,19.01193],[-98.18916,19.01219],[-98.1893,19.01252],[-98.18958,19.01277],[-98.18978,19.01302],[-98.18978,19.01302],[-98.18978,19.01323],[-98.1896,19.01364],[-98.18934,19.01396],[-98.18923,19.01422],[-98.18923,19.01422],[-98.18914,19.01459],[-98.18904,19.01481],[-98.18888,19.01498],[-98.18888,19.01498],[-98.18884,19.01516],[-98.1889,19.01528],[-98.1892,19.01561],[-98.18943,19.0159],[-98.18951,19.01609],[-98.18962,19.01638],[-98.18962,19.01638],[-98.18991,19.016],[-98.18986,19.0155],[-98.18989,19.01512],[-98.18997,19.01476],[-98.19018,19.01431],[-98.19023,19.01396],[-98.19026,19.01335],[-98.19025,19.0128],[-98.19138,19.01351],[-98.19288,19.01432],[-98.19304,19.01353],[-98.19476,19.01426],[-98.19598,19.01479],[-98.19697,19.01516],[-98.19683,19.01565],[-98.19683,19.01565],[-98.19683,19.01565],[-98.19689,19.01595],[-98.1976,19.0191],[-98.1976,19.0191],[-98.19799,19.02103],[-98.19817,19.02188],[-98.19826,19.02235],[-98.19826,19.02235],[-98.19826,19.02235]]]}},{"type":"Feature","properties":{"cp":72700,"nombre":"CP 72700"},"geometry":{"type":"Polygon","coordinates":[[[-98.28096,19.08483],[-98.28086,19.08479],[-98.28019,19.08458],[-98.2804,19.08427],[-98.2801,19.08408],[-98.27989,19.08448],[-98.27981,19.08445],[-98.2796,19.08438],[-98.27956,19.08437],[-98.27954,19.08436],[-98.27768,19.08372],[-98.27626,19.08335],[-98.27607,19.0833],[-98.27577,19.08322],[-98.27421,19.08296],[-98.27332,19.08281],[-98.27296,19.08275],[-98.27235,19.08265],[-98.27142,19.08248],[-98.27131,19.08246],[-98.27127,19.08245],[-98.2697,19.08213],[-98.26875,19.08196],[-98.26852,19.08178],[-98.26838,19.08166],[-98.26822,19.08158],[-98.26726,19.0811],[-98.267,19.08095],[-98.26685,19.08088],[-98.26594,19.08039],[-98.2656,19.08022],[-98.26501,19.0799],[-98.2642,19.07948],[-98.26309,19.0788],[-98.26293,19.0787],[-98.26289,19.07868],[-98.26206,19.07817],[-98.26195,19.07827],[-98.26143,19.07868],[-98.26084,19.07915],[-98.25978,19.08],[-98.25972,19.08005],[-98.25968,19.08008],[-98.25928,19.08046],[-98.25911,19.08061],[-98.25875,19.0809],[-98.25868,19.08096],[-98.25864,19.08099],[-98.25864,19.08099],[-98.25864,19.08099],[-98.25867,19.08103],[-98.25856,19.08111],[-98.25848,19.08117],[-98.25816,19.08141],[-98.25804,19.08151],[-98.25802,19.08152],[-98.25782,19.08166],[-98.25743,19.08191],[-98.25734,19.08197],[-98.25727,19.08202],[-98.25688,19.08221],[-98.25648,19.08239],[-98.25621,19.08251],[-98.25627,19.08261],[-98.25652,19.08316],[-98.25678,19.08378],[-98.25657,19.0838],[-98.25605,19.08497],[-98.25674,19.08502],[-98.25719,19.08507],[-98.25654,19.08627],[-98.25732,19.08661],[-98.25761,19.08674],[-98.2578,19.08644],[-98.25919,19.08713],[-98.26026,19.08759],[-98.2611,19.08593],[-98.2609,19.08584],[-98.26098,19.08556],[-98.26098,19.08556],[-98.26124,19.08547],[-98.26153,19.08539],[-98.26293,19.08591],[-98.26301,19.08585],[-98.26312,19.0858],[-98.26329,19.08563],[-98.26342,19.08557],[-98.26368,19.08556],[-98.26391,19.08562],[-98.26445,19.08668],[-98.26464,19.08698],[-98.26481,19.08725],[-98.26516,19.0876],[-98.26519,19.08763],[-98.26516,19.08769],[-98.26544,19.08791],[-98.2656,19.08837],[-98.26594,19.08877],[-98.26646,19.08943],[-98.26672,19.08966],[-98.26707,19.08986],[-98.26722,19.08988],[-98.26734,19.09012],[-98.26701,19.09045],[-98.2659,19.09085],[-98.26456,19.09128],[-98.26434,19.09169],[-98.26442,19.0919],[-98.26203,19.09577],[-98.26231,19.09606],[-98.26258,19.09647],[-98.26346,19.09796],[-98.26368,19.09817],[-98.26398,19.09845],[-98.26461,19.09894],[-98.26532,19.09951],[-98.26542,19.09959],[-98.26564,19.09965],[-98.2658,19.09963],[-98.26596,19.10024],[-98.26648,19.10122],[-98.26679,19.10216],[-98.2657,19.10278],[-98.26635,19.10341],[-98.26689,19.10379],[-98.26715,19.10277],[-98.26739,19.1019],[-98.26799,19.10232],[-98.26881,19.10286],[-98.27066,19.1042],[-98.27178,19.10501],[-98.2723,19.10425],[-98.27313,19.1048],[-98.27456,19.1029],[-98.27456,19.1029],[-98.27456,19.1029],[-98.27444,19.10272],[-98.27504,19.10185],[-98.27562,19.10099],[-98.2757,19.10088],[-98.27597,19.10132],[-98.27628,19.10184],[-98.27688,19.10278],[-98.27744,19.10209],[-98.27707,19.10165],[-98.27815,19.10018],[-98.27879,19.10059],[-98.27887,19.10047],[-98.27948,19.10087],[-98.2793,19.10116],[-98.27986,19.10148],[-98.28002,19.10123],[-98.28002,19.10123],[-98.28117,19.10193],[-98.28128,19.10176],[-98.28138,19.1016],[-98.28145,19.10149],[-98.28159,19.10117],[-98.28205,19.10015],[-98.28209,19.10006],[-98.28133,19.09962],[-98.28172,19.09895],[-98.28138,19.09862],[-98.282,19.09784],[-98.2826,19.09841],[-98.28298,19.09714],[-98.28327,19.09619],[-98.2833,19.09576],[-98.28364,19.09482],[-98.2843,19.09513],[-98.28435,19.09507],[-98.28482,19.09509],[-98.28482,19.09509],[-98.28485,19.09382],[-98.28485,19.09318],[-98.28485,19.09275],[-98.28485,19.09275],[-98.28485,19.0916],[-98.28487,19.09121],[-98.28487,19.09121],[-98.28493,19.09082],[-98.28493,19.09082],[-98.28499,19.09054],[-98.28499,19.09054],[-98.28513,19.0901],[-98.28545,19.08939],[-98.28558,19.08908],[-98.2861,19.088],[-98.28635,19.08744],[-98.28654,19.08711],[-98.28636,19.08692],[-98.28609,19.08674],[-98.28582,19.08657],[-98.28541,19.08637],[-98.28495,19.08621],[-98.28439,19.08601],[-98.28379,19.08579],[-98.28301,19.08552],[-98.28291,19.08543],[-98.28287,19.08542],[-98.28281,19.08548],[-98.28216,19.08525],[-98.28096,19.08483]]]}},{"type":"Feature","properties":{"cp":72603,"nombre":"CP 72603"},"geometry":{"type":"Polygon","coordinates":[[[-98.36093,19.16328],[-98.36105,19.16309],[-98.36106,19.16306],[-98.36177,19.16172],[-98.36178,19.16169],[-98.36207,19.16104],[-98.3624,19.16029],[-98.36243,19.16025],[-98.36275,19.15955],[-98.36306,19.15886],[-98.36308,19.15883],[-98.36329,19.15834],[-98.36367,19.15749],[-98.36369,19.1575],[-98.36447,19.15571],[-98.36591,19.15254],[-98.36684,19.15038],[-98.36766,19.14854],[-98.36769,19.14851],[-98.36829,19.14877],[-98.36829,19.14877],[-98.37123,19.14962],[-98.37289,19.14747],[-98.37403,19.14599],[-98.37403,19.14599],[-98.3741,19.14586],[-98.37413,19.1458],[-98.37413,19.14579],[-98.37456,19.14498],[-98.37412,19.14479],[-98.37252,19.14411],[-98.36811,19.14223],[-98.36808,19.14222],[-98.36678,19.14167],[-98.36577,19.14136],[-98.36449,19.14098],[-98.36394,19.14063],[-98.36299,19.14002],[-98.36238,19.13972],[-98.36117,19.13914],[-98.36115,19.13913],[-98.36095,19.13903],[-98.35936,19.13837],[-98.3593,19.13835],[-98.35888,19.13817],[-98.3577,19.13767],[-98.35754,19.13761],[-98.35675,19.13727],[-98.35606,19.13698],[-98.35574,19.13689],[-98.35514,19.13672],[-98.3539,19.13635],[-98.35249,19.13594],[-98.35199,19.1358],[-98.35008,19.13535],[-98.34929,19.13516],[-98.34816,19.1349],[-98.34761,19.13478],[-98.34749,19.13475],[-98.34743,19.13472],[-98.34698,19.13452],[-98.3456,19.1339],[-98.3439,19.13313],[-98.34268,19.13527],[-98.3415,19.1347],[-98.34083,19.13512],[-98.34063,19.13513],[-98.34,19.13515],[-98.33871,19.13521],[-98.33868,19.13521],[-98.3378,19.13525],[-98.33722,19.13528],[-98.33712,19.13528],[-98.33689,19.13529],[-98.33587,19.13531],[-98.33469,19.13534],[-98.33391,19.13536],[-98.33337,19.13537],[-98.33333,19.13538],[-98.33267,19.13538],[-98.3322,19.13539],[-98.33198,19.13539],[-98.33074,19.1354],[-98.33069,19.1354],[-98.33044,19.1354],[-98.32876,19.13542],[-98.32817,19.13543],[-98.32777,19.13543],[-98.32719,19.13532],[-98.32712,19.13531],[-98.32694,19.13527],[-98.32664,19.13522],[-98.32598,19.13509],[-98.32544,19.13499],[-98.32543,19.13498],[-98.32541,19.13498],[-98.32458,19.13482],[-98.32367,19.13465],[-98.32348,19.13516],[-98.3235,19.13532],[-98.32345,19.13552],[-98.32279,19.13761],[-98.32269,19.13793],[-98.3219,19.14064],[-98.32167,19.14141],[-98.32142,19.14234],[-98.32138,19.14253],[-98.32024,19.14412],[-98.31963,19.14505],[-98.33222,19.15178],[-98.33401,19.15193],[-98.33554,19.15251],[-98.33732,19.15202],[-98.33967,19.15313],[-98.34131,19.15419],[-98.34937,19.15786],[-98.35223,19.15993],[-98.35708,19.16162],[-98.36093,19.16328],[-98.36093,19.16328]]]}},{"type":"Feature","properties":{"cp":72403,"nombre":"CP 72403"},"geometry":{"type":"Polygon","coordinates":[[[-98.22621,19.03933],[-98.22655,19.03962],[-98.22715,19.03995],[-98.22809,19.04046],[-98.22823,19.04021],[-98.2272,19.03964],[-98.2273,19.03908],[-98.22732,19.03875],[-98.22773,19.03786],[-98.22803,19.03797],[-98.22831,19.0381],[-98.22843,19.03816],[-98.22789,19.0391],[-98.22804,19.0392],[-98.22793,19.03937],[-98.22853,19.03969],[-98.2294,19.03815],[-98.22884,19.03783],[-98.22857,19.03777],[-98.22799,19.03761],[-98.22768,19.03759],[-98.22708,19.03862],[-98.22673,19.03839],[-98.22621,19.03933]]]}},{"type":"Feature","properties":{"cp":72706,"nombre":"CP 72706"},"geometry":{"type":"Polygon","coordinates":[[[-98.29934,19.08973],[-98.29845,19.08897],[-98.29754,19.08806],[-98.2972,19.08815],[-98.29667,19.08762],[-98.29603,19.08694],[-98.29569,19.08712],[-98.29543,19.08681],[-98.29581,19.08652],[-98.29551,19.08597],[-98.29509,19.08523],[-98.29453,19.08408],[-98.29348,19.08472],[-98.28958,19.08244],[-98.28934,19.08307],[-98.28898,19.08367],[-98.28836,19.08463],[-98.28806,19.08514],[-98.28785,19.08538],[-98.28696,19.08746],[-98.28693,19.08754],[-98.28675,19.08735],[-98.28672,19.08732],[-98.28669,19.08727],[-98.28654,19.08711],[-98.28654,19.08711],[-98.28635,19.08744],[-98.2861,19.088],[-98.28558,19.08908],[-98.28545,19.08939],[-98.28513,19.0901],[-98.28499,19.09054],[-98.28499,19.09054],[-98.28493,19.09082],[-98.28493,19.09082],[-98.28487,19.09121],[-98.28487,19.09121],[-98.28485,19.0916],[-98.28485,19.09275],[-98.28485,19.09275],[-98.28485,19.09318],[-98.28485,19.09382],[-98.28482,19.09509],[-98.28482,19.09509],[-98.2848,19.0962],[-98.2848,19.0962],[-98.28478,19.09663],[-98.28476,19.09757],[-98.28529,19.09767],[-98.28584,19.09829],[-98.28682,19.09891],[-98.28773,19.09949],[-98.29349,19.10295],[-98.29349,19.10295],[-98.29378,19.10228],[-98.29447,19.10093],[-98.29452,19.10082],[-98.29503,19.0997],[-98.29575,19.09834],[-98.29597,19.09766],[-98.29614,19.09711],[-98.29652,19.09636],[-98.29718,19.09504],[-98.29731,19.09478],[-98.29769,19.09402],[-98.29796,19.09344],[-98.2982,19.09292],[-98.29855,19.09208],[-98.29884,19.09126],[-98.29901,19.09072],[-98.29923,19.09008],[-98.29934,19.08988],[-98.29935,19.08982],[-98.29934,19.08973],[-98.29934,19.08973]]]}},{"type":"Feature","properties":{"cp":72494,"nombre":"CP 72494"},"geometry":{"type":"Polygon","coordinates":[[[-98.23584,18.96614],[-98.23489,18.96561],[-98.23332,18.96473],[-98.23279,18.96887],[-98.23063,18.96863],[-98.23067,18.96824],[-98.23082,18.96729],[-98.23116,18.96529],[-98.23142,18.96372],[-98.23041,18.96312],[-98.23052,18.96205],[-98.22944,18.96199],[-98.22926,18.96302],[-98.22673,18.96287],[-98.22688,18.96178],[-98.2262,18.96151],[-98.22615,18.96229],[-98.22603,18.96292],[-98.22541,18.96379],[-98.22519,18.96418],[-98.22534,18.96459],[-98.2252,18.96491],[-98.22514,18.96538],[-98.22454,18.96683],[-98.2246,18.96703],[-98.22487,18.96724],[-98.22485,18.96748],[-98.22471,18.96783],[-98.22488,18.96812],[-98.22516,18.96832],[-98.22523,18.96864],[-98.22522,18.96921],[-98.22504,18.96969],[-98.22506,18.97012],[-98.22525,18.97075],[-98.22524,18.97107],[-98.22482,18.97143],[-98.22535,18.97159],[-98.22699,18.97275],[-98.22767,18.97345],[-98.22769,18.97319],[-98.22771,18.97316],[-98.22775,18.97314],[-98.2278,18.97316],[-98.2279,18.97321],[-98.2281,18.97331],[-98.22837,18.97336],[-98.22859,18.97337],[-98.22885,18.97336],[-98.22904,18.97331],[-98.22934,18.97332],[-98.22954,18.9734],[-98.22993,18.97308],[-98.23016,18.97296],[-98.23021,18.97289],[-98.23031,18.97272],[-98.23037,18.97257],[-98.23037,18.97237],[-98.23036,18.97217],[-98.23029,18.97192],[-98.2303,18.97069],[-98.23254,18.97168],[-98.23249,18.97199],[-98.23267,18.97214],[-98.23286,18.97241],[-98.23298,18.97263],[-98.23301,18.97274],[-98.23302,18.97283],[-98.23303,18.97285],[-98.23303,18.97287],[-98.23306,18.97294],[-98.23327,18.97313],[-98.23344,18.97327],[-98.23356,18.97341],[-98.23359,18.97348],[-98.23356,18.97365],[-98.2352,18.97456],[-98.2352,18.97456],[-98.23543,18.97436],[-98.23587,18.97397],[-98.23599,18.97379],[-98.23614,18.97356],[-98.23657,18.97373],[-98.2366,18.97374],[-98.23668,18.97352],[-98.2368,18.97326],[-98.23717,18.97339],[-98.23789,18.9716],[-98.23588,18.97119],[-98.23449,18.97065],[-98.23492,18.96911],[-98.23584,18.96614]]]}},{"type":"Feature","properties":{"cp":72775,"nombre":"CP 72775"},"geometry":{"type":"Polygon","coordinates":[[[-98.26006,19.07713],[-98.26006,19.07713],[-98.26206,19.07817],[-98.26289,19.07868],[-98.26293,19.0787],[-98.26309,19.0788],[-98.2642,19.07948],[-98.26501,19.0799],[-98.2656,19.08022],[-98.26594,19.08039],[-98.26685,19.08088],[-98.267,19.08095],[-98.26726,19.0811],[-98.26822,19.08158],[-98.26819,19.07758],[-98.27967,19.07646],[-98.27967,19.07646],[-98.27925,19.07597],[-98.27828,19.07501],[-98.27785,19.07488],[-98.27769,19.07486],[-98.27769,19.07486],[-98.27729,19.0748],[-98.27573,19.07483],[-98.27529,19.07478],[-98.27484,19.07469],[-98.27455,19.07458],[-98.27409,19.07431],[-98.27358,19.07391],[-98.27298,19.07366],[-98.27225,19.07339],[-98.27148,19.07291],[-98.27089,19.07257],[-98.27041,19.07218],[-98.26995,19.07176],[-98.26916,19.07072],[-98.26916,19.07072],[-98.26916,19.07072],[-98.26916,19.07072],[-98.26916,19.07072],[-98.26903,19.07022],[-98.26883,19.0699],[-98.26867,19.06964],[-98.2683,19.06912],[-98.26811,19.06889],[-98.26772,19.0684],[-98.2675,19.06806],[-98.26739,19.06785],[-98.26739,19.06784],[-98.26852,19.06706],[-98.2686,19.06685],[-98.26803,19.06658],[-98.26727,19.06625],[-98.26685,19.06606],[-98.26677,19.06592],[-98.26662,19.06579],[-98.26641,19.06564],[-98.26627,19.0655],[-98.26609,19.0653],[-98.26581,19.06513],[-98.26555,19.06503],[-98.26538,19.06499],[-98.26531,19.06527],[-98.26531,19.06527],[-98.26531,19.06527],[-98.26531,19.06527],[-98.26523,19.06531],[-98.26479,19.06574],[-98.26435,19.06631],[-98.26334,19.0679],[-98.26298,19.06849],[-98.26219,19.06986],[-98.26219,19.06986],[-98.26216,19.06996],[-98.26131,19.07176],[-98.26104,19.07232],[-98.2613,19.0725],[-98.2621,19.0731],[-98.26327,19.07402],[-98.26308,19.07432],[-98.26304,19.07435],[-98.26272,19.07421],[-98.26235,19.07409],[-98.26188,19.07386],[-98.26183,19.07394],[-98.26172,19.07423],[-98.2616,19.07448],[-98.2615,19.07463],[-98.26144,19.07474],[-98.26146,19.07481],[-98.26155,19.07489],[-98.26106,19.0752],[-98.26085,19.07504],[-98.26046,19.07607],[-98.26006,19.07713]]]}},{"type":"Feature","properties":{"cp":72772,"nombre":"CP 72772"},"geometry":{"type":"Polygon","coordinates":[[[-98.28855,19.07556],[-98.28798,19.07449],[-98.28823,19.07442],[-98.28859,19.0745],[-98.28905,19.07175],[-98.28852,19.0713],[-98.28821,19.07104],[-98.28781,19.07071],[-98.28814,19.06999],[-98.28873,19.07026],[-98.28884,19.07007],[-98.28922,19.07023],[-98.2895,19.06975],[-98.28928,19.06962],[-98.28935,19.06948],[-98.28907,19.06933],[-98.28939,19.06875],[-98.28935,19.06872],[-98.28977,19.068],[-98.29037,19.06693],[-98.29052,19.06664],[-98.29017,19.06649],[-98.28935,19.06709],[-98.28771,19.06824],[-98.28555,19.06986],[-98.28429,19.07077],[-98.2829,19.07182],[-98.28347,19.07193],[-98.28461,19.07216],[-98.28515,19.07237],[-98.28547,19.07258],[-98.28583,19.0728],[-98.28622,19.07322],[-98.28651,19.07364],[-98.28762,19.07567],[-98.28855,19.07556]]]}},{"type":"Feature","properties":{"cp":72805,"nombre":"CP 72805"},"geometry":{"type":"Polygon","coordinates":[[[-98.29472,19.06209],[-98.29257,19.06131],[-98.29242,19.06132],[-98.29223,19.0614],[-98.29197,19.06154],[-98.29184,19.06136],[-98.2921,19.06076],[-98.29346,19.06075],[-98.29379,19.06001],[-98.2924,19.06001],[-98.29155,19.06001],[-98.29124,19.06001],[-98.29007,19.06001],[-98.2893,19.06002],[-98.28815,19.06001],[-98.28444,19.06001],[-98.28302,19.06031],[-98.28302,19.06031],[-98.28302,19.06031],[-98.28078,19.06397],[-98.2818,19.06417],[-98.28026,19.06626],[-98.27898,19.06805],[-98.28037,19.06772],[-98.28046,19.06769],[-98.28099,19.06757],[-98.28109,19.06754],[-98.28138,19.0675],[-98.28151,19.06748],[-98.28234,19.06724],[-98.28288,19.06712],[-98.28314,19.06706],[-98.2832,19.06699],[-98.28339,19.06699],[-98.28361,19.0669],[-98.28364,19.06689],[-98.28374,19.06686],[-98.28388,19.06685],[-98.28426,19.06674],[-98.28468,19.06663],[-98.28503,19.06651],[-98.28573,19.06634],[-98.28604,19.06626],[-98.28623,19.06617],[-98.28634,19.06618],[-98.28646,19.06614],[-98.2866,19.0661],[-98.28677,19.06606],[-98.28756,19.06584],[-98.28808,19.06568],[-98.28873,19.06549],[-98.289,19.0654],[-98.2893,19.06529],[-98.28956,19.06521],[-98.29,19.0651],[-98.29039,19.065],[-98.29087,19.06492],[-98.29118,19.06486],[-98.29253,19.0646],[-98.29278,19.06457],[-98.29298,19.06451],[-98.29404,19.06395],[-98.29519,19.06342],[-98.29519,19.06342],[-98.29482,19.06325],[-98.29359,19.06269],[-98.29357,19.06268],[-98.29353,19.06266],[-98.2936,19.06264],[-98.29377,19.06264],[-98.29432,19.06233],[-98.29472,19.06209],[-98.29472,19.06209],[-98.29472,19.06209],[-98.29472,19.06209],[-98.29472,19.06209]]]}},{"type":"Feature","properties":{"cp":72725,"nombre":"CP 72725"},"geometry":{"type":"Polygon","coordinates":[[[-98.22894,19.15136],[-98.22894,19.15136],[-98.22901,19.15188],[-98.22909,19.15224],[-98.22902,19.15247],[-98.22887,19.15281],[-98.22874,19.15302],[-98.22858,19.15326],[-98.22848,19.15352],[-98.2284,19.15391],[-98.22849,19.15428],[-98.22876,19.15464],[-98.22916,19.15499],[-98.22952,19.15535],[-98.22962,19.15601],[-98.22996,19.1565],[-98.23024,19.15673],[-98.2306,19.15681],[-98.23107,19.15685],[-98.23181,19.1568],[-98.23278,19.15678],[-98.23365,19.15674],[-98.23418,19.15666],[-98.23457,19.1568],[-98.23484,19.15694],[-98.23572,19.15714],[-98.23639,19.15726],[-98.23675,19.15726],[-98.23706,19.15711],[-98.23723,19.15689],[-98.23728,19.15646],[-98.23738,19.15626],[-98.2376,19.15601],[-98.23779,19.15589],[-98.23788,19.15586],[-98.23798,19.15593],[-98.23799,19.15603],[-98.23794,19.15619],[-98.23798,19.15655],[-98.23787,19.1573],[-98.23797,19.15767],[-98.23819,19.15788],[-98.23848,19.15793],[-98.23886,19.15783],[-98.23962,19.1576],[-98.24042,19.1574],[-98.24042,19.1574],[-98.24107,19.15664],[-98.23969,19.15514],[-98.23848,19.15394],[-98.23687,19.15237],[-98.23608,19.15162],[-98.23554,19.15107],[-98.23324,19.14884],[-98.23113,19.1507],[-98.22994,19.15121],[-98.22937,19.15137],[-98.22894,19.15136]]]}},{"type":"Feature","properties":{"cp":72837,"nombre":"CP 72837"},"geometry":{"type":"Polygon","coordinates":[[[-98.25627,19.03926],[-98.25588,19.03915],[-98.25161,19.03861],[-98.25049,19.04],[-98.2503,19.04083],[-98.2503,19.04083],[-98.25035,19.04097],[-98.25039,19.04115],[-98.2504,19.0413],[-98.25026,19.04205],[-98.25013,19.0427],[-98.24991,19.04376],[-98.24973,19.04465],[-98.24954,19.04555],[-98.25051,19.04573],[-98.25125,19.04602],[-98.25138,19.04608],[-98.25116,19.04682],[-98.25104,19.04716],[-98.25104,19.04716],[-98.25104,19.04716],[-98.25176,19.04812],[-98.25206,19.04848],[-98.25319,19.04915],[-98.25426,19.04977],[-98.25554,19.0505],[-98.25591,19.05071],[-98.25654,19.05107],[-98.25744,19.05159],[-98.25779,19.05179],[-98.25789,19.05152],[-98.25807,19.05103],[-98.25814,19.05082],[-98.25937,19.04854],[-98.25968,19.04796],[-98.25959,19.04794],[-98.26035,19.04669],[-98.26106,19.04545],[-98.26137,19.04488],[-98.26137,19.04488],[-98.26137,19.04488],[-98.2613,19.04472],[-98.26066,19.0443],[-98.26035,19.04423],[-98.26014,19.0442],[-98.26006,19.04415],[-98.26002,19.0438],[-98.25991,19.04349],[-98.25957,19.04322],[-98.25933,19.04308],[-98.2591,19.04296],[-98.25883,19.04288],[-98.25864,19.04274],[-98.2581,19.04232],[-98.25767,19.04204],[-98.25745,19.04169],[-98.25733,19.04137],[-98.25729,19.04089],[-98.25728,19.04071],[-98.25719,19.0404],[-98.25707,19.04011],[-98.2567,19.03972],[-98.25627,19.03926]]]}},{"type":"Feature","properties":{"cp":72836,"nombre":"CP 72836"},"geometry":{"type":"Polygon","coordinates":[[[-98.25436,19.03517],[-98.25431,19.035],[-98.25423,19.03493],[-98.2541,19.03486],[-98.25402,19.0347],[-98.25388,19.03441],[-98.25377,19.03428],[-98.25363,19.03421],[-98.25348,19.03419],[-98.25334,19.03423],[-98.25318,19.03419],[-98.25313,19.03408],[-98.25311,19.03315],[-98.25307,19.03303],[-98.25295,19.03298],[-98.25283,19.03296],[-98.25266,19.03285],[-98.25249,19.03266],[-98.25231,19.03245],[-98.2522,19.03214],[-98.25212,19.03184],[-98.25213,19.03151],[-98.25219,19.03127],[-98.25217,19.03111],[-98.25226,19.03101],[-98.25237,19.03089],[-98.25242,19.03076],[-98.25243,19.03059],[-98.25234,19.03034],[-98.25221,19.03022],[-98.25175,19.02999],[-98.25158,19.02997],[-98.25138,19.03003],[-98.25125,19.03002],[-98.25115,19.02991],[-98.25105,19.02967],[-98.25101,19.02942],[-98.25103,19.02928],[-98.25104,19.02914],[-98.25107,19.02908],[-98.25111,19.02898],[-98.25119,19.02886],[-98.25129,19.02873],[-98.25134,19.02857],[-98.25134,19.02836],[-98.25129,19.02826],[-98.25113,19.02812],[-98.251,19.02798],[-98.25098,19.02785],[-98.251,19.02772],[-98.25111,19.02763],[-98.25126,19.02756],[-98.25148,19.02748],[-98.25161,19.02737],[-98.25164,19.02724],[-98.25158,19.02655],[-98.25158,19.02628],[-98.25153,19.02602],[-98.25144,19.02581],[-98.25138,19.02553],[-98.25135,19.02529],[-98.25149,19.02452],[-98.25033,19.02195],[-98.24976,19.02219],[-98.24907,19.0222],[-98.24941,19.02421],[-98.24942,19.02458],[-98.24905,19.02537],[-98.24918,19.02571],[-98.2493,19.02647],[-98.24793,19.0281],[-98.24855,19.02857],[-98.24875,19.02881],[-98.24886,19.02901],[-98.2489,19.02923],[-98.24901,19.02914],[-98.2491,19.0291],[-98.24921,19.02909],[-98.24938,19.02918],[-98.24925,19.02944],[-98.24917,19.02966],[-98.24924,19.02995],[-98.24929,19.0301],[-98.24942,19.03028],[-98.24905,19.03086],[-98.2489,19.03084],[-98.24882,19.03117],[-98.24741,19.03089],[-98.24656,19.03187],[-98.2464,19.03174],[-98.24552,19.03301],[-98.24645,19.03371],[-98.24504,19.03603],[-98.24504,19.03603],[-98.24504,19.03603],[-98.24514,19.03613],[-98.24527,19.03625],[-98.2454,19.03646],[-98.24548,19.03669],[-98.2455,19.03683],[-98.24549,19.03731],[-98.24549,19.03731],[-98.24549,19.03779],[-98.24549,19.03779],[-98.24549,19.03806],[-98.24549,19.03817],[-98.24549,19.03821],[-98.24553,19.03831],[-98.24559,19.03839],[-98.24569,19.03849],[-98.24576,19.03852],[-98.24616,19.03869],[-98.24804,19.03945],[-98.24878,19.03976],[-98.2491,19.03993],[-98.24918,19.03997],[-98.24921,19.03998],[-98.24939,19.04007],[-98.24964,19.04021],[-98.24966,19.04022],[-98.24995,19.0404],[-98.2501,19.04052],[-98.25017,19.04061],[-98.25024,19.0407],[-98.2503,19.04083],[-98.2503,19.04083],[-98.25049,19.04],[-98.25161,19.03861],[-98.25588,19.03915],[-98.25627,19.03926],[-98.25583,19.0386],[-98.25533,19.03784],[-98.25528,19.0376],[-98.25538,19.03703],[-98.2545,19.03619],[-98.25439,19.03595],[-98.25436,19.03517],[-98.25436,19.03517]]]}},{"type":"Feature","properties":{"cp":72833,"nombre":"CP 72833"},"geometry":{"type":"Polygon","coordinates":[[[-98.24898,19.0188],[-98.24817,19.01692],[-98.24809,19.01737],[-98.24761,19.01877],[-98.24736,19.01949],[-98.24711,19.01983],[-98.2467,19.02002],[-98.24608,19.02018],[-98.24554,19.02034],[-98.24517,19.02059],[-98.24474,19.02106],[-98.24417,19.02164],[-98.24336,19.0222],[-98.24246,19.02273],[-98.24227,19.02284],[-98.24102,19.02359],[-98.24067,19.02373],[-98.24005,19.02398],[-98.23988,19.02403],[-98.23969,19.02412],[-98.23943,19.0243],[-98.23919,19.02451],[-98.23904,19.02466],[-98.23893,19.0248],[-98.23883,19.02493],[-98.2387,19.02505],[-98.2385,19.02519],[-98.23833,19.0253],[-98.23818,19.02542],[-98.23806,19.02548],[-98.23747,19.02541],[-98.23653,19.02498],[-98.23614,19.0248],[-98.23489,19.02423],[-98.23469,19.02415],[-98.23273,19.02329],[-98.23259,19.02308],[-98.23215,19.02293],[-98.23098,19.0224],[-98.23093,19.02255],[-98.2286,19.02149],[-98.22855,19.02196],[-98.22848,19.02224],[-98.22832,19.02256],[-98.22771,19.02365],[-98.2275,19.02423],[-98.2275,19.02423],[-98.22744,19.02452],[-98.22745,19.0247],[-98.22759,19.02537],[-98.22751,19.02563],[-98.22756,19.02584],[-98.22753,19.02594],[-98.22747,19.02602],[-98.2273,19.02604],[-98.22696,19.02596],[-98.22631,19.02566],[-98.22598,19.02531],[-98.22564,19.02468],[-98.22541,19.02459],[-98.22516,19.02466],[-98.22428,19.02519],[-98.22431,19.0257],[-98.22433,19.02599],[-98.22436,19.02633],[-98.2243,19.02708],[-98.22421,19.02771],[-98.22413,19.02801],[-98.2239,19.02884],[-98.22389,19.02898],[-98.22386,19.02939],[-98.22435,19.02993],[-98.22466,19.03018],[-98.22513,19.03079],[-98.22513,19.03079],[-98.22534,19.03084],[-98.22538,19.03088],[-98.22553,19.03097],[-98.22579,19.03103],[-98.22605,19.03102],[-98.22618,19.03073],[-98.22627,19.03058],[-98.22636,19.03049],[-98.22653,19.03032],[-98.22682,19.03007],[-98.22698,19.02993],[-98.22726,19.02965],[-98.22732,19.02956],[-98.22747,19.02935],[-98.22775,19.0291],[-98.22809,19.02883],[-98.22875,19.02832],[-98.22888,19.02821],[-98.22898,19.02814],[-98.22914,19.02801],[-98.22923,19.02791],[-98.22929,19.02774],[-98.22936,19.02761],[-98.22952,19.02762],[-98.22983,19.02769],[-98.23105,19.02808],[-98.23149,19.02826],[-98.23184,19.02844],[-98.23224,19.02866],[-98.23252,19.02882],[-98.23252,19.02882],[-98.23411,19.02786],[-98.23562,19.02745],[-98.23587,19.02734],[-98.23611,19.02717],[-98.2363,19.02697],[-98.23661,19.02658],[-98.23706,19.02621],[-98.23747,19.02607],[-98.23798,19.02593],[-98.23843,19.02582],[-98.23882,19.02574],[-98.23926,19.02569],[-98.23953,19.02568],[-98.23969,19.02571],[-98.2399,19.02576],[-98.24005,19.02579],[-98.24015,19.02578],[-98.23999,19.02563],[-98.23986,19.02546],[-98.23979,19.02527],[-98.23977,19.02506],[-98.2398,19.02479],[-98.2399,19.02459],[-98.24012,19.0244],[-98.24108,19.02388],[-98.24231,19.0231],[-98.2425,19.02307],[-98.24273,19.02306],[-98.24296,19.02314],[-98.2432,19.02327],[-98.24337,19.02345],[-98.24347,19.02363],[-98.24351,19.0237],[-98.24357,19.02384],[-98.2436,19.0237],[-98.24366,19.02352],[-98.24378,19.02336],[-98.24392,19.02323],[-98.24409,19.02315],[-98.24427,19.02309],[-98.24431,19.02288],[-98.24526,19.02255],[-98.24487,19.022],[-98.24523,19.02182],[-98.24558,19.02163],[-98.24613,19.02215],[-98.24661,19.02178],[-98.24702,19.02138],[-98.2473,19.02114],[-98.24907,19.0222],[-98.24976,19.02219],[-98.25033,19.02195],[-98.24898,19.0188]]]}},{"type":"Feature","properties":{"cp":72834,"nombre":"CP 72834"},"geometry":{"type":"Polygon","coordinates":[[[-98.24504,19.03603],[-98.24645,19.03371],[-98.24552,19.03301],[-98.2464,19.03174],[-98.24561,19.03112],[-98.24757,19.02819],[-98.24745,19.02774],[-98.24643,19.02697],[-98.24523,19.02872],[-98.24414,19.02805],[-98.2437,19.02878],[-98.24288,19.02747],[-98.24181,19.02681],[-98.24235,19.02607],[-98.24161,19.0256],[-98.24266,19.02458],[-98.24372,19.02435],[-98.24362,19.02409],[-98.24357,19.02384],[-98.24351,19.0237],[-98.24347,19.02363],[-98.24337,19.02345],[-98.2432,19.02327],[-98.24296,19.02314],[-98.24273,19.02306],[-98.2425,19.02307],[-98.24231,19.0231],[-98.24108,19.02388],[-98.24012,19.0244],[-98.2399,19.02459],[-98.2398,19.02479],[-98.23977,19.02506],[-98.23979,19.02527],[-98.23986,19.02546],[-98.23999,19.02563],[-98.24015,19.02578],[-98.24005,19.02579],[-98.2399,19.02576],[-98.23969,19.02571],[-98.23953,19.02568],[-98.23926,19.02569],[-98.23882,19.02574],[-98.23843,19.02582],[-98.23798,19.02593],[-98.23747,19.02607],[-98.23706,19.02621],[-98.23661,19.02658],[-98.2363,19.02697],[-98.23611,19.02717],[-98.23587,19.02734],[-98.23562,19.02745],[-98.23411,19.02786],[-98.23252,19.02882],[-98.2347,19.03005],[-98.23593,19.03075],[-98.23608,19.03083],[-98.23611,19.03085],[-98.2362,19.0309],[-98.23673,19.03116],[-98.2368,19.03119],[-98.23691,19.03123],[-98.23706,19.03126],[-98.23715,19.03128],[-98.23724,19.03128],[-98.23747,19.03127],[-98.23785,19.03124],[-98.23793,19.03139],[-98.238,19.03135],[-98.23812,19.03133],[-98.23842,19.0313],[-98.23849,19.0313],[-98.23853,19.0313],[-98.23863,19.03131],[-98.23871,19.03133],[-98.23879,19.03134],[-98.23889,19.03136],[-98.23895,19.03138],[-98.23908,19.03143],[-98.23917,19.03147],[-98.23923,19.03151],[-98.23927,19.03153],[-98.23999,19.03211],[-98.24012,19.03223],[-98.24026,19.03229],[-98.24027,19.0323],[-98.24039,19.0324],[-98.24073,19.0327],[-98.24102,19.03294],[-98.24102,19.03294],[-98.24125,19.03312],[-98.24156,19.03336],[-98.24212,19.0338],[-98.2429,19.0344],[-98.24326,19.0347],[-98.24368,19.03503],[-98.24388,19.03517],[-98.24504,19.03603]]]}},{"type":"Feature","properties":{"cp":72835,"nombre":"CP 72835"},"geometry":{"type":"Polygon","coordinates":[[[-98.24907,19.0222],[-98.2473,19.02114],[-98.24702,19.02138],[-98.24661,19.02178],[-98.24613,19.02215],[-98.24558,19.02163],[-98.24523,19.02182],[-98.24487,19.022],[-98.24526,19.02255],[-98.24431,19.02288],[-98.24427,19.02309],[-98.24409,19.02315],[-98.24392,19.02323],[-98.24378,19.02336],[-98.24366,19.02352],[-98.2436,19.0237],[-98.24357,19.02384],[-98.24362,19.02409],[-98.24372,19.02435],[-98.24266,19.02458],[-98.24161,19.0256],[-98.24235,19.02607],[-98.24181,19.02681],[-98.24288,19.02747],[-98.2437,19.02878],[-98.24414,19.02805],[-98.24523,19.02872],[-98.24643,19.02697],[-98.24745,19.02774],[-98.24757,19.02819],[-98.24561,19.03112],[-98.2464,19.03174],[-98.24656,19.03187],[-98.24741,19.03089],[-98.24882,19.03117],[-98.2489,19.03084],[-98.24905,19.03086],[-98.24942,19.03028],[-98.24929,19.0301],[-98.24924,19.02995],[-98.24917,19.02966],[-98.24925,19.02944],[-98.24938,19.02918],[-98.24921,19.02909],[-98.2491,19.0291],[-98.24901,19.02914],[-98.2489,19.02923],[-98.24886,19.02901],[-98.24875,19.02881],[-98.24855,19.02857],[-98.24793,19.0281],[-98.2493,19.02647],[-98.24918,19.02571],[-98.24905,19.02537],[-98.24942,19.02458],[-98.24941,19.02421],[-98.24907,19.0222]]]}},{"type":"Feature","properties":{"cp":72460,"nombre":"CP 72460"},"geometry":{"type":"Polygon","coordinates":[[[-98.2374,19.00674],[-98.2374,19.00674],[-98.23716,19.00709],[-98.23155,19.0159],[-98.23215,19.01672],[-98.23315,19.01791],[-98.23306,19.01799],[-98.23283,19.01834],[-98.23283,19.01834],[-98.23262,19.01875],[-98.23245,19.01913],[-98.23224,19.01937],[-98.23183,19.01968],[-98.23148,19.02003],[-98.23133,19.02038],[-98.23131,19.02074],[-98.23128,19.0212],[-98.23109,19.0215],[-98.23094,19.02159],[-98.23078,19.02165],[-98.23062,19.02164],[-98.23038,19.02156],[-98.23012,19.02144],[-98.22994,19.0213],[-98.22953,19.02108],[-98.22927,19.02096],[-98.22908,19.02094],[-98.2289,19.02105],[-98.22878,19.02117],[-98.22865,19.02131],[-98.22861,19.02147],[-98.2286,19.02149],[-98.2286,19.02149],[-98.23093,19.02255],[-98.23098,19.0224],[-98.23215,19.02293],[-98.23259,19.02308],[-98.23273,19.02329],[-98.23469,19.02415],[-98.23489,19.02423],[-98.23614,19.0248],[-98.23653,19.02498],[-98.23747,19.02541],[-98.23806,19.02548],[-98.23818,19.02542],[-98.23833,19.0253],[-98.2385,19.02519],[-98.2387,19.02505],[-98.23883,19.02493],[-98.23893,19.0248],[-98.23904,19.02466],[-98.23919,19.02451],[-98.23943,19.0243],[-98.23969,19.02412],[-98.23988,19.02403],[-98.24005,19.02398],[-98.24067,19.02373],[-98.24102,19.02359],[-98.24227,19.02284],[-98.24246,19.02273],[-98.24336,19.0222],[-98.24417,19.02164],[-98.24474,19.02106],[-98.24517,19.02059],[-98.24554,19.02034],[-98.24608,19.02018],[-98.2467,19.02002],[-98.24711,19.01983],[-98.24736,19.01949],[-98.24761,19.01877],[-98.24809,19.01737],[-98.24817,19.01692],[-98.2464,19.01304],[-98.2464,19.01304],[-98.24526,19.01044],[-98.2444,19.00844],[-98.24405,19.00775],[-98.24103,19.00647],[-98.24096,19.00635],[-98.24081,19.00625],[-98.24058,19.00616],[-98.24039,19.00619],[-98.24026,19.00644],[-98.2374,19.00674],[-98.2374,19.00674]]]}},{"type":"Feature","properties":{"cp":72410,"nombre":"CP 72410"},"geometry":{"type":"Polygon","coordinates":[[[-98.22621,19.03933],[-98.22673,19.03839],[-98.22708,19.03862],[-98.22768,19.03759],[-98.22799,19.03761],[-98.22857,19.03777],[-98.22884,19.03783],[-98.2294,19.03815],[-98.22853,19.03969],[-98.2294,19.03815],[-98.23021,19.03872],[-98.23078,19.03903],[-98.23115,19.03924],[-98.23123,19.03926],[-98.23151,19.03867],[-98.2316,19.03848],[-98.23179,19.03809],[-98.23188,19.03783],[-98.23192,19.0377],[-98.23192,19.0377],[-98.23146,19.03759],[-98.23092,19.03744],[-98.23046,19.03729],[-98.2302,19.03714],[-98.23006,19.03693],[-98.22985,19.03656],[-98.2297,19.03631],[-98.2297,19.03631],[-98.22955,19.03617],[-98.22935,19.03599],[-98.22909,19.03585],[-98.22876,19.03573],[-98.22842,19.03566],[-98.22811,19.03569],[-98.22772,19.03579],[-98.22737,19.03591],[-98.22709,19.03605],[-98.22689,19.03609],[-98.22671,19.03605],[-98.2265,19.03596],[-98.22633,19.0359],[-98.22626,19.03575],[-98.22621,19.03562],[-98.22617,19.03516],[-98.22621,19.03492],[-98.22621,19.03492],[-98.22615,19.03441],[-98.22615,19.03441],[-98.22611,19.0342],[-98.22619,19.0338],[-98.22619,19.0338],[-98.22618,19.03355],[-98.22618,19.03355],[-98.22609,19.03337],[-98.22595,19.03314],[-98.22575,19.03293],[-98.22558,19.03268],[-98.22545,19.03247],[-98.22538,19.03214],[-98.22531,19.03178],[-98.22525,19.03131],[-98.22525,19.03131],[-98.22517,19.03104],[-98.22517,19.03104],[-98.22402,19.03206],[-98.2235,19.03159],[-98.22245,19.03306],[-98.22201,19.03367],[-98.221,19.03303],[-98.22057,19.03365],[-98.22023,19.03342],[-98.22067,19.03282],[-98.21973,19.03221],[-98.22029,19.03141],[-98.2195,19.03097],[-98.21783,19.03006],[-98.21769,19.03019],[-98.21769,19.03019],[-98.21597,19.0326],[-98.21597,19.0326],[-98.21442,19.03487],[-98.2143,19.03501],[-98.21306,19.03652],[-98.2125,19.0374],[-98.21201,19.03818],[-98.211,19.03997],[-98.21062,19.04073],[-98.20977,19.04223],[-98.20977,19.04223],[-98.20896,19.04369],[-98.20845,19.04462],[-98.20845,19.04462],[-98.20941,19.04506],[-98.20941,19.04506],[-98.20902,19.04581],[-98.20902,19.04581],[-98.20902,19.04581],[-98.21062,19.04662],[-98.21062,19.04662],[-98.21212,19.04739],[-98.21891,19.05081],[-98.21932,19.05008],[-98.21932,19.05008],[-98.21852,19.04966],[-98.21852,19.04966],[-98.21897,19.04886],[-98.21914,19.04894],[-98.21923,19.04898],[-98.21923,19.04898],[-98.21992,19.04775],[-98.22059,19.04657],[-98.2241,19.04535],[-98.22807,19.04416],[-98.22807,19.04416],[-98.22644,19.04337],[-98.22809,19.04046],[-98.22715,19.03995],[-98.22655,19.03962],[-98.22621,19.03933]],[[-98.22362,19.03676],[-98.22423,19.03638],[-98.22501,19.03586],[-98.22512,19.03656],[-98.22413,19.03726],[-98.22362,19.03676]],[[-98.2242,19.04015],[-98.22462,19.03938],[-98.22622,19.04016],[-98.22581,19.04094],[-98.2242,19.04015]]]}},{"type":"Feature","properties":{"cp":72180,"nombre":"CP 72180"},"geometry":{"type":"Polygon","coordinates":[[[-98.24063,19.043],[-98.23782,19.04183],[-98.23767,19.04204],[-98.23716,19.04263],[-98.23702,19.04282],[-98.2369,19.04298],[-98.23409,19.04664],[-98.23324,19.04776],[-98.23262,19.04857],[-98.23156,19.04801],[-98.23037,19.04743],[-98.22989,19.04823],[-98.22944,19.04909],[-98.22784,19.04828],[-98.22625,19.04748],[-98.22577,19.04827],[-98.22444,19.04767],[-98.2244,19.04965],[-98.22416,19.04951],[-98.22276,19.04953],[-98.22275,19.04974],[-98.22306,19.0499],[-98.22353,19.05014],[-98.22447,19.05057],[-98.22511,19.05072],[-98.22564,19.05083],[-98.22632,19.05099],[-98.22632,19.05099],[-98.22632,19.05099],[-98.22598,19.05161],[-98.22688,19.05124],[-98.22715,19.05138],[-98.22761,19.05164],[-98.22822,19.05197],[-98.22887,19.05233],[-98.22996,19.05258],[-98.23034,19.05279],[-98.23065,19.05305],[-98.23093,19.0533],[-98.23191,19.05414],[-98.23251,19.05455],[-98.23303,19.05491],[-98.2341,19.05571],[-98.2341,19.05571],[-98.2341,19.05571],[-98.23389,19.05614],[-98.2344,19.05634],[-98.23492,19.05643],[-98.2352,19.05658],[-98.23598,19.05569],[-98.23611,19.05549],[-98.23621,19.05522],[-98.23646,19.05476],[-98.23626,19.05466],[-98.23626,19.05466],[-98.23633,19.05456],[-98.23633,19.05456],[-98.23632,19.05437],[-98.23632,19.05437],[-98.23629,19.05426],[-98.23634,19.05419],[-98.23634,19.05419],[-98.23631,19.05406],[-98.23622,19.05402],[-98.23622,19.05402],[-98.23622,19.05358],[-98.23553,19.05321],[-98.23553,19.05321],[-98.23602,19.05234],[-98.23645,19.05152],[-98.2369,19.05072],[-98.2369,19.05072],[-98.23646,19.05046],[-98.23613,19.05027],[-98.23577,19.05007],[-98.23577,19.05007],[-98.23591,19.0499],[-98.23591,19.0499],[-98.23581,19.04982],[-98.23571,19.04968],[-98.23557,19.04957],[-98.23519,19.04933],[-98.23476,19.04911],[-98.23476,19.04911],[-98.23503,19.04863],[-98.23503,19.04863],[-98.23388,19.04807],[-98.23444,19.04802],[-98.23476,19.048],[-98.23511,19.04801],[-98.236,19.04803],[-98.23606,19.04789],[-98.23645,19.04814],[-98.23686,19.0484],[-98.2368,19.04799],[-98.23811,19.04793],[-98.23959,19.04783],[-98.2398,19.04791],[-98.23981,19.04791],[-98.24037,19.04785],[-98.24037,19.04785],[-98.24037,19.04785],[-98.24021,19.04738],[-98.24008,19.04678],[-98.24,19.04635],[-98.24061,19.04563],[-98.24061,19.04448],[-98.24063,19.043],[-98.24063,19.043]],[[-98.23217,19.05369],[-98.23263,19.05283],[-98.23382,19.05342],[-98.23332,19.0543],[-98.23217,19.05369]]]}},{"type":"Feature","properties":{"cp":72190,"nombre":"CP 72190"},"geometry":{"type":"Polygon","coordinates":[[[-98.23846,19.03443],[-98.23745,19.03606],[-98.23703,19.03671],[-98.23538,19.03651],[-98.23437,19.03639],[-98.23444,19.0366],[-98.23389,19.03633],[-98.2333,19.03603],[-98.23283,19.03579],[-98.23272,19.03561],[-98.23268,19.03543],[-98.23268,19.03511],[-98.23274,19.03475],[-98.23219,19.0349],[-98.23169,19.03489],[-98.23146,19.03478],[-98.23121,19.03457],[-98.23061,19.03526],[-98.2299,19.03606],[-98.2297,19.03631],[-98.22985,19.03656],[-98.23006,19.03693],[-98.2302,19.03714],[-98.23046,19.03729],[-98.23092,19.03744],[-98.23146,19.03759],[-98.23192,19.0377],[-98.23192,19.0377],[-98.23192,19.0377],[-98.23228,19.03782],[-98.23262,19.03795],[-98.23295,19.03812],[-98.23323,19.03832],[-98.23349,19.03853],[-98.23378,19.03878],[-98.23388,19.03893],[-98.23389,19.0393],[-98.23389,19.03997],[-98.23393,19.04033],[-98.23401,19.0406],[-98.23413,19.04074],[-98.23435,19.04075],[-98.23461,19.04073],[-98.23471,19.04072],[-98.23503,19.04066],[-98.23528,19.04062],[-98.23562,19.04047],[-98.23598,19.04038],[-98.23621,19.0403],[-98.2363,19.04031],[-98.23639,19.04043],[-98.23681,19.0409],[-98.23706,19.04132],[-98.23728,19.04176],[-98.23767,19.04204],[-98.23782,19.04183],[-98.24063,19.043],[-98.24315,19.04404],[-98.2454,19.04486],[-98.24578,19.045],[-98.24651,19.04358],[-98.24699,19.04262],[-98.24743,19.04281],[-98.24769,19.04231],[-98.24791,19.04239],[-98.24806,19.04191],[-98.24823,19.04151],[-98.2486,19.04083],[-98.2491,19.03993],[-98.24878,19.03976],[-98.24804,19.03945],[-98.24616,19.03869],[-98.24576,19.03852],[-98.24569,19.03849],[-98.24559,19.03839],[-98.24553,19.03831],[-98.24549,19.03821],[-98.24549,19.03817],[-98.24549,19.03806],[-98.24549,19.03779],[-98.24549,19.03779],[-98.24404,19.03762],[-98.24202,19.03738],[-98.24179,19.03734],[-98.2406,19.03718],[-98.23954,19.03706],[-98.23929,19.03701],[-98.23969,19.0364],[-98.24024,19.03554],[-98.23846,19.03443]]]}},{"type":"Feature","properties":{"cp":72193,"nombre":"CP 72193"},"geometry":{"type":"Polygon","coordinates":[[[-98.22513,19.03079],[-98.22513,19.03079],[-98.22513,19.03091],[-98.22517,19.03104],[-98.22517,19.03104],[-98.22525,19.03131],[-98.22525,19.03131],[-98.22531,19.03178],[-98.22538,19.03214],[-98.22545,19.03247],[-98.22558,19.03268],[-98.22575,19.03293],[-98.22595,19.03314],[-98.22609,19.03337],[-98.22618,19.03355],[-98.22618,19.03355],[-98.22619,19.0338],[-98.22619,19.0338],[-98.22611,19.0342],[-98.22615,19.03441],[-98.22615,19.03441],[-98.22621,19.03492],[-98.22621,19.03492],[-98.22617,19.03516],[-98.22621,19.03562],[-98.22626,19.03575],[-98.22633,19.0359],[-98.2265,19.03596],[-98.22671,19.03605],[-98.22689,19.03609],[-98.22709,19.03605],[-98.22737,19.03591],[-98.22772,19.03579],[-98.22811,19.03569],[-98.22842,19.03566],[-98.22876,19.03573],[-98.22909,19.03585],[-98.22935,19.03599],[-98.22955,19.03617],[-98.2297,19.03631],[-98.2297,19.03631],[-98.2299,19.03606],[-98.23061,19.03526],[-98.23121,19.03457],[-98.23146,19.03478],[-98.23169,19.03489],[-98.23219,19.0349],[-98.23274,19.03475],[-98.23268,19.03511],[-98.23268,19.03543],[-98.23272,19.03561],[-98.23283,19.03579],[-98.2333,19.03603],[-98.23389,19.03633],[-98.23444,19.0366],[-98.23437,19.03639],[-98.23538,19.03651],[-98.23703,19.03671],[-98.23745,19.03606],[-98.23846,19.03443],[-98.23828,19.03429],[-98.23848,19.03399],[-98.23951,19.03354],[-98.24102,19.03294],[-98.24102,19.03294],[-98.24073,19.0327],[-98.24039,19.0324],[-98.24027,19.0323],[-98.24026,19.03229],[-98.24012,19.03223],[-98.23999,19.03211],[-98.23927,19.03153],[-98.23923,19.03151],[-98.23917,19.03147],[-98.23908,19.03143],[-98.23895,19.03138],[-98.23889,19.03136],[-98.23879,19.03134],[-98.23871,19.03133],[-98.23863,19.03131],[-98.23853,19.0313],[-98.23849,19.0313],[-98.23842,19.0313],[-98.23812,19.03133],[-98.238,19.03135],[-98.23793,19.03139],[-98.23785,19.03124],[-98.23747,19.03127],[-98.23724,19.03128],[-98.23715,19.03128],[-98.23706,19.03126],[-98.23691,19.03123],[-98.2368,19.03119],[-98.23673,19.03116],[-98.2362,19.0309],[-98.23611,19.03085],[-98.23608,19.03083],[-98.23593,19.03075],[-98.2347,19.03005],[-98.23252,19.02882],[-98.23252,19.02882],[-98.23224,19.02866],[-98.23184,19.02844],[-98.23149,19.02826],[-98.23105,19.02808],[-98.22983,19.02769],[-98.22952,19.02762],[-98.22936,19.02761],[-98.22929,19.02774],[-98.22923,19.02791],[-98.22914,19.02801],[-98.22898,19.02814],[-98.22888,19.02821],[-98.22875,19.02832],[-98.22809,19.02883],[-98.22775,19.0291],[-98.22747,19.02935],[-98.22732,19.02956],[-98.22726,19.02965],[-98.22698,19.02993],[-98.22682,19.03007],[-98.22653,19.03032],[-98.22636,19.03049],[-98.22627,19.03058],[-98.22618,19.03073],[-98.22605,19.03102],[-98.22579,19.03103],[-98.22553,19.03097],[-98.22538,19.03088],[-98.22534,19.03084],[-98.22513,19.03079]]]}},{"type":"Feature","properties":{"cp":72735,"nombre":"CP 72735"},"geometry":{"type":"Polygon","coordinates":[[[-98.26983,19.04997],[-98.2702,19.05004],[-98.27111,19.04712],[-98.2707,19.04703],[-98.27027,19.04691],[-98.26982,19.04681],[-98.26867,19.04651],[-98.26867,19.04651],[-98.26854,19.04657],[-98.26825,19.04676],[-98.26775,19.04708],[-98.26747,19.04726],[-98.26696,19.0476],[-98.26686,19.04768],[-98.26622,19.04811],[-98.26577,19.04841],[-98.2649,19.04899],[-98.2649,19.04899],[-98.265,19.04902],[-98.26448,19.0494],[-98.26319,19.05029],[-98.2622,19.05098],[-98.26158,19.05142],[-98.25957,19.05283],[-98.256,19.05522],[-98.25589,19.0553],[-98.25589,19.0553],[-98.25802,19.05979],[-98.25826,19.06028],[-98.25922,19.0623],[-98.25968,19.06329],[-98.25994,19.06382],[-98.26041,19.06483],[-98.26072,19.0655],[-98.26096,19.06619],[-98.26096,19.06619],[-98.26172,19.06598],[-98.26223,19.06584],[-98.26398,19.06551],[-98.26531,19.06527],[-98.26531,19.06527],[-98.26531,19.06527],[-98.26531,19.06527],[-98.26538,19.06499],[-98.26538,19.06495],[-98.26541,19.06476],[-98.26543,19.06461],[-98.2655,19.06436],[-98.26551,19.06433],[-98.26581,19.06336],[-98.26586,19.06313],[-98.26589,19.06302],[-98.26591,19.06295],[-98.26592,19.06289],[-98.26593,19.06284],[-98.26594,19.06283],[-98.26594,19.06282],[-98.26598,19.06271],[-98.26605,19.0625],[-98.26616,19.06204],[-98.26624,19.06173],[-98.26628,19.06162],[-98.2663,19.06154],[-98.26636,19.06132],[-98.26638,19.06119],[-98.26641,19.06102],[-98.26642,19.06098],[-98.2668,19.05968],[-98.26694,19.05915],[-98.2671,19.05862],[-98.26718,19.05847],[-98.26729,19.05819],[-98.26738,19.05792],[-98.26791,19.05616],[-98.26809,19.05558],[-98.26835,19.0547],[-98.2688,19.05327],[-98.26898,19.0526],[-98.2693,19.05166],[-98.26954,19.05076],[-98.26978,19.04996],[-98.26983,19.04997]]]}},{"type":"Feature","properties":{"cp":72160,"nombre":"CP 72160"},"geometry":{"type":"Polygon","coordinates":[[[-98.24037,19.04785],[-98.24037,19.04785],[-98.24037,19.04785],[-98.23981,19.04791],[-98.2398,19.04791],[-98.23959,19.04783],[-98.23811,19.04793],[-98.2368,19.04799],[-98.23686,19.0484],[-98.23645,19.04814],[-98.23606,19.04789],[-98.236,19.04803],[-98.23511,19.04801],[-98.23476,19.048],[-98.23444,19.04802],[-98.23388,19.04807],[-98.23503,19.04863],[-98.23503,19.04863],[-98.23476,19.04911],[-98.23476,19.04911],[-98.23519,19.04933],[-98.23557,19.04957],[-98.23571,19.04968],[-98.23581,19.04982],[-98.23591,19.0499],[-98.23591,19.0499],[-98.23577,19.05007],[-98.23577,19.05007],[-98.23613,19.05027],[-98.23646,19.05046],[-98.2369,19.05072],[-98.2369,19.05072],[-98.23645,19.05152],[-98.23602,19.05234],[-98.23553,19.05321],[-98.23553,19.05321],[-98.23622,19.05358],[-98.23622,19.05402],[-98.23622,19.05402],[-98.23631,19.05406],[-98.23634,19.05419],[-98.23634,19.05419],[-98.23629,19.05426],[-98.23632,19.05437],[-98.23632,19.05437],[-98.23633,19.05456],[-98.23633,19.05456],[-98.23626,19.05466],[-98.23626,19.05466],[-98.23646,19.05476],[-98.23621,19.05522],[-98.23611,19.05549],[-98.23598,19.05569],[-98.2352,19.05658],[-98.23492,19.05643],[-98.2344,19.05634],[-98.23389,19.05614],[-98.2341,19.05571],[-98.2341,19.05571],[-98.2341,19.05571],[-98.23303,19.05491],[-98.23251,19.05455],[-98.23191,19.05414],[-98.23093,19.0533],[-98.23065,19.05305],[-98.23034,19.05279],[-98.22996,19.05258],[-98.22887,19.05233],[-98.22822,19.05197],[-98.22761,19.05164],[-98.22715,19.05138],[-98.22688,19.05124],[-98.22598,19.05161],[-98.22632,19.05099],[-98.22632,19.05099],[-98.22632,19.05099],[-98.22564,19.05083],[-98.22511,19.05072],[-98.22447,19.05057],[-98.22353,19.05014],[-98.22306,19.0499],[-98.22275,19.04974],[-98.22276,19.04953],[-98.22276,19.04953],[-98.22062,19.04958],[-98.22057,19.04964],[-98.21923,19.04898],[-98.21923,19.04898],[-98.21914,19.04894],[-98.21897,19.04886],[-98.21852,19.04966],[-98.21852,19.04966],[-98.21932,19.05008],[-98.21932,19.05008],[-98.21891,19.05081],[-98.21998,19.05135],[-98.21911,19.05285],[-98.2181,19.0547],[-98.21877,19.05514],[-98.22033,19.05624],[-98.2208,19.0566],[-98.22245,19.05785],[-98.22341,19.05858],[-98.22385,19.05891],[-98.22425,19.05914],[-98.22817,19.06092],[-98.23131,19.06278],[-98.23131,19.06278],[-98.23144,19.06285],[-98.23718,19.0662],[-98.2388,19.06716],[-98.23945,19.06759],[-98.2405,19.06852],[-98.24133,19.06952],[-98.24133,19.06952],[-98.24166,19.06924],[-98.24205,19.06891],[-98.24247,19.06841],[-98.2427,19.06816],[-98.24282,19.06786],[-98.24296,19.06758],[-98.24295,19.06731],[-98.24274,19.06705],[-98.24246,19.06685],[-98.24173,19.06637],[-98.24152,19.06605],[-98.24147,19.06567],[-98.24132,19.06466],[-98.24118,19.06437],[-98.24116,19.06415],[-98.24117,19.06367],[-98.24145,19.06335],[-98.24189,19.06304],[-98.24211,19.06237],[-98.24229,19.06153],[-98.24204,19.06124],[-98.24156,19.06094],[-98.2413,19.06057],[-98.24104,19.06032],[-98.241,19.06024],[-98.24095,19.06008],[-98.24098,19.05982],[-98.24117,19.05941],[-98.2413,19.05912],[-98.24142,19.05896],[-98.24154,19.05879],[-98.2416,19.05872],[-98.2417,19.05858],[-98.24176,19.05843],[-98.2418,19.05831],[-98.2418,19.05818],[-98.24177,19.05801],[-98.24168,19.05776],[-98.2416,19.05754],[-98.24153,19.05727],[-98.24145,19.05707],[-98.24135,19.05693],[-98.24131,19.0569],[-98.24121,19.05685],[-98.2411,19.0568],[-98.24096,19.0568],[-98.24083,19.0568],[-98.24071,19.05685],[-98.24056,19.0569],[-98.24043,19.05693],[-98.24026,19.05697],[-98.24013,19.05696],[-98.24002,19.05696],[-98.23992,19.05693],[-98.23982,19.05688],[-98.23976,19.05682],[-98.23972,19.05674],[-98.2397,19.05661],[-98.23973,19.05646],[-98.23976,19.05633],[-98.23978,19.0562],[-98.23985,19.05603],[-98.23994,19.05589],[-98.24007,19.0557],[-98.24015,19.05562],[-98.24022,19.05555],[-98.2403,19.05538],[-98.24038,19.05519],[-98.24039,19.055],[-98.24037,19.0548],[-98.24041,19.05461],[-98.24052,19.05406],[-98.24064,19.05366],[-98.24071,19.05348],[-98.2408,19.05339],[-98.2409,19.05328],[-98.24102,19.0532],[-98.24118,19.05309],[-98.24134,19.05298],[-98.24148,19.05288],[-98.24162,19.05281],[-98.24174,19.05271],[-98.24183,19.05254],[-98.24182,19.0524],[-98.24176,19.05228],[-98.24165,19.0522],[-98.24146,19.05204],[-98.24131,19.05197],[-98.24116,19.05187],[-98.24099,19.05179],[-98.24084,19.05168],[-98.24068,19.05161],[-98.24054,19.0515],[-98.24041,19.05143],[-98.24028,19.05132],[-98.24013,19.0512],[-98.24006,19.05106],[-98.24006,19.05094],[-98.2401,19.05078],[-98.24021,19.05055],[-98.24038,19.0503],[-98.24052,19.05011],[-98.24062,19.04997],[-98.24066,19.04981],[-98.24067,19.04965],[-98.24068,19.04944],[-98.24069,19.04927],[-98.24067,19.04903],[-98.24064,19.04872],[-98.24054,19.04842],[-98.24044,19.04808],[-98.24037,19.04785]]]}},{"type":"Feature","properties":{"cp":72154,"nombre":"CP 72154"},"geometry":{"type":"MultiPolygon","coordinates":[[[[-98.25104,19.04716],[-98.25104,19.04716],[-98.25104,19.04716],[-98.25104,19.04716]]],[[[-98.26137,19.04488],[-98.26137,19.04488],[-98.26106,19.04545],[-98.26035,19.04669],[-98.25959,19.04794],[-98.25968,19.04796],[-98.25937,19.04854],[-98.25814,19.05082],[-98.25807,19.05103],[-98.25789,19.05152],[-98.25779,19.05179],[-98.25744,19.05159],[-98.25654,19.05107],[-98.25591,19.05071],[-98.25554,19.0505],[-98.25426,19.04977],[-98.25319,19.04915],[-98.25206,19.04848],[-98.25176,19.04812],[-98.25104,19.04716],[-98.25097,19.04754],[-98.25097,19.04795],[-98.25101,19.04833],[-98.25119,19.04885],[-98.25142,19.04923],[-98.25195,19.05],[-98.25227,19.05053],[-98.25241,19.05106],[-98.25263,19.05169],[-98.25287,19.05206],[-98.25326,19.05262],[-98.25164,19.05294],[-98.25022,19.05377],[-98.25005,19.05361],[-98.24968,19.05444],[-98.25088,19.05973],[-98.25165,19.05974],[-98.25206,19.0591],[-98.25231,19.05858],[-98.25236,19.05783],[-98.25255,19.0576],[-98.25274,19.05747],[-98.25386,19.05669],[-98.25545,19.05558],[-98.25589,19.0553],[-98.256,19.05522],[-98.25957,19.05283],[-98.26158,19.05142],[-98.2622,19.05098],[-98.26319,19.05029],[-98.26448,19.0494],[-98.265,19.04902],[-98.2649,19.04899],[-98.2649,19.04899],[-98.26577,19.04841],[-98.26622,19.04811],[-98.26686,19.04768],[-98.26696,19.0476],[-98.26747,19.04726],[-98.26775,19.04708],[-98.26825,19.04676],[-98.26854,19.04657],[-98.26867,19.04651],[-98.26803,19.04639],[-98.26751,19.04626],[-98.26693,19.0461],[-98.26627,19.04588],[-98.26619,19.04582],[-98.26607,19.04576],[-98.26587,19.04553],[-98.26556,19.04543],[-98.26531,19.0454],[-98.26528,19.04528],[-98.26504,19.04531],[-98.26473,19.04534],[-98.26458,19.0454],[-98.26446,19.04545],[-98.26444,19.04545],[-98.26437,19.04546],[-98.26433,19.04545],[-98.26433,19.04545],[-98.26433,19.04541],[-98.26389,19.04529],[-98.26348,19.04518],[-98.26348,19.04518],[-98.26346,19.04517],[-98.26329,19.0451],[-98.2632,19.0451],[-98.26307,19.04507],[-98.26298,19.04509],[-98.26294,19.04507],[-98.26289,19.0451],[-98.26288,19.04512],[-98.26283,19.04516],[-98.26279,19.04521],[-98.26235,19.04519],[-98.26226,19.0452],[-98.26198,19.04502],[-98.26197,19.04501],[-98.26195,19.04501],[-98.26193,19.04501],[-98.26192,19.04501],[-98.26178,19.04498],[-98.26167,19.04495],[-98.26152,19.04492],[-98.26137,19.04488]]]]}},{"type":"Feature","properties":{"cp":72124,"nombre":"CP 72124"},"geometry":{"type":"Polygon","coordinates":[[[-98.24293,19.07083],[-98.24265,19.0708],[-98.24244,19.07071],[-98.24227,19.07062],[-98.24206,19.07042],[-98.24261,19.06919],[-98.24205,19.06891],[-98.24166,19.06924],[-98.24133,19.06952],[-98.24095,19.06988],[-98.24046,19.07041],[-98.23974,19.07145],[-98.23962,19.07182],[-98.23962,19.07182],[-98.23949,19.07267],[-98.23949,19.07267],[-98.23957,19.07314],[-98.23957,19.07314],[-98.23952,19.07368],[-98.23952,19.07368],[-98.23976,19.07368],[-98.24042,19.07367],[-98.24116,19.07366],[-98.24196,19.07367],[-98.24272,19.07367],[-98.24274,19.07345],[-98.24278,19.07297],[-98.24281,19.07263],[-98.24289,19.07158],[-98.24293,19.07083]]]}},{"type":"Feature","properties":{"cp":72019,"nombre":"CP 72019"},"geometry":{"type":"Polygon","coordinates":[[[-98.19209,19.09749],[-98.19209,19.09749],[-98.19218,19.09726],[-98.19212,19.09709],[-98.19204,19.09688],[-98.19195,19.09685],[-98.19198,19.09671],[-98.19202,19.09666],[-98.19217,19.09655],[-98.19222,19.0964],[-98.19217,19.09626],[-98.19204,19.09623],[-98.19206,19.09615],[-98.19218,19.09602],[-98.19227,19.09578],[-98.19227,19.09553],[-98.19228,19.09517],[-98.19239,19.09497],[-98.19256,19.09487],[-98.19274,19.09487],[-98.19288,19.09473],[-98.19296,19.09448],[-98.19292,19.09432],[-98.1929,19.09405],[-98.19299,19.09394],[-98.19295,19.09356],[-98.19284,19.09298],[-98.19281,19.09262],[-98.19288,19.09222],[-98.193,19.092],[-98.19306,19.09175],[-98.19308,19.09152],[-98.1933,19.09132],[-98.19345,19.09127],[-98.1937,19.09122],[-98.19392,19.09124],[-98.19425,19.09123],[-98.19441,19.09117],[-98.1945,19.09099],[-98.19461,19.09095],[-98.19475,19.09086],[-98.19481,19.09063],[-98.19489,19.09029],[-98.19427,19.09042],[-98.19382,19.09006],[-98.19272,19.08963],[-98.19154,19.08927],[-98.1917,19.08843],[-98.19196,19.08733],[-98.19218,19.08609],[-98.19241,19.08485],[-98.18819,19.08417],[-98.18658,19.08642],[-98.1861,19.08736],[-98.18555,19.08859],[-98.18433,19.09123],[-98.18415,19.09194],[-98.18409,19.09265],[-98.1841,19.09306],[-98.18415,19.09345],[-98.18419,19.09377],[-98.18656,19.09501],[-98.18675,19.09518],[-98.18675,19.09518],[-98.18501,19.09644],[-98.18366,19.09734],[-98.18366,19.09734],[-98.18341,19.09807],[-98.18428,19.09906],[-98.18485,19.09978],[-98.18485,19.09978],[-98.18485,19.09978],[-98.18523,19.09979],[-98.18627,19.09952],[-98.18659,19.0995],[-98.18687,19.09955],[-98.18699,19.09942],[-98.18707,19.09907],[-98.18727,19.09891],[-98.18759,19.09884],[-98.18785,19.09873],[-98.18804,19.09842],[-98.18825,19.0981],[-98.18858,19.09791],[-98.18887,19.0977],[-98.18922,19.09752],[-98.18958,19.09748],[-98.18986,19.09754],[-98.19019,19.09773],[-98.19051,19.09775],[-98.19082,19.09781],[-98.19113,19.09791],[-98.19141,19.09797],[-98.19164,19.09756],[-98.1918,19.09748],[-98.19209,19.09749],[-98.19209,19.09749]]]}},{"type":"Feature","properties":{"cp":72029,"nombre":"CP 72029"},"geometry":{"type":"Polygon","coordinates":[[[-98.22817,19.07956],[-98.22895,19.08598],[-98.2293,19.08913],[-98.22981,19.08909],[-98.23114,19.08619],[-98.2319,19.08462],[-98.23151,19.08464],[-98.23145,19.08421],[-98.23137,19.08326],[-98.23127,19.08235],[-98.23106,19.08217],[-98.23051,19.08166],[-98.22973,19.0809],[-98.22893,19.08019],[-98.22833,19.07965],[-98.22817,19.07956]]]}},{"type":"Feature","properties":{"cp":72130,"nombre":"CP 72130"},"geometry":{"type":"Polygon","coordinates":[[[-98.23952,19.07368],[-98.23952,19.07368],[-98.23957,19.07314],[-98.23957,19.07314],[-98.23949,19.07267],[-98.23949,19.07267],[-98.23962,19.07182],[-98.23962,19.07182],[-98.23974,19.07145],[-98.24046,19.07041],[-98.24095,19.06988],[-98.24133,19.06952],[-98.24133,19.06952],[-98.2405,19.06852],[-98.23945,19.06759],[-98.2388,19.06716],[-98.23718,19.0662],[-98.23144,19.06285],[-98.23131,19.06278],[-98.23131,19.06278],[-98.23075,19.06381],[-98.23011,19.06493],[-98.23011,19.06493],[-98.23083,19.0663],[-98.23083,19.0663],[-98.23094,19.06665],[-98.23094,19.06665],[-98.23106,19.06756],[-98.23106,19.06756],[-98.23111,19.06832],[-98.23094,19.0687],[-98.23094,19.0687],[-98.23104,19.0689],[-98.23157,19.06947],[-98.23179,19.06983],[-98.23204,19.07011],[-98.23234,19.07044],[-98.23234,19.07044],[-98.2324,19.07126],[-98.23274,19.07127],[-98.23274,19.07127],[-98.23259,19.07241],[-98.23259,19.07241],[-98.23266,19.07287],[-98.23266,19.07287],[-98.23279,19.07356],[-98.23217,19.07328],[-98.23109,19.07282],[-98.23061,19.07385],[-98.23045,19.0742],[-98.23032,19.07449],[-98.22825,19.07895],[-98.22825,19.07895],[-98.22833,19.07965],[-98.22833,19.07965],[-98.22893,19.08019],[-98.22973,19.0809],[-98.23051,19.08166],[-98.23106,19.08217],[-98.23127,19.08235],[-98.23207,19.08311],[-98.23246,19.08347],[-98.23307,19.08404],[-98.23485,19.08562],[-98.23506,19.08521],[-98.23537,19.08461],[-98.23558,19.08425],[-98.23575,19.08394],[-98.23591,19.0836],[-98.23636,19.0838],[-98.23675,19.08395],[-98.23681,19.08378],[-98.23772,19.08415],[-98.23768,19.08432],[-98.23768,19.08432],[-98.23738,19.08527],[-98.23677,19.08638],[-98.23677,19.08638],[-98.2366,19.08695],[-98.2366,19.08695],[-98.23724,19.0874],[-98.23789,19.0878],[-98.23804,19.08791],[-98.23809,19.08801],[-98.23815,19.08826],[-98.23815,19.08826],[-98.23821,19.08862],[-98.23821,19.08862],[-98.23821,19.08883],[-98.23816,19.08899],[-98.23792,19.08933],[-98.23773,19.08954],[-98.23773,19.08954],[-98.23856,19.08987],[-98.23877,19.09011],[-98.23894,19.09029],[-98.23918,19.09036],[-98.23918,19.09036],[-98.23908,19.09021],[-98.23898,19.08966],[-98.23922,19.08936],[-98.23945,19.08934],[-98.23945,19.08934],[-98.23945,19.0888],[-98.23952,19.08866],[-98.23959,19.08853],[-98.23969,19.08844],[-98.23976,19.08829],[-98.23983,19.08809],[-98.23983,19.08809],[-98.23985,19.08786],[-98.23985,19.08786],[-98.23978,19.08762],[-98.23978,19.08762],[-98.23923,19.08755],[-98.23917,19.08736],[-98.23917,19.08736],[-98.23895,19.0873],[-98.23861,19.08662],[-98.23864,19.08651],[-98.23864,19.08651],[-98.23858,19.08641],[-98.23832,19.08627],[-98.23845,19.08542],[-98.23857,19.08543],[-98.23905,19.08536],[-98.23957,19.08549],[-98.23957,19.08549],[-98.23952,19.08519],[-98.23952,19.08519],[-98.23948,19.0847],[-98.23948,19.0847],[-98.2395,19.0843],[-98.2395,19.0843],[-98.23955,19.08413],[-98.23955,19.08413],[-98.23959,19.08395],[-98.23959,19.08395],[-98.23978,19.08348],[-98.2399,19.08328],[-98.24007,19.08299],[-98.24019,19.08285],[-98.24077,19.08207],[-98.24085,19.08191],[-98.2409,19.08179],[-98.24088,19.0817],[-98.24082,19.08163],[-98.24072,19.08155],[-98.24061,19.08152],[-98.24051,19.08143],[-98.24032,19.08098],[-98.24,19.08026],[-98.23998,19.08011],[-98.24004,19.07998],[-98.24028,19.0798],[-98.24067,19.07964],[-98.24084,19.07956],[-98.24106,19.07942],[-98.24114,19.07925],[-98.24127,19.07907],[-98.24124,19.07891],[-98.24096,19.07862],[-98.24061,19.0782],[-98.24054,19.07758],[-98.2404,19.07622],[-98.24021,19.07553],[-98.23991,19.07524],[-98.23959,19.07495],[-98.23949,19.07472],[-98.23942,19.07447],[-98.23944,19.07415],[-98.23952,19.07368]],[[-98.23305,19.0805],[-98.23262,19.08124],[-98.2316,19.08067],[-98.23184,19.08006],[-98.23119,19.0798],[-98.23141,19.07911],[-98.23203,19.07937],[-98.23288,19.07689],[-98.2327,19.07682],[-98.23283,19.07651],[-98.23319,19.07663],[-98.23309,19.07621],[-98.2327,19.07556],[-98.23284,19.07525],[-98.23291,19.07483],[-98.23292,19.07406],[-98.23406,19.07607],[-98.23464,19.07681],[-98.23514,19.07745],[-98.2352,19.07752],[-98.23388,19.07944],[-98.23361,19.07932],[-98.23334,19.07995],[-98.23305,19.0805]]]}},{"type":"Feature","properties":{"cp":72114,"nombre":"CP 72114"},"geometry":{"type":"Polygon","coordinates":[[[-98.23485,19.08562],[-98.23555,19.08622],[-98.2366,19.08695],[-98.2366,19.08695],[-98.23677,19.08638],[-98.23677,19.08638],[-98.23738,19.08527],[-98.23768,19.08432],[-98.23768,19.08432],[-98.23772,19.08415],[-98.23681,19.08378],[-98.23675,19.08395],[-98.23636,19.0838],[-98.23591,19.0836],[-98.23575,19.08394],[-98.23558,19.08425],[-98.23537,19.08461],[-98.23506,19.08521],[-98.23485,19.08562]]]}},{"type":"Feature","properties":{"cp":72724,"nombre":"CP 72724"},"geometry":{"type":"Polygon","coordinates":[[[-98.2514,19.08176],[-98.2522,19.08212],[-98.25157,19.08241],[-98.25137,19.08257],[-98.25121,19.08274],[-98.25104,19.083],[-98.25111,19.08307],[-98.25133,19.08299],[-98.25148,19.08296],[-98.25159,19.08301],[-98.25169,19.08315],[-98.25178,19.08334],[-98.25188,19.08351],[-98.25188,19.08351],[-98.2531,19.08327],[-98.25316,19.08326],[-98.25368,19.08317],[-98.25474,19.08298],[-98.2549,19.08295],[-98.25497,19.08294],[-98.25521,19.0829],[-98.25533,19.08285],[-98.25602,19.08258],[-98.25606,19.08256],[-98.25617,19.08253],[-98.25621,19.08251],[-98.25648,19.08239],[-98.25688,19.08221],[-98.25727,19.08202],[-98.25734,19.08197],[-98.25743,19.08191],[-98.25782,19.08166],[-98.25802,19.08152],[-98.25804,19.08151],[-98.25816,19.08141],[-98.25848,19.08117],[-98.25856,19.08111],[-98.25867,19.08103],[-98.25864,19.08099],[-98.25864,19.08099],[-98.25864,19.08099],[-98.25868,19.08096],[-98.25875,19.0809],[-98.25911,19.08061],[-98.25928,19.08046],[-98.25968,19.08008],[-98.25972,19.08005],[-98.25978,19.08],[-98.26084,19.07915],[-98.26143,19.07868],[-98.26195,19.07827],[-98.26206,19.07817],[-98.26006,19.07713],[-98.25815,19.07628],[-98.25693,19.07573],[-98.25653,19.07556],[-98.25584,19.07686],[-98.25538,19.07665],[-98.25495,19.07646],[-98.25468,19.07635],[-98.2545,19.07626],[-98.25391,19.07741],[-98.25357,19.07725],[-98.25312,19.07704],[-98.25261,19.07818],[-98.25209,19.07792],[-98.2515,19.07907],[-98.25261,19.07961],[-98.25198,19.08069],[-98.2514,19.08176]]]}},{"type":"Feature","properties":{"cp":72757,"nombre":"CP 72757"},"geometry":{"type":"Polygon","coordinates":[[[-98.27967,19.07646],[-98.27967,19.07646],[-98.26819,19.07758],[-98.26822,19.08158],[-98.26838,19.08166],[-98.26852,19.08178],[-98.26875,19.08196],[-98.2697,19.08213],[-98.27127,19.08245],[-98.27131,19.08246],[-98.27142,19.08248],[-98.27235,19.08265],[-98.27296,19.08275],[-98.27332,19.08281],[-98.27421,19.08296],[-98.27577,19.08322],[-98.27607,19.0833],[-98.27626,19.08335],[-98.27768,19.08372],[-98.27954,19.08436],[-98.27956,19.08437],[-98.2796,19.08438],[-98.27981,19.08445],[-98.27989,19.08448],[-98.2801,19.08408],[-98.2804,19.08427],[-98.28019,19.08458],[-98.28086,19.08479],[-98.28096,19.08483],[-98.28138,19.08446],[-98.28182,19.08403],[-98.28182,19.08284],[-98.28183,19.08246],[-98.28183,19.08215],[-98.2821,19.08163],[-98.28072,19.07891],[-98.28049,19.07842],[-98.27967,19.07685],[-98.27967,19.07646],[-98.27967,19.07646]]]}},{"type":"Feature","properties":{"cp":72997,"nombre":"CP 72997"},"geometry":{"type":"Polygon","coordinates":[[[-98.10548,19.02287],[-98.10427,19.02286],[-98.10297,19.02329],[-98.102,19.02393],[-98.10093,19.02448],[-98.09992,19.02457],[-98.09774,19.0248],[-98.09619,19.0248],[-98.09386,19.0242],[-98.09183,19.02326],[-98.09183,19.02398],[-98.09176,19.02481],[-98.09159,19.02548],[-98.09122,19.02633],[-98.09101,19.02735],[-98.09079,19.02832],[-98.09088,19.02922],[-98.0912,19.03023],[-98.09176,19.03079],[-98.09245,19.03146],[-98.09273,19.03189],[-98.09277,19.03219],[-98.09264,19.03256],[-98.09245,19.03305],[-98.09252,19.03357],[-98.09271,19.03403],[-98.09288,19.03454],[-98.0932,19.03489],[-98.09355,19.03515],[-98.0941,19.03544],[-98.09465,19.03573],[-98.09486,19.03621],[-98.09514,19.03685],[-98.09542,19.03738],[-98.0953,19.03779],[-98.09528,19.0383],[-98.09572,19.0382],[-98.09592,19.03813],[-98.09612,19.03817],[-98.09627,19.03821],[-98.09639,19.03829],[-98.09641,19.03842],[-98.09638,19.03861],[-98.09618,19.03877],[-98.09603,19.03889],[-98.09597,19.039],[-98.09601,19.03911],[-98.09608,19.03927],[-98.09608,19.03938],[-98.09608,19.03961],[-98.09613,19.03979],[-98.09623,19.03985],[-98.09639,19.03988],[-98.09654,19.03981],[-98.09672,19.03965],[-98.09696,19.03954],[-98.09716,19.03951],[-98.09758,19.03937],[-98.09789,19.03926],[-98.09801,19.03914],[-98.09811,19.03893],[-98.09831,19.03845],[-98.09838,19.03828],[-98.09858,19.03813],[-98.09878,19.03804],[-98.09897,19.03801],[-98.09916,19.03808],[-98.09942,19.03822],[-98.09965,19.03841],[-98.09981,19.03857],[-98.09995,19.03869],[-98.10016,19.0387],[-98.10034,19.03865],[-98.10041,19.03852],[-98.10044,19.03834],[-98.10038,19.03815],[-98.10042,19.03794],[-98.1006,19.03759],[-98.10078,19.03745],[-98.10101,19.03749],[-98.10125,19.03772],[-98.10147,19.03786],[-98.10172,19.03787],[-98.10198,19.03763],[-98.10231,19.03712],[-98.10255,19.03689],[-98.10247,19.03673],[-98.10239,19.03661],[-98.10239,19.03642],[-98.10248,19.03629],[-98.10263,19.0362],[-98.10268,19.03611],[-98.10269,19.03601],[-98.10253,19.03592],[-98.10243,19.03574],[-98.10222,19.03558],[-98.10216,19.03546],[-98.10215,19.03508],[-98.10219,19.0348],[-98.10209,19.03438],[-98.10196,19.03431],[-98.10182,19.0343],[-98.10179,19.0341],[-98.10198,19.03381],[-98.10203,19.03362],[-98.10203,19.03343],[-98.10194,19.03314],[-98.10183,19.03273],[-98.10182,19.03237],[-98.10191,19.03198],[-98.10208,19.03176],[-98.10248,19.03165],[-98.1029,19.03165],[-98.10331,19.03194],[-98.10365,19.032],[-98.10404,19.03207],[-98.10432,19.03167],[-98.10446,19.03162],[-98.10462,19.03152],[-98.10481,19.03153],[-98.10495,19.03164],[-98.10518,19.03133],[-98.10519,19.03105],[-98.10502,19.02972],[-98.10523,19.02859],[-98.1056,19.02664],[-98.10552,19.02557],[-98.10527,19.02442],[-98.10529,19.02352],[-98.10548,19.02287]]]}},{"type":"Feature","properties":{"cp":72988,"nombre":"CP 72988"},"geometry":{"type":"Polygon","coordinates":[[[-98.06803,18.99567],[-98.06772,18.9968],[-98.06714,18.99808],[-98.06656,18.99945],[-98.06627,19.00042],[-98.06627,19.00156],[-98.06627,19.00248],[-98.06617,19.00339],[-98.06598,19.00431],[-98.06496,19.00623],[-98.06515,19.00774],[-98.06564,19.00998],[-98.06588,19.01122],[-98.06578,19.01323],[-98.06588,19.01451],[-98.06564,19.01616],[-98.06583,19.01763],[-98.06598,19.01836],[-98.06617,19.01923],[-98.06617,19.02024],[-98.06602,19.02106],[-98.06559,19.0223],[-98.06544,19.02289],[-98.06569,19.02431],[-98.06559,19.02518],[-98.06535,19.02646],[-98.06486,19.0277],[-98.06414,19.02884],[-98.06336,19.02982],[-98.06409,19.0304],[-98.06496,19.0304],[-98.06617,19.03012],[-98.06719,19.02925],[-98.06815,19.02852],[-98.06888,19.02829],[-98.07004,19.02829],[-98.07082,19.02829],[-98.07171,19.02814],[-98.07171,19.02814],[-98.07188,19.02761],[-98.07225,19.0269],[-98.07244,19.02628],[-98.07261,19.02562],[-98.07307,19.02528],[-98.07375,19.02541],[-98.07443,19.02555],[-98.07536,19.02597],[-98.07597,19.02609],[-98.07755,19.02654],[-98.07939,19.02722],[-98.0807,19.02736],[-98.08162,19.02713],[-98.08307,19.02731],[-98.0835,19.02718],[-98.08481,19.02667],[-98.08597,19.02585],[-98.08728,19.02443],[-98.08868,19.02338],[-98.09019,19.02292],[-98.0914,19.02306],[-98.09183,19.02326],[-98.09386,19.0242],[-98.09619,19.0248],[-98.09774,19.0248],[-98.09992,19.02457],[-98.10093,19.02448],[-98.102,19.02393],[-98.10297,19.02329],[-98.10427,19.02286],[-98.10548,19.02287],[-98.10539,19.02216],[-98.10519,19.0215],[-98.10497,19.02076],[-98.10471,19.01982],[-98.10449,19.01905],[-98.10422,19.01815],[-98.10369,19.01717],[-98.10343,19.01687],[-98.1027,19.01669],[-98.10173,19.01662],[-98.10093,19.01648],[-98.10025,19.01623],[-98.09953,19.01593],[-98.09887,19.01525],[-98.09867,19.01465],[-98.09834,19.0143],[-98.09809,19.01401],[-98.09781,19.01348],[-98.09762,19.01281],[-98.09748,19.01229],[-98.09725,19.01186],[-98.09684,19.01122],[-98.09671,19.0108],[-98.09655,19.01017],[-98.09634,19.00969],[-98.09607,19.00922],[-98.09588,19.00877],[-98.09559,19.00852],[-98.0957,19.00811],[-98.09565,19.00784],[-98.09559,19.00739],[-98.09542,19.00698],[-98.09541,19.00664],[-98.09545,19.00639],[-98.09561,19.00621],[-98.09598,19.00611],[-98.09628,19.00592],[-98.09644,19.00567],[-98.09644,19.00539],[-98.09642,19.00508],[-98.09664,19.0048],[-98.09696,19.00467],[-98.0972,19.00448],[-98.09723,19.00416],[-98.09717,19.00393],[-98.09699,19.00354],[-98.09679,19.00317],[-98.09678,19.00267],[-98.09687,19.00246],[-98.09712,19.00221],[-98.09743,19.00197],[-98.09756,19.00178],[-98.09746,19.00154],[-98.09735,19.00108],[-98.09751,19.00068],[-98.09779,19.00052],[-98.09818,19.00051],[-98.09847,19.00036],[-98.09875,18.99991],[-98.0989,18.9995],[-98.09873,18.99915],[-98.09843,18.99874],[-98.09827,18.99848],[-98.09785,18.99737],[-98.09759,18.9967],[-98.09751,18.9959],[-98.09757,18.99554],[-98.09781,18.99535],[-98.09821,18.99506],[-98.09837,18.99472],[-98.0982,18.99453],[-98.09783,18.99457],[-98.09763,18.99467],[-98.09708,18.99468],[-98.09645,18.99449],[-98.09601,18.99428],[-98.09542,18.994],[-98.09505,18.99371],[-98.09496,18.99346],[-98.09488,18.99306],[-98.09512,18.99267],[-98.09536,18.99249],[-98.09502,18.99233],[-98.09437,18.99226],[-98.09377,18.99216],[-98.09329,18.99213],[-98.09298,18.99212],[-98.09258,18.99212],[-98.09216,18.99225],[-98.09178,18.9923],[-98.09149,18.99222],[-98.09135,18.99208],[-98.09097,18.99196],[-98.0904,18.99195],[-98.08996,18.99189],[-98.08919,18.9922],[-98.08885,18.9928],[-98.08877,18.99287],[-98.08877,18.99287],[-98.08833,18.99327],[-98.08778,18.99366],[-98.08774,18.99373],[-98.08766,18.99386],[-98.08742,18.99406],[-98.08735,18.99422],[-98.08733,18.99427],[-98.08732,18.99456],[-98.08746,18.99477],[-98.08747,18.99479],[-98.08753,18.99488],[-98.08753,18.99522],[-98.08746,18.99566],[-98.0873,18.99585],[-98.08717,18.99598],[-98.08694,18.99615],[-98.08676,18.99629],[-98.08666,18.99636],[-98.08646,18.99651],[-98.0862,18.99662],[-98.08618,18.99663],[-98.08578,18.99679],[-98.08533,18.99681],[-98.08523,18.99682],[-98.08506,18.99685],[-98.08491,18.99688],[-98.08481,18.9969],[-98.08446,18.99717],[-98.08358,18.99784],[-98.08358,18.99784],[-98.08358,18.99784],[-98.08311,18.99808],[-98.08276,18.99843],[-98.0824,18.99847],[-98.08222,18.99849],[-98.08167,18.99872],[-98.08148,18.99888],[-98.08148,18.99888],[-98.08148,18.99888],[-98.08114,18.99899],[-98.08064,18.99913],[-98.0806,18.99914],[-98.08055,18.99915],[-98.08006,18.9992],[-98.07958,18.99952],[-98.07915,18.99981],[-98.07915,18.99981],[-98.07915,18.99981],[-98.07913,18.99982],[-98.07873,18.99985],[-98.07745,18.9996],[-98.07393,18.99869],[-98.07137,18.99803],[-98.0704,18.99749],[-98.06995,18.99724],[-98.06968,18.99714],[-98.06923,18.99696],[-98.06897,18.9968],[-98.0688,18.99658],[-98.06873,18.99622],[-98.06871,18.99612],[-98.06871,18.99612],[-98.06868,18.99596],[-98.0682,18.99569],[-98.06803,18.99567]]]}},{"type":"Feature","properties":{"cp":72989,"nombre":"CP 72989"},"geometry":{"type":"Polygon","coordinates":[[[-98.12918,19.00621],[-98.12899,19.00609],[-98.12904,19.00578],[-98.12912,19.00538],[-98.12918,19.00505],[-98.12919,19.00478],[-98.12943,19.00466],[-98.12951,19.00461],[-98.12957,19.00457],[-98.12983,19.00432],[-98.12968,19.00401],[-98.12981,19.0039],[-98.12983,19.00388],[-98.13039,19.00355],[-98.13069,19.00318],[-98.13071,19.00316],[-98.13098,19.00289],[-98.13098,19.00289],[-98.13098,19.00289],[-98.1308,19.00213],[-98.13079,19.00168],[-98.13079,19.00133],[-98.13123,19.00072],[-98.13129,19.00045],[-98.13126,19.00035],[-98.13106,18.99977],[-98.13129,18.99913],[-98.13134,18.99891],[-98.13129,18.9985],[-98.13126,18.9982],[-98.13132,18.99766],[-98.13132,18.99749],[-98.13132,18.99737],[-98.13191,18.99761],[-98.13193,18.9976],[-98.13202,18.99756],[-98.13223,18.99737],[-98.13231,18.9973],[-98.1325,18.99738],[-98.13279,18.99762],[-98.13297,18.99758],[-98.13301,18.99753],[-98.13302,18.99753],[-98.13302,18.99753],[-98.13283,18.99697],[-98.13291,18.9968],[-98.13293,18.99675],[-98.13361,18.99677],[-98.13386,18.9965],[-98.13395,18.99622],[-98.13408,18.9958],[-98.13438,18.99574],[-98.1344,18.99573],[-98.1344,18.99573],[-98.13453,18.99565],[-98.13458,18.9956],[-98.13485,18.99534],[-98.13491,18.99531],[-98.13501,18.99526],[-98.13556,18.99557],[-98.13563,18.99555],[-98.13563,18.99555],[-98.13602,18.99503],[-98.1368,18.99476],[-98.13709,18.99442],[-98.1371,18.99441],[-98.1371,18.99441],[-98.13668,18.99371],[-98.13656,18.99369],[-98.13619,18.99371],[-98.13591,18.99374],[-98.13587,18.99374],[-98.1358,18.99375],[-98.13551,18.99376],[-98.13519,18.99374],[-98.13519,18.99374],[-98.13498,18.99364],[-98.13482,18.99355],[-98.13479,18.99353],[-98.13443,18.99332],[-98.13407,18.99307],[-98.13403,18.99305],[-98.13374,18.99284],[-98.13366,18.99277],[-98.13362,18.99274],[-98.1336,18.99274],[-98.13344,18.99273],[-98.13339,18.99273],[-98.13319,18.99272],[-98.13287,18.99272],[-98.13286,18.99272],[-98.13274,18.99269],[-98.13268,18.99266],[-98.13265,18.99264],[-98.13247,18.9926],[-98.13245,18.9926],[-98.13225,18.99263],[-98.13211,18.9927],[-98.13204,18.99279],[-98.13204,18.99279],[-98.13196,18.99287],[-98.13194,18.99289],[-98.13192,18.99291],[-98.13184,18.99289],[-98.13178,18.99287],[-98.13178,18.99287],[-98.13168,18.99275],[-98.13164,18.99271],[-98.13142,18.99248],[-98.13114,18.99228],[-98.13112,18.99227],[-98.13107,18.99225],[-98.13088,18.99218],[-98.13065,18.99216],[-98.1305,18.99221],[-98.13041,18.99231],[-98.13037,18.99239],[-98.13031,18.9925],[-98.13027,18.99267],[-98.13032,18.99285],[-98.1304,18.99314],[-98.13051,18.9934],[-98.13058,18.99347],[-98.13062,18.99352],[-98.13067,18.99362],[-98.13068,18.99365],[-98.13068,18.99365],[-98.13066,18.99373],[-98.13053,18.99382],[-98.13037,18.99396],[-98.13021,18.99409],[-98.1299,18.99425],[-98.12982,18.99429],[-98.12963,18.99446],[-98.12937,18.9946],[-98.1292,18.99474],[-98.12907,18.99484],[-98.12892,18.99495],[-98.12879,18.99504],[-98.12879,18.99504],[-98.12878,18.99504],[-98.12861,18.99506],[-98.12842,18.99515],[-98.12812,18.99538],[-98.12787,18.99549],[-98.12764,18.99562],[-98.12755,18.99567],[-98.12751,18.99571],[-98.12743,18.99581],[-98.12728,18.99589],[-98.1272,18.99589],[-98.12709,18.99589],[-98.12693,18.99572],[-98.1269,18.99569],[-98.12686,18.99564],[-98.12668,18.99541],[-98.12668,18.9954],[-98.12659,18.99521],[-98.12654,18.99504],[-98.12649,18.99488],[-98.12625,18.99453],[-98.12614,18.9944],[-98.12603,18.99426],[-98.12599,18.99423],[-98.12586,18.99414],[-98.12558,18.99403],[-98.12512,18.99405],[-98.12496,18.99408],[-98.12471,18.99414],[-98.12442,18.99425],[-98.12421,18.9944],[-98.12405,18.99457],[-98.12402,18.99476],[-98.12402,18.99492],[-98.12402,18.99494],[-98.12405,18.995],[-98.12405,18.9951],[-98.12402,18.99515],[-98.124,18.99518],[-98.12396,18.99519],[-98.1239,18.9952],[-98.12375,18.99513],[-98.12375,18.99513],[-98.12365,18.99506],[-98.12343,18.99497],[-98.12342,18.99497],[-98.12327,18.99496],[-98.12322,18.99498],[-98.12315,18.995],[-98.12312,18.99503],[-98.12309,18.99506],[-98.12311,18.99514],[-98.12311,18.99515],[-98.12319,18.99524],[-98.12328,18.9953],[-98.12333,18.99535],[-98.12336,18.99538],[-98.1234,18.99545],[-98.12337,18.99554],[-98.12335,18.99562],[-98.12326,18.99572],[-98.12323,18.99576],[-98.12299,18.99605],[-98.12271,18.99627],[-98.12256,18.99647],[-98.1225,18.99665],[-98.12245,18.99686],[-98.12241,18.99693],[-98.12238,18.997],[-98.12229,18.99708],[-98.12225,18.99713],[-98.12209,18.9973],[-98.12209,18.9973],[-98.12187,18.99741],[-98.12184,18.99742],[-98.12184,18.99742],[-98.12158,18.99742],[-98.12141,18.99739],[-98.1212,18.99735],[-98.12102,18.99722],[-98.12087,18.99712],[-98.12082,18.99709],[-98.12072,18.99702],[-98.1207,18.997],[-98.12055,18.99693],[-98.12047,18.99693],[-98.12042,18.99693],[-98.12028,18.997],[-98.12019,18.9973],[-98.12011,18.99748],[-98.12005,18.99761],[-98.11996,18.99772],[-98.11991,18.99777],[-98.11988,18.99782],[-98.11984,18.99788],[-98.11972,18.99795],[-98.1196,18.99801],[-98.11948,18.99805],[-98.11948,18.99805],[-98.11946,18.99808],[-98.11942,18.99815],[-98.11939,18.99838],[-98.11937,18.99846],[-98.11919,18.99865],[-98.11871,18.99884],[-98.11867,18.99886],[-98.1186,18.99889],[-98.11835,18.999],[-98.11812,18.99906],[-98.11804,18.99908],[-98.11794,18.99909],[-98.11789,18.9991],[-98.11758,18.99906],[-98.11743,18.99901],[-98.11732,18.99898],[-98.11706,18.99885],[-98.11695,18.99878],[-98.11695,18.99878],[-98.11694,18.99854],[-98.11694,18.99845],[-98.11694,18.99836],[-98.11686,18.99812],[-98.1167,18.99799],[-98.11644,18.99796],[-98.11634,18.99795],[-98.1159,18.99789],[-98.11562,18.99786],[-98.11555,18.99785],[-98.11545,18.99779],[-98.11519,18.99762],[-98.11519,18.99762],[-98.11519,18.99762],[-98.11501,18.99744],[-98.11491,18.99731],[-98.11478,18.9972],[-98.11474,18.99719],[-98.1145,18.99711],[-98.11413,18.99704],[-98.1137,18.997],[-98.11334,18.99708],[-98.11327,18.99713],[-98.11303,18.99729],[-98.11273,18.99725],[-98.11253,18.99722],[-98.11234,18.99721],[-98.11218,18.9972],[-98.11211,18.99728],[-98.11199,18.99741],[-98.11184,18.99751],[-98.11179,18.99753],[-98.11151,18.99764],[-98.11096,18.99787],[-98.11076,18.99793],[-98.11073,18.99793],[-98.1104,18.99809],[-98.11031,18.9982],[-98.11024,18.9983],[-98.11018,18.9984],[-98.11012,18.9985],[-98.11,18.99872],[-98.10997,18.99877],[-98.1099,18.99889],[-98.1099,18.99889],[-98.10987,18.99888],[-98.10968,18.99884],[-98.10923,18.99847],[-98.10864,18.99819],[-98.10845,18.9981],[-98.10705,18.9975],[-98.10574,18.99685],[-98.10491,18.9965],[-98.10411,18.99617],[-98.10416,18.99605],[-98.10418,18.99601],[-98.10443,18.99579],[-98.10471,18.99558],[-98.10498,18.99533],[-98.10511,18.99518],[-98.10528,18.99472],[-98.10535,18.99442],[-98.10542,18.99413],[-98.10547,18.994],[-98.10551,18.99387],[-98.10548,18.99362],[-98.10544,18.99349],[-98.10535,18.99325],[-98.10529,18.99299],[-98.10525,18.99281],[-98.10525,18.99281],[-98.10513,18.99278],[-98.10486,18.9927],[-98.10478,18.99276],[-98.10459,18.99288],[-98.1044,18.99294],[-98.10428,18.99298],[-98.10413,18.99302],[-98.10413,18.99302],[-98.10405,18.99305],[-98.10382,18.99307],[-98.10361,18.99305],[-98.10333,18.99296],[-98.10303,18.99297],[-98.10263,18.99308],[-98.10209,18.99318],[-98.10188,18.99312],[-98.10177,18.99287],[-98.10151,18.99255],[-98.10118,18.99255],[-98.10095,18.99264],[-98.10081,18.99273],[-98.10046,18.99274],[-98.10012,18.99267],[-98.09962,18.99255],[-98.09949,18.99248],[-98.09903,18.99248],[-98.09851,18.99247],[-98.0982,18.9923],[-98.09791,18.99212],[-98.09775,18.9919],[-98.09765,18.99176],[-98.09737,18.99159],[-98.09705,18.99156],[-98.09696,18.99166],[-98.09695,18.99203],[-98.09695,18.99203],[-98.09697,18.99229],[-98.09697,18.99229],[-98.0969,18.99251],[-98.09684,18.99268],[-98.09666,18.99282],[-98.09636,18.99284],[-98.09592,18.99275],[-98.09536,18.99249],[-98.09512,18.99267],[-98.09488,18.99306],[-98.09496,18.99346],[-98.09505,18.99371],[-98.09542,18.994],[-98.09601,18.99428],[-98.09645,18.99449],[-98.09708,18.99468],[-98.09763,18.99467],[-98.09783,18.99457],[-98.0982,18.99453],[-98.09837,18.99472],[-98.09821,18.99506],[-98.09781,18.99535],[-98.09757,18.99554],[-98.09751,18.9959],[-98.09759,18.9967],[-98.09785,18.99737],[-98.09827,18.99848],[-98.09843,18.99874],[-98.09873,18.99915],[-98.0989,18.9995],[-98.09875,18.99991],[-98.09847,19.00036],[-98.09818,19.00051],[-98.09779,19.00052],[-98.09751,19.00068],[-98.09735,19.00108],[-98.09746,19.00154],[-98.09756,19.00178],[-98.09743,19.00197],[-98.09712,19.00221],[-98.09687,19.00246],[-98.09678,19.00267],[-98.09679,19.00317],[-98.09699,19.00354],[-98.09717,19.00393],[-98.09723,19.00416],[-98.0972,19.00448],[-98.09696,19.00467],[-98.09664,19.0048],[-98.09642,19.00508],[-98.09644,19.00539],[-98.09644,19.00567],[-98.09628,19.00592],[-98.09598,19.00611],[-98.09561,19.00621],[-98.09545,19.00639],[-98.09541,19.00664],[-98.09542,19.00698],[-98.09559,19.00739],[-98.09565,19.00784],[-98.0957,19.00811],[-98.09559,19.00852],[-98.09588,19.00877],[-98.09607,19.00922],[-98.09634,19.00969],[-98.09655,19.01017],[-98.09671,19.0108],[-98.09684,19.01122],[-98.09725,19.01186],[-98.09748,19.01229],[-98.09762,19.01281],[-98.09781,19.01348],[-98.09809,19.01401],[-98.09834,19.0143],[-98.09867,19.01465],[-98.09887,19.01525],[-98.09953,19.01593],[-98.10025,19.01623],[-98.10093,19.01648],[-98.10173,19.01662],[-98.1027,19.01669],[-98.10343,19.01687],[-98.10369,19.01717],[-98.10422,19.01815],[-98.10449,19.01905],[-98.10471,19.01982],[-98.10497,19.02076],[-98.10519,19.0215],[-98.10539,19.02216],[-98.10548,19.02287],[-98.1064,19.02329],[-98.10752,19.02365],[-98.10873,19.02356],[-98.11067,19.0237],[-98.11129,19.02438],[-98.11226,19.02519],[-98.11226,19.02519],[-98.1126,19.02477],[-98.11289,19.02454],[-98.11345,19.024],[-98.11376,19.02351],[-98.11403,19.0229],[-98.11415,19.02246],[-98.1143,19.02203],[-98.11454,19.02143],[-98.1151,19.02093],[-98.11594,19.02065],[-98.11689,19.02072],[-98.1179,19.02095],[-98.11846,19.02102],[-98.11984,19.02102],[-98.12088,19.02077],[-98.12202,19.0202],[-98.1227,19.0199],[-98.12398,19.01958],[-98.12516,19.01942],[-98.12516,19.01942],[-98.12516,19.01942],[-98.1252,19.01892],[-98.12522,19.01882],[-98.12528,19.01841],[-98.12541,19.01806],[-98.12549,19.01783],[-98.12549,19.01753],[-98.12543,19.01698],[-98.1254,19.01684],[-98.12532,19.01647],[-98.12536,19.01586],[-98.12547,19.01532],[-98.12569,19.01478],[-98.12598,19.01397],[-98.12612,19.01348],[-98.1262,19.01319],[-98.12645,19.01255],[-98.1266,19.0117],[-98.12657,19.01061],[-98.12657,19.01026],[-98.12658,19.00986],[-98.12667,19.00966],[-98.12675,19.00946],[-98.12701,19.00892],[-98.12778,19.00815],[-98.12784,19.00808],[-98.12812,19.0078],[-98.12837,19.0075],[-98.12871,19.00708],[-98.12908,19.00646],[-98.12918,19.00621]]]}},{"type":"Feature","properties":{"cp":72777,"nombre":"CP 72777"},"geometry":{"type":"Polygon","coordinates":[[[-98.29017,19.06649],[-98.29017,19.06649],[-98.29068,19.06613],[-98.2909,19.06598],[-98.28911,19.06567],[-98.289,19.0654],[-98.28873,19.06549],[-98.28808,19.06568],[-98.28756,19.06584],[-98.28677,19.06606],[-98.2866,19.0661],[-98.28646,19.06614],[-98.28634,19.06618],[-98.28623,19.06617],[-98.28604,19.06626],[-98.28573,19.06634],[-98.28503,19.06651],[-98.28468,19.06663],[-98.28426,19.06674],[-98.28388,19.06685],[-98.28374,19.06686],[-98.28364,19.06689],[-98.28361,19.0669],[-98.28339,19.06699],[-98.2832,19.06699],[-98.28314,19.06706],[-98.28288,19.06712],[-98.28234,19.06724],[-98.28151,19.06748],[-98.28138,19.0675],[-98.28109,19.06754],[-98.28099,19.06757],[-98.28046,19.06769],[-98.28037,19.06772],[-98.27898,19.06805],[-98.27698,19.0686],[-98.27698,19.0686],[-98.27702,19.06879],[-98.27708,19.06906],[-98.27723,19.06952],[-98.27753,19.07001],[-98.27778,19.07033],[-98.27827,19.07072],[-98.27872,19.07097],[-98.27918,19.07112],[-98.28058,19.07138],[-98.2829,19.07182],[-98.28429,19.07077],[-98.28555,19.06986],[-98.28771,19.06824],[-98.28935,19.06709],[-98.29017,19.06649]]]}},{"type":"Feature","properties":{"cp":72062,"nombre":"CP 72062"},"geometry":{"type":"Polygon","coordinates":[[[-98.22411,19.07177],[-98.2258,19.07335],[-98.2258,19.07335],[-98.2258,19.07335],[-98.22358,19.07424],[-98.22357,19.07425],[-98.22679,19.07809],[-98.22697,19.07788],[-98.22723,19.07749],[-98.2274,19.07719],[-98.22758,19.0767],[-98.22776,19.0762],[-98.22776,19.07583],[-98.22786,19.07459],[-98.22789,19.07424],[-98.22773,19.07386],[-98.22721,19.07269],[-98.22651,19.07119],[-98.22408,19.06709],[-98.22408,19.06709],[-98.22408,19.06709],[-98.22223,19.06792],[-98.22276,19.06899],[-98.22411,19.07177]]]}},{"type":"Feature","properties":{"cp":72983,"nombre":"CP 72983"},"geometry":{"type":"Polygon","coordinates":[[[-98.01125,19.04373],[-98.01701,19.04538],[-98.02395,19.04742],[-98.02738,19.04841],[-98.02738,19.04841],[-98.02738,19.04841],[-98.02306,19.04205],[-98.02509,19.04222],[-98.02555,19.04062],[-98.02681,19.04074],[-98.0271,19.03971],[-98.02746,19.03856],[-98.02611,19.03839],[-98.02517,19.03826],[-98.02531,19.03779],[-98.02542,19.03768],[-98.02554,19.03728],[-98.02125,19.03674],[-98.01873,19.03642],[-98.01666,19.03616],[-98.01485,19.03603],[-98.01073,19.03584],[-98.00674,19.03568],[-98.00432,19.03562],[-98.00307,19.03555],[-98.00307,19.03555],[-98.00307,19.03555],[-98.00413,19.03586],[-98.0041,19.03602],[-98.0041,19.03602],[-98.0041,19.03602],[-98.0041,19.03602],[-98.00485,19.0363],[-98.00532,19.03647],[-98.00583,19.0365],[-98.00624,19.0372],[-98.00624,19.0372],[-98.00631,19.03732],[-98.00617,19.0378],[-98.00605,19.03776],[-98.00599,19.03778],[-98.00563,19.03863],[-98.00529,19.03946],[-98.00493,19.04029],[-98.00484,19.04055],[-98.00442,19.04148],[-98.00442,19.04148],[-98.00442,19.04148],[-98.00442,19.04148],[-98.00447,19.0418],[-98.00752,19.04267],[-98.00849,19.04296],[-98.01003,19.0434],[-98.01125,19.04373]]]}},{"type":"Feature","properties":{"cp":72023,"nombre":"CP 72023"},"geometry":{"type":"Polygon","coordinates":[[[-98.22679,19.07809],[-98.22357,19.07425],[-98.22357,19.07425],[-98.22139,19.07511],[-98.22116,19.07523],[-98.22064,19.07602],[-98.22059,19.07599],[-98.22038,19.07634],[-98.22004,19.07686],[-98.21983,19.07719],[-98.21961,19.07741],[-98.21901,19.07803],[-98.21876,19.07826],[-98.21879,19.07827],[-98.21857,19.07889],[-98.21709,19.07825],[-98.21686,19.07891],[-98.21637,19.08045],[-98.21508,19.08434],[-98.21604,19.08486],[-98.21905,19.08606],[-98.21966,19.08468],[-98.2219,19.08559],[-98.22205,19.08563],[-98.22218,19.0853],[-98.22233,19.08493],[-98.22244,19.08489],[-98.22249,19.08476],[-98.22329,19.08496],[-98.22357,19.08431],[-98.22317,19.0842],[-98.22342,19.0836],[-98.22248,19.0834],[-98.22373,19.0807],[-98.22439,19.07927],[-98.22489,19.07918],[-98.22532,19.07906],[-98.22552,19.07898],[-98.22575,19.07888],[-98.22611,19.07867],[-98.22626,19.07857],[-98.22636,19.07848],[-98.22662,19.07827],[-98.22679,19.07809]]]}},{"type":"Feature","properties":{"cp":72986,"nombre":"CP 72986"},"geometry":{"type":"Polygon","coordinates":[[[-97.97649,19.02686],[-97.97648,19.02687],[-97.97641,19.0269],[-97.97634,19.02691],[-97.97624,19.02691],[-97.97609,19.02691],[-97.97596,19.02691],[-97.97586,19.02692],[-97.97581,19.02694],[-97.97577,19.02697],[-97.97573,19.02701],[-97.97567,19.02708],[-97.9756,19.02717],[-97.97556,19.02725],[-97.97556,19.02731],[-97.97555,19.02744],[-97.97552,19.02777],[-97.97551,19.02783],[-97.97548,19.02796],[-97.97546,19.02805],[-97.9754,19.02815],[-97.97535,19.02821],[-97.97527,19.02828],[-97.97515,19.02835],[-97.975,19.02844],[-97.97494,19.02845],[-97.97487,19.02845],[-97.97484,19.02844],[-97.97479,19.02843],[-97.97475,19.02841],[-97.9747,19.02839],[-97.97465,19.02838],[-97.97463,19.02838],[-97.9746,19.02839],[-97.97454,19.02841],[-97.97447,19.02845],[-97.97444,19.02847],[-97.9744,19.02849],[-97.97436,19.02853],[-97.97423,19.02876],[-97.97414,19.02888],[-97.97389,19.02928],[-97.97376,19.02949],[-97.97376,19.02949],[-97.97376,19.02949],[-97.97469,19.02977],[-97.97943,19.03167],[-97.98052,19.03206],[-97.98162,19.03256],[-97.98098,19.03356],[-97.98098,19.03356],[-97.98098,19.03356],[-97.98205,19.03398],[-97.98284,19.03428],[-97.98746,19.03602],[-97.98746,19.03602],[-97.99329,19.03824],[-97.99653,19.03949],[-97.9968,19.03906],[-97.99694,19.03867],[-97.99695,19.03848],[-97.99695,19.03848],[-97.99695,19.03848],[-97.99684,19.03836],[-97.99684,19.03823],[-97.99694,19.03808],[-97.997,19.03768],[-97.99704,19.03752],[-97.99711,19.03737],[-97.99722,19.03722],[-97.99725,19.03713],[-97.99732,19.03701],[-97.99736,19.03676],[-97.99742,19.03647],[-97.99754,19.03629],[-97.99761,19.03589],[-97.99835,19.03406],[-98.00026,19.03469],[-98.00226,19.03529],[-98.00307,19.03555],[-98.00307,19.03555],[-98.00432,19.03562],[-98.00674,19.03568],[-98.01073,19.03584],[-98.01485,19.03603],[-98.01666,19.03616],[-98.01873,19.03642],[-98.01883,19.03571],[-98.01882,19.03528],[-98.01888,19.03383],[-98.02051,19.03408],[-98.02088,19.03404],[-98.02102,19.03343],[-98.02192,19.03231],[-98.02226,19.0318],[-98.0225,19.03159],[-98.02284,19.03087],[-98.02321,19.03046],[-98.02343,19.03001],[-98.02401,19.02894],[-98.02449,19.02815],[-98.02356,19.0277],[-98.0225,19.02706],[-98.02158,19.02628],[-98.02066,19.02472],[-98.01993,19.02262],[-98.01945,19.02051],[-98.01877,19.019],[-98.01809,19.01845],[-98.01712,19.01804],[-98.0164,19.0174],[-98.01606,19.01593],[-98.01587,19.01529],[-98.01543,19.01451],[-98.01485,19.01401],[-98.01407,19.01355],[-98.01364,19.01268],[-98.0134,19.01149],[-98.01306,19.01062],[-98.01262,19.00985],[-98.01214,19.00875],[-98.0116,19.00751],[-98.01141,19.00655],[-98.01082,19.00432],[-98.01082,19.00432],[-98.01039,19.00404],[-98.01017,19.00434],[-98.00981,19.00482],[-98.00951,19.00489],[-98.00937,19.00492],[-98.00928,19.00497],[-98.00892,19.00515],[-98.0085,19.00541],[-98.00807,19.0056],[-98.00761,19.00584],[-98.00724,19.00605],[-98.00682,19.0063],[-98.00641,19.00654],[-98.0061,19.00688],[-98.00575,19.00717],[-98.00561,19.0073],[-98.00542,19.00747],[-98.00526,19.00761],[-98.00497,19.00788],[-98.00548,19.00851],[-98.00579,19.00885],[-98.00619,19.0093],[-98.00588,19.00963],[-98.00587,19.00964],[-98.00587,19.00964],[-98.0036,19.01148],[-98.00332,19.01177],[-98.00197,19.01316],[-98.00143,19.01362],[-98.00071,19.01409],[-98.00034,19.01411],[-98.00028,19.01408],[-98.0001,19.01395],[-97.99688,19.01209],[-97.99662,19.012],[-97.99566,19.01167],[-97.99306,19.01078],[-97.99222,19.01033],[-97.99137,19.00987],[-97.99107,19.0098],[-97.99039,19.01022],[-97.9891,19.01096],[-97.98823,19.01163],[-97.98765,19.01205],[-97.98691,19.01258],[-97.98613,19.01318],[-97.98485,19.01407],[-97.98464,19.01435],[-97.98456,19.01447],[-97.98435,19.0148],[-97.98434,19.01481],[-97.98408,19.01522],[-97.98388,19.01564],[-97.98374,19.01606],[-97.98363,19.01666],[-97.98363,19.01702],[-97.98363,19.01717],[-97.98365,19.01722],[-97.98371,19.0174],[-97.98373,19.01741],[-97.9839,19.01753],[-97.98415,19.01777],[-97.98425,19.01795],[-97.98431,19.01808],[-97.98431,19.01838],[-97.98431,19.01845],[-97.98434,19.01857],[-97.9844,19.01883],[-97.98436,19.01887],[-97.98422,19.01901],[-97.98418,19.01916],[-97.98417,19.01918],[-97.9842,19.01947],[-97.98423,19.01955],[-97.9843,19.01978],[-97.9844,19.01989],[-97.98447,19.01997],[-97.98448,19.02],[-97.98451,19.02008],[-97.98442,19.02025],[-97.98439,19.02053],[-97.98439,19.02055],[-97.98435,19.02093],[-97.98435,19.02108],[-97.98434,19.02127],[-97.98431,19.02145],[-97.98429,19.02161],[-97.98425,19.02195],[-97.98422,19.02212],[-97.9843,19.02232],[-97.98431,19.02233],[-97.98431,19.02234],[-97.98436,19.02251],[-97.98433,19.02263],[-97.98431,19.02286],[-97.98433,19.02293],[-97.98437,19.02309],[-97.98438,19.02315],[-97.98439,19.0233],[-97.98438,19.02341],[-97.98436,19.02353],[-97.98426,19.02374],[-97.9841,19.02377],[-97.98401,19.02374],[-97.98387,19.0237],[-97.98374,19.02379],[-97.98373,19.0238],[-97.98366,19.02406],[-97.98363,19.02425],[-97.98366,19.02444],[-97.98364,19.02451],[-97.9836,19.02466],[-97.98348,19.02475],[-97.9834,19.0248],[-97.98336,19.02484],[-97.98325,19.02495],[-97.98319,19.02506],[-97.98313,19.02515],[-97.98314,19.02536],[-97.98316,19.02537],[-97.98321,19.0254],[-97.98328,19.02545],[-97.98334,19.02553],[-97.98333,19.02562],[-97.98327,19.02565],[-97.98324,19.02567],[-97.98313,19.02568],[-97.9831,19.02574],[-97.983,19.02601],[-97.98286,19.02626],[-97.98249,19.0265],[-97.98234,19.02666],[-97.98233,19.02673],[-97.98232,19.0268],[-97.98236,19.02691],[-97.98236,19.02703],[-97.98224,19.0272],[-97.98211,19.02736],[-97.98201,19.0275],[-97.98199,19.02762],[-97.98199,19.02764],[-97.98195,19.02774],[-97.98193,19.0278],[-97.98181,19.02784],[-97.98169,19.02789],[-97.98152,19.028],[-97.98141,19.02834],[-97.98139,19.02838],[-97.98139,19.02838],[-97.98025,19.02801],[-97.97921,19.02768],[-97.97823,19.02737],[-97.97649,19.02686],[-97.97649,19.02686],[-97.97649,19.02686]]]}},{"type":"Feature","properties":{"cp":72776,"nombre":"CP 72776"},"geometry":{"type":"Polygon","coordinates":[[[-98.26916,19.07072],[-98.27016,19.07007],[-98.27033,19.06999],[-98.27051,19.06998],[-98.27265,19.06966],[-98.27303,19.06956],[-98.27303,19.06956],[-98.27698,19.0686],[-98.27698,19.0686],[-98.27898,19.06805],[-98.28026,19.06626],[-98.2818,19.06417],[-98.28078,19.06397],[-98.28302,19.06031],[-98.28302,19.06031],[-98.28302,19.06031],[-98.28298,19.06027],[-98.28294,19.06023],[-98.28277,19.06005],[-98.28269,19.05999],[-98.28265,19.05997],[-98.28257,19.05993],[-98.28247,19.05987],[-98.28245,19.05987],[-98.28239,19.05985],[-98.28219,19.05979],[-98.28218,19.05977],[-98.28218,19.05976],[-98.28216,19.05974],[-98.28209,19.05967],[-98.28208,19.05967],[-98.28196,19.05967],[-98.28196,19.05967],[-98.28185,19.05967],[-98.28141,19.05968],[-98.281,19.05968],[-98.28096,19.05968],[-98.27972,19.0597],[-98.27957,19.0597],[-98.27954,19.0597],[-98.27947,19.0597],[-98.27751,19.05969],[-98.27719,19.05969],[-98.27707,19.05969],[-98.27673,19.05969],[-98.27673,19.05969],[-98.27635,19.05969],[-98.27598,19.05969],[-98.27492,19.05969],[-98.27468,19.05968],[-98.27438,19.05968],[-98.27417,19.05967],[-98.27395,19.05967],[-98.27337,19.05967],[-98.27283,19.05967],[-98.27261,19.05967],[-98.27225,19.05967],[-98.27217,19.05967],[-98.27167,19.05967],[-98.27161,19.05966],[-98.27144,19.05967],[-98.2707,19.05967],[-98.27043,19.05967],[-98.26995,19.05968],[-98.26932,19.05968],[-98.26889,19.05968],[-98.26814,19.05968],[-98.2668,19.05968],[-98.26642,19.06098],[-98.26641,19.06102],[-98.26638,19.06119],[-98.26636,19.06132],[-98.2663,19.06154],[-98.26628,19.06162],[-98.26624,19.06173],[-98.26616,19.06204],[-98.26605,19.0625],[-98.26598,19.06271],[-98.26594,19.06282],[-98.26594,19.06283],[-98.26593,19.06284],[-98.26592,19.06289],[-98.26591,19.06295],[-98.26589,19.06302],[-98.26586,19.06313],[-98.26581,19.06336],[-98.26551,19.06433],[-98.2655,19.06436],[-98.26543,19.06461],[-98.26541,19.06476],[-98.26538,19.06495],[-98.26538,19.06499],[-98.26555,19.06503],[-98.26581,19.06513],[-98.26609,19.0653],[-98.26627,19.0655],[-98.26641,19.06564],[-98.26662,19.06579],[-98.26677,19.06592],[-98.26685,19.06606],[-98.26727,19.06625],[-98.26803,19.06658],[-98.2686,19.06685],[-98.26852,19.06706],[-98.26739,19.06784],[-98.26739,19.06785],[-98.2675,19.06806],[-98.26772,19.0684],[-98.26811,19.06889],[-98.2683,19.06912],[-98.26867,19.06964],[-98.26883,19.0699],[-98.26903,19.07022],[-98.26916,19.07072],[-98.26916,19.07072],[-98.26916,19.07072],[-98.26916,19.07072],[-98.26916,19.07072]]]}},{"type":"Feature","properties":{"cp":72094,"nombre":"CP 72094"},"geometry":{"type":"Polygon","coordinates":[[[-98.19912,19.05705],[-98.20084,19.05642],[-98.20425,19.05822],[-98.20551,19.05895],[-98.20704,19.05991],[-98.20704,19.05991],[-98.20704,19.05991],[-98.20704,19.05991],[-98.20845,19.05917],[-98.20824,19.05815],[-98.20861,19.05746],[-98.20684,19.05659],[-98.20728,19.05583],[-98.20591,19.05514],[-98.20508,19.05658],[-98.20226,19.05523],[-98.20226,19.05523],[-98.20065,19.05446],[-98.19912,19.05705]]]}},{"type":"Feature","properties":{"cp":72866,"nombre":"CP 72866"},"geometry":{"type":"Polygon","coordinates":[[[-98.27698,18.91469],[-98.27712,18.91483],[-98.27728,18.91494],[-98.27733,18.91497],[-98.27739,18.91498],[-98.27753,18.91502],[-98.27763,18.91504],[-98.27768,18.91505],[-98.27784,18.9151],[-98.27794,18.91514],[-98.27802,18.91524],[-98.27809,18.91533],[-98.27821,18.91544],[-98.27832,18.91547],[-98.27843,18.9156],[-98.27844,18.91561],[-98.27846,18.91572],[-98.27846,18.91572],[-98.27847,18.91573],[-98.27865,18.91588],[-98.27868,18.91598],[-98.27868,18.91599],[-98.27869,18.91609],[-98.27871,18.91622],[-98.27878,18.91636],[-98.27879,18.91638],[-98.2788,18.91638],[-98.27883,18.91642],[-98.27889,18.91655],[-98.2789,18.91657],[-98.2789,18.91657],[-98.2789,18.91657],[-98.27908,18.91651],[-98.27938,18.91643],[-98.27954,18.91638],[-98.2797,18.91637],[-98.27987,18.91637],[-98.28001,18.91637],[-98.2801,18.91639],[-98.28001,18.91648],[-98.27997,18.91649],[-98.27996,18.91649],[-98.27989,18.91649],[-98.27989,18.91649],[-98.27981,18.91652],[-98.27981,18.91652],[-98.27974,18.91674],[-98.27974,18.91674],[-98.27978,18.91677],[-98.2798,18.91678],[-98.2798,18.91678],[-98.27994,18.91678],[-98.28011,18.91675],[-98.28014,18.91674],[-98.2802,18.91672],[-98.2803,18.91676],[-98.28035,18.91679],[-98.2804,18.91682],[-98.28039,18.91688],[-98.28039,18.91698],[-98.28041,18.9171],[-98.28043,18.91717],[-98.28043,18.91723],[-98.28043,18.91735],[-98.28042,18.91737],[-98.28037,18.91753],[-98.28036,18.91757],[-98.28031,18.91767],[-98.28024,18.9178],[-98.28016,18.91791],[-98.28014,18.91793],[-98.28014,18.91793],[-98.28012,18.91812],[-98.28005,18.9183],[-98.28006,18.91844],[-98.28006,18.91859],[-98.28017,18.91876],[-98.28008,18.91913],[-98.28006,18.91926],[-98.28005,18.91934],[-98.28004,18.9194],[-98.28004,18.91943],[-98.28005,18.91955],[-98.27995,18.9198],[-98.27991,18.9199],[-98.27981,18.92011],[-98.2797,18.92025],[-98.27956,18.92041],[-98.27956,18.92041],[-98.27952,18.92086],[-98.27952,18.92086],[-98.27953,18.92087],[-98.27965,18.92098],[-98.27915,18.9219],[-98.27914,18.92191],[-98.27874,18.92245],[-98.2785,18.92269],[-98.27877,18.92303],[-98.27868,18.92301],[-98.2784,18.92302],[-98.27803,18.92322],[-98.27807,18.92343],[-98.27809,18.92357],[-98.27813,18.92382],[-98.27815,18.9241],[-98.27818,18.92429],[-98.27819,18.92437],[-98.2782,18.92439],[-98.27833,18.92474],[-98.27839,18.92494],[-98.27842,18.92503],[-98.27847,18.92535],[-98.27854,18.92565],[-98.27862,18.92574],[-98.27866,18.92578],[-98.27871,18.92586],[-98.27876,18.92594],[-98.2788,18.92618],[-98.27871,18.92627],[-98.27867,18.92652],[-98.27871,18.92684],[-98.27874,18.92708],[-98.27857,18.92754],[-98.27857,18.92756],[-98.27854,18.92773],[-98.27857,18.92801],[-98.2786,18.92822],[-98.27863,18.92853],[-98.27866,18.92899],[-98.27858,18.92923],[-98.27858,18.92925],[-98.27804,18.92927],[-98.27769,18.92935],[-98.27722,18.92944],[-98.27711,18.92953],[-98.27702,18.92959],[-98.27702,18.92959],[-98.27701,18.92964],[-98.27698,18.92972],[-98.27698,18.9302],[-98.27678,18.93016],[-98.27668,18.93015],[-98.27644,18.93017],[-98.27639,18.9303],[-98.27637,18.93034],[-98.27636,18.93034],[-98.27627,18.93042],[-98.27651,18.93069],[-98.27658,18.93073],[-98.27694,18.93091],[-98.27703,18.93096],[-98.27715,18.93102],[-98.27741,18.93099],[-98.27752,18.93133],[-98.27716,18.9316],[-98.27715,18.93166],[-98.27711,18.93185],[-98.2771,18.93191],[-98.27708,18.93204],[-98.27705,18.93216],[-98.27702,18.93236],[-98.27703,18.93263],[-98.27718,18.93331],[-98.27713,18.93346],[-98.27704,18.93376],[-98.2769,18.93409],[-98.27664,18.93445],[-98.27664,18.93445],[-98.27654,18.93452],[-98.27646,18.93506],[-98.27646,18.93512],[-98.27646,18.93517],[-98.27648,18.93553],[-98.27641,18.93576],[-98.27638,18.93586],[-98.27639,18.93605],[-98.2764,18.93624],[-98.27647,18.9365],[-98.27649,18.93658],[-98.2765,18.93661],[-98.27661,18.93684],[-98.27664,18.93707],[-98.27664,18.93708],[-98.27667,18.9372],[-98.2768,18.9379],[-98.27677,18.93829],[-98.27675,18.93863],[-98.27675,18.93868],[-98.27675,18.93882],[-98.27689,18.93895],[-98.27696,18.93903],[-98.27723,18.93954],[-98.27727,18.93967],[-98.27731,18.9398],[-98.27729,18.94011],[-98.27738,18.9403],[-98.27743,18.94047],[-98.2775,18.9405],[-98.27755,18.9406],[-98.27758,18.94065],[-98.27753,18.94084],[-98.27747,18.94104],[-98.27744,18.9412],[-98.27743,18.94122],[-98.27744,18.94127],[-98.27746,18.94136],[-98.27754,18.94151],[-98.27761,18.94176],[-98.27761,18.94176],[-98.27759,18.94191],[-98.27753,18.94203],[-98.27748,18.94219],[-98.27741,18.94238],[-98.27741,18.94241],[-98.27773,18.94276],[-98.2788,18.94325],[-98.27989,18.94365],[-98.28004,18.94363],[-98.28016,18.94352],[-98.28046,18.94243],[-98.28064,18.94213],[-98.28106,18.94225],[-98.28213,18.94256],[-98.28225,18.94267],[-98.28237,18.94277],[-98.28244,18.9429],[-98.28263,18.94335],[-98.28265,18.94376],[-98.28265,18.9439],[-98.28265,18.94394],[-98.28264,18.94417],[-98.28255,18.94451],[-98.2825,18.94471],[-98.28258,18.94607],[-98.28258,18.94608],[-98.28266,18.94635],[-98.28271,18.94652],[-98.28274,18.94663],[-98.28287,18.9469],[-98.28303,18.9471],[-98.28321,18.94725],[-98.28346,18.94733],[-98.28368,18.94739],[-98.28382,18.94739],[-98.28397,18.94731],[-98.28409,18.94727],[-98.28417,18.94726],[-98.28443,18.94731],[-98.28454,18.94733],[-98.28467,18.94727],[-98.28479,18.94713],[-98.28498,18.94702],[-98.28527,18.94695],[-98.2855,18.94684],[-98.28567,18.94666],[-98.28576,18.94645],[-98.28572,18.94631],[-98.28573,18.94606],[-98.2858,18.94598],[-98.28591,18.94607],[-98.28598,18.94623],[-98.28612,18.94632],[-98.28623,18.94629],[-98.28632,18.9462],[-98.28635,18.94602],[-98.28631,18.9459],[-98.28634,18.94573],[-98.28643,18.94561],[-98.28659,18.94543],[-98.28674,18.94538],[-98.28701,18.94529],[-98.28712,18.94517],[-98.2875,18.94465],[-98.28882,18.94515],[-98.28851,18.94543],[-98.28871,18.94565],[-98.28883,18.94568],[-98.28895,18.9457],[-98.28931,18.94574],[-98.28962,18.94543],[-98.29064,18.94453],[-98.29036,18.94429],[-98.29036,18.94428],[-98.29035,18.94425],[-98.29124,18.94314],[-98.29181,18.94249],[-98.29258,18.94187],[-98.29287,18.94141],[-98.29323,18.94116],[-98.29343,18.94089],[-98.29385,18.94008],[-98.29413,18.94012],[-98.29579,18.93844],[-98.29824,18.93581],[-98.30122,18.93261],[-98.30166,18.93195],[-98.30205,18.93123],[-98.30289,18.93009],[-98.30289,18.93009],[-98.30405,18.92738],[-98.30513,18.92504],[-98.30614,18.92253],[-98.30692,18.92065],[-98.30694,18.91971],[-98.30724,18.91894],[-98.30733,18.91825],[-98.30754,18.91759],[-98.30798,18.91702],[-98.30819,18.91637],[-98.30828,18.91572],[-98.30828,18.91523],[-98.30768,18.9141],[-98.30663,18.91229],[-98.3061,18.91144],[-98.30575,18.91076],[-98.3051,18.91013],[-98.30454,18.90985],[-98.30429,18.90936],[-98.30423,18.90874],[-98.30452,18.9078],[-98.3044,18.90693],[-98.30398,18.90611],[-98.30381,18.90522],[-98.30319,18.90407],[-98.30314,18.90327],[-98.30323,18.90268],[-98.30272,18.9027],[-98.3023,18.90259],[-98.30206,18.90237],[-98.30186,18.90228],[-98.30161,18.90241],[-98.3014,18.90251],[-98.30109,18.90246],[-98.30093,18.90248],[-98.30079,18.90257],[-98.30069,18.90265],[-98.30063,18.9027],[-98.30058,18.90275],[-98.30047,18.90275],[-98.30037,18.90264],[-98.30036,18.90251],[-98.30026,18.90242],[-98.30016,18.90236],[-98.30003,18.90232],[-98.29988,18.9022],[-98.29978,18.90211],[-98.29973,18.90199],[-98.29942,18.90192],[-98.29927,18.9017],[-98.29917,18.90163],[-98.29899,18.90161],[-98.29873,18.90168],[-98.29867,18.90173],[-98.29851,18.90188],[-98.29833,18.90207],[-98.2982,18.90214],[-98.29803,18.9022],[-98.2978,18.90222],[-98.29755,18.90216],[-98.29747,18.90215],[-98.2972,18.90209],[-98.29695,18.90203],[-98.29666,18.90209],[-98.29654,18.90224],[-98.29644,18.9024],[-98.2964,18.9026],[-98.29636,18.90279],[-98.29627,18.90294],[-98.29611,18.90305],[-98.29605,18.90319],[-98.29604,18.90336],[-98.29604,18.90355],[-98.29605,18.90377],[-98.29597,18.90394],[-98.29586,18.90404],[-98.29563,18.90411],[-98.2955,18.90416],[-98.29522,18.90449],[-98.29522,18.90449],[-98.29487,18.90514],[-98.29488,18.90538],[-98.29481,18.90548],[-98.29474,18.90555],[-98.29464,18.90558],[-98.29452,18.9056],[-98.29436,18.90564],[-98.2942,18.90569],[-98.29412,18.90574],[-98.29405,18.9058],[-98.29398,18.90585],[-98.29391,18.90589],[-98.29381,18.90594],[-98.29366,18.90597],[-98.29353,18.90599],[-98.29336,18.90613],[-98.29332,18.90624],[-98.29331,18.90632],[-98.29334,18.90641],[-98.29346,18.90665],[-98.2935,18.90676],[-98.2935,18.90686],[-98.29352,18.90694],[-98.29348,18.90704],[-98.29341,18.90711],[-98.29325,18.90717],[-98.29312,18.90719],[-98.29295,18.90718],[-98.29271,18.90715],[-98.29245,18.90711],[-98.29204,18.90732],[-98.29175,18.90753],[-98.29146,18.90771],[-98.29133,18.90787],[-98.29125,18.90802],[-98.29115,18.90815],[-98.29107,18.90824],[-98.29093,18.90835],[-98.29087,18.90848],[-98.29082,18.90858],[-98.29072,18.90864],[-98.29058,18.9087],[-98.29047,18.90873],[-98.29023,18.9087],[-98.28824,18.90919],[-98.28801,18.9093],[-98.28798,18.90932],[-98.28784,18.90943],[-98.28785,18.90948],[-98.28785,18.90962],[-98.28755,18.90977],[-98.28753,18.90978],[-98.28746,18.90981],[-98.28567,18.91019],[-98.2854,18.9103],[-98.28641,18.91202],[-98.28638,18.91237],[-98.28637,18.91252],[-98.28637,18.91252],[-98.28626,18.91263],[-98.28578,18.91311],[-98.28562,18.91321],[-98.28536,18.91336],[-98.28503,18.9138],[-98.28503,18.9138],[-98.28436,18.91401],[-98.28395,18.91403],[-98.28358,18.91406],[-98.28358,18.91406],[-98.2835,18.91418],[-98.28312,18.91429],[-98.28312,18.91429],[-98.28312,18.91429],[-98.28304,18.91428],[-98.28288,18.91426],[-98.28266,18.91411],[-98.28246,18.91423],[-98.28224,18.91423],[-98.28215,18.91423],[-98.28195,18.91418],[-98.28186,18.91416],[-98.28175,18.91405],[-98.28155,18.91408],[-98.28106,18.91417],[-98.2808,18.91414],[-98.28053,18.91406],[-98.28033,18.914],[-98.28018,18.91392],[-98.28006,18.91386],[-98.27986,18.91369],[-98.27968,18.91364],[-98.2796,18.91364],[-98.27948,18.91364],[-98.27933,18.91378],[-98.2792,18.9139],[-98.27924,18.91406],[-98.27927,18.9142],[-98.27927,18.9142],[-98.27919,18.91424],[-98.27912,18.91427],[-98.27912,18.91427],[-98.279,18.91409],[-98.279,18.91409],[-98.2786,18.91432],[-98.2786,18.91432],[-98.27861,18.91409],[-98.27839,18.91413],[-98.27828,18.91418],[-98.27818,18.91422],[-98.27804,18.91452],[-98.27798,18.91466],[-98.27798,18.91466],[-98.27798,18.91466],[-98.27789,18.91468],[-98.27783,18.91469],[-98.27768,18.91469],[-98.27745,18.91469],[-98.27729,18.91467],[-98.27724,18.91466],[-98.27698,18.91469]]]}},{"type":"Feature","properties":{"cp":72820,"nombre":"CP 72820"},"geometry":{"type":"Polygon","coordinates":[[[-98.28171,18.99848],[-98.27193,19.00478],[-98.27108,19.00532],[-98.27026,19.00585],[-98.2633,19.00988],[-98.26142,19.01107],[-98.25887,19.01267],[-98.2591,19.01299],[-98.25918,19.01347],[-98.26027,19.01426],[-98.26122,19.01302],[-98.26165,19.0134],[-98.26194,19.01374],[-98.26212,19.014],[-98.2623,19.01434],[-98.26249,19.01483],[-98.26257,19.01529],[-98.26256,19.01723],[-98.26284,19.01834],[-98.2624,19.01836],[-98.26217,19.01843],[-98.26198,19.01853],[-98.26182,19.0187],[-98.26193,19.01891],[-98.26216,19.01887],[-98.26234,19.01894],[-98.26247,19.01904],[-98.26254,19.01915],[-98.26264,19.01931],[-98.26261,19.01948],[-98.26213,19.02149],[-98.26185,19.02261],[-98.26272,19.02312],[-98.26467,19.02249],[-98.26477,19.02237],[-98.26545,19.02403],[-98.26617,19.02449],[-98.26654,19.0247],[-98.26673,19.02504],[-98.26601,19.02555],[-98.26644,19.02651],[-98.26625,19.02666],[-98.26625,19.02666],[-98.26697,19.02716],[-98.2691,19.02837],[-98.26906,19.02881],[-98.26893,19.02922],[-98.26868,19.0297],[-98.26787,19.03093],[-98.26765,19.03137],[-98.26751,19.03182],[-98.26743,19.03218],[-98.26741,19.03266],[-98.2674,19.03309],[-98.26743,19.03335],[-98.26749,19.03361],[-98.26758,19.03392],[-98.26777,19.03435],[-98.26795,19.03467],[-98.26823,19.03504],[-98.26851,19.03543],[-98.26888,19.03588],[-98.26906,19.03638],[-98.26937,19.03741],[-98.26979,19.03875],[-98.27002,19.03928],[-98.27029,19.03966],[-98.27056,19.03995],[-98.27095,19.04028],[-98.27095,19.04028],[-98.27169,19.0407],[-98.27265,19.04112],[-98.27418,19.03833],[-98.27547,19.03895],[-98.27614,19.03929],[-98.27804,19.04019],[-98.28045,19.03638],[-98.28037,19.03629],[-98.27992,19.0357],[-98.27908,19.03472],[-98.27833,19.03373],[-98.27804,19.03343],[-98.2778,19.03315],[-98.27763,19.0329],[-98.27683,19.03159],[-98.27607,19.03051],[-98.27628,19.03046],[-98.27653,19.03044],[-98.277,19.03043],[-98.27792,19.03042],[-98.27829,19.0304],[-98.27861,19.03035],[-98.27894,19.03026],[-98.27917,19.03017],[-98.27934,19.03009],[-98.27968,19.02989],[-98.28047,19.02931],[-98.28089,19.02901],[-98.28113,19.02885],[-98.28132,19.02877],[-98.28164,19.02866],[-98.28252,19.02841],[-98.28441,19.02788],[-98.28354,19.02731],[-98.28367,19.02709],[-98.28105,19.02544],[-98.28205,19.02398],[-98.28118,19.02348],[-98.28235,19.02175],[-98.28369,19.02108],[-98.28474,19.01966],[-98.28581,19.02036],[-98.28744,19.01815],[-98.28585,19.0171],[-98.28536,19.01781],[-98.28368,19.01684],[-98.2836,19.01653],[-98.28374,19.01631],[-98.2839,19.01639],[-98.28431,19.01581],[-98.28445,19.01588],[-98.28532,19.01459],[-98.28517,19.01443],[-98.28596,19.01331],[-98.28649,19.01362],[-98.28786,19.01183],[-98.2885,19.01221],[-98.28894,19.01159],[-98.29007,19.01233],[-98.29026,19.01207],[-98.29133,19.01275],[-98.29168,19.01226],[-98.29212,19.01144],[-98.29259,19.01073],[-98.29157,19.01011],[-98.29024,19.00923],[-98.28967,19.00999],[-98.28868,19.00932],[-98.28761,19.00864],[-98.28955,19.00667],[-98.28834,19.00571],[-98.28717,19.00476],[-98.28605,19.00378],[-98.28553,19.00265],[-98.28505,19.00208],[-98.28495,19.00182],[-98.28457,19.00135],[-98.28432,19.00066],[-98.28401,19.00029],[-98.28171,18.99848]]]}},{"type":"Feature","properties":{"cp":72817,"nombre":"CP 72817"},"geometry":{"type":"Polygon","coordinates":[[[-98.3112,19.04058],[-98.31007,19.04448],[-98.31385,19.04625],[-98.31367,19.0465],[-98.31232,19.04837],[-98.31228,19.04852],[-98.31227,19.04864],[-98.31232,19.04876],[-98.31244,19.04897],[-98.31287,19.04954],[-98.31287,19.04954],[-98.31287,19.04954],[-98.31318,19.0497],[-98.31323,19.04972],[-98.31467,19.05038],[-98.31468,19.05038],[-98.31476,19.05042],[-98.31505,19.05028],[-98.31555,19.05004],[-98.31632,19.04975],[-98.31659,19.04965],[-98.3172,19.04941],[-98.3177,19.04914],[-98.31772,19.04913],[-98.31832,19.04881],[-98.31862,19.04866],[-98.31904,19.04845],[-98.31915,19.04839],[-98.31968,19.04812],[-98.32023,19.04786],[-98.32075,19.04764],[-98.32142,19.04742],[-98.32161,19.04735],[-98.32195,19.04719],[-98.3245,19.04552],[-98.32291,19.04446],[-98.32085,19.04323],[-98.32085,19.04323],[-98.31998,19.04271],[-98.31998,19.04271],[-98.31736,19.04114],[-98.31557,19.04004],[-98.31558,19.03995],[-98.31202,19.03776],[-98.3112,19.04058]]]}},{"type":"Feature","properties":{"cp":72843,"nombre":"CP 72843"},"geometry":{"type":"Polygon","coordinates":[[[-98.31202,19.03776],[-98.31251,19.03601],[-98.31023,19.03441],[-98.30906,19.03595],[-98.30851,19.03555],[-98.30825,19.03602],[-98.30806,19.03656],[-98.30783,19.03702],[-98.30735,19.0379],[-98.30721,19.03827],[-98.30842,19.03891],[-98.30996,19.03989],[-98.3112,19.04058],[-98.31202,19.03776]]]}},{"type":"Feature","properties":{"cp":72377,"nombre":"CP 72377"},"geometry":{"type":"Polygon","coordinates":[[[-98.18156,19.04308],[-98.18177,19.04311],[-98.18302,19.04323],[-98.18409,19.0434],[-98.18508,19.04395],[-98.18508,19.04395],[-98.18562,19.04422],[-98.18612,19.04369],[-98.18731,19.04278],[-98.18769,19.04178],[-98.1888,19.04232],[-98.18911,19.04247],[-98.1894,19.04252],[-98.18994,19.04247],[-98.19035,19.04237],[-98.19062,19.04235],[-98.19129,19.04234],[-98.19229,19.04269],[-98.19229,19.04269],[-98.19285,19.04143],[-98.19285,19.04142],[-98.18727,19.03859],[-98.18416,19.03707],[-98.18366,19.03792],[-98.1809,19.04302],[-98.18156,19.04308]]]}},{"type":"Feature","properties":{"cp":72350,"nombre":"CP 72350"},"geometry":{"type":"Polygon","coordinates":[[[-98.1499,19.03747],[-98.1499,19.03747],[-98.15014,19.03594],[-98.15029,19.03455],[-98.15264,19.03554],[-98.15372,19.0348],[-98.15412,19.03553],[-98.15506,19.03695],[-98.15691,19.03971],[-98.15723,19.04035],[-98.15723,19.04035],[-98.15769,19.03875],[-98.15778,19.03805],[-98.15805,19.03705],[-98.15837,19.03665],[-98.15844,19.03648],[-98.1584,19.03629],[-98.1582,19.03612],[-98.15797,19.03595],[-98.15772,19.0357],[-98.15738,19.03558],[-98.15707,19.03546],[-98.1568,19.0353],[-98.1565,19.03504],[-98.15625,19.0347],[-98.15537,19.03406],[-98.15506,19.03377],[-98.15474,19.03354],[-98.15402,19.03305],[-98.15193,19.03175],[-98.15178,19.03167],[-98.15171,19.03078],[-98.15154,19.02999],[-98.14987,19.02691],[-98.14929,19.026],[-98.14942,19.02577],[-98.14972,19.02566],[-98.15006,19.0254],[-98.15024,19.02535],[-98.15042,19.0253],[-98.15055,19.02513],[-98.15062,19.02477],[-98.15054,19.02448],[-98.15048,19.02427],[-98.15047,19.02392],[-98.15047,19.02361],[-98.1504,19.0233],[-98.1503,19.0231],[-98.1503,19.02288],[-98.1503,19.02263],[-98.15031,19.02149],[-98.15033,19.01985],[-98.14998,19.01924],[-98.14969,19.01813],[-98.14935,19.01694],[-98.14913,19.01618],[-98.14854,19.0141],[-98.14683,19.01383],[-98.14572,19.01556],[-98.14484,19.01614],[-98.14385,19.01641],[-98.14301,19.01647],[-98.14247,19.01642],[-98.1417,19.01617],[-98.1408,19.01561],[-98.14023,19.016],[-98.13948,19.01604],[-98.14013,19.01686],[-98.14047,19.01729],[-98.14176,19.01833],[-98.14298,19.0197],[-98.14391,19.02066],[-98.14422,19.02159],[-98.14431,19.02256],[-98.14395,19.02334],[-98.14348,19.02382],[-98.14361,19.02517],[-98.14366,19.02547],[-98.14347,19.0254],[-98.14337,19.02555],[-98.14339,19.02627],[-98.14342,19.0266],[-98.14328,19.02674],[-98.14328,19.02694],[-98.1434,19.02724],[-98.14336,19.02757],[-98.14308,19.02851],[-98.14199,19.02868],[-98.14236,19.02954],[-98.1424,19.02964],[-98.14285,19.0307],[-98.14305,19.03114],[-98.14324,19.03158],[-98.14377,19.03275],[-98.14458,19.03432],[-98.14477,19.03451],[-98.14526,19.03511],[-98.14549,19.03513],[-98.14564,19.03523],[-98.14576,19.03538],[-98.1459,19.03564],[-98.14604,19.03585],[-98.14616,19.03588],[-98.14627,19.03597],[-98.14639,19.03605],[-98.14651,19.0361],[-98.14664,19.03617],[-98.14678,19.0363],[-98.14695,19.03639],[-98.14722,19.03648],[-98.14753,19.03675],[-98.14769,19.03683],[-98.14787,19.03694],[-98.14804,19.03714],[-98.14812,19.03738],[-98.14827,19.03752],[-98.1484,19.03755],[-98.14851,19.0375],[-98.14861,19.03737],[-98.14874,19.03724],[-98.1489,19.03718],[-98.1489,19.03718],[-98.14905,19.0373],[-98.14925,19.03742],[-98.14949,19.03742],[-98.14973,19.03748],[-98.1499,19.03747]]]}},{"type":"Feature","properties":{"cp":72510,"nombre":"CP 72510"},"geometry":{"type":"Polygon","coordinates":[[[-98.19002,19.02222],[-98.18808,19.0212],[-98.18608,19.02013],[-98.18599,19.02003],[-98.1856,19.01987],[-98.18549,19.02019],[-98.18556,19.02061],[-98.18563,19.02141],[-98.18561,19.0221],[-98.18602,19.0224],[-98.18617,19.02294],[-98.1862,19.02298],[-98.18626,19.02303],[-98.1863,19.02303],[-98.18642,19.02299],[-98.18639,19.02253],[-98.18643,19.02252],[-98.18656,19.02279],[-98.18678,19.0229],[-98.1857,19.02573],[-98.18629,19.02604],[-98.18684,19.02553],[-98.19002,19.02222]]]}},{"type":"Feature","properties":{"cp":72340,"nombre":"CP 72340"},"geometry":{"type":"Polygon","coordinates":[[[-98.15771,19.04735],[-98.15779,19.04747],[-98.15861,19.04691],[-98.16066,19.0456],[-98.16278,19.04431],[-98.16286,19.04399],[-98.16436,19.04391],[-98.16441,19.04521],[-98.1646,19.04559],[-98.16495,19.04611],[-98.16431,19.04656],[-98.16497,19.04699],[-98.16594,19.0463],[-98.16644,19.04611],[-98.16644,19.04611],[-98.16631,19.04574],[-98.16629,19.04559],[-98.16719,19.04528],[-98.16828,19.04488],[-98.16958,19.04441],[-98.16975,19.04487],[-98.1712,19.04433],[-98.17105,19.04382],[-98.17104,19.04344],[-98.1696,19.04352],[-98.16816,19.04363],[-98.1681,19.04316],[-98.16989,19.04289],[-98.17258,19.04251],[-98.1726,19.04217],[-98.17296,19.03996],[-98.17307,19.03935],[-98.1717,19.03931],[-98.17089,19.03931],[-98.17019,19.03936],[-98.16993,19.03922],[-98.16959,19.0388],[-98.16985,19.03869],[-98.17027,19.03845],[-98.17042,19.03821],[-98.17047,19.03796],[-98.17045,19.03761],[-98.1704,19.03699],[-98.1706,19.0367],[-98.171,19.03634],[-98.17135,19.03626],[-98.1716,19.03596],[-98.1716,19.03596],[-98.17214,19.03437],[-98.17145,19.03403],[-98.17166,19.0335],[-98.17199,19.03293],[-98.17229,19.03256],[-98.17252,19.03233],[-98.1729,19.03222],[-98.17343,19.032],[-98.17385,19.03175],[-98.17433,19.03119],[-98.1747,19.03063],[-98.17678,19.02669],[-98.17683,19.0265],[-98.17685,19.02631],[-98.17686,19.02611],[-98.17683,19.02592],[-98.17679,19.02573],[-98.17672,19.02555],[-98.17662,19.02538],[-98.17651,19.02522],[-98.1763,19.02491],[-98.17581,19.02392],[-98.17491,19.0226],[-98.17425,19.02131],[-98.1739,19.02026],[-98.17375,19.01931],[-98.17378,19.01896],[-98.17346,19.01927],[-98.173,19.01951],[-98.17266,19.01963],[-98.17233,19.0195],[-98.17194,19.01947],[-98.1716,19.01939],[-98.17131,19.0191],[-98.16974,19.01897],[-98.1695,19.01894],[-98.1691,19.01908],[-98.1687,19.01923],[-98.1684,19.0195],[-98.16824,19.0194],[-98.16799,19.01923],[-98.16761,19.0191],[-98.16744,19.01901],[-98.16731,19.01884],[-98.16709,19.01848],[-98.16664,19.01814],[-98.16649,19.018],[-98.16627,19.01754],[-98.16617,19.01725],[-98.16583,19.017],[-98.16545,19.01665],[-98.16534,19.01604],[-98.16523,19.01574],[-98.16493,19.01522],[-98.16454,19.01459],[-98.16417,19.01417],[-98.16384,19.01366],[-98.16053,19.01011],[-98.15807,19.00749],[-98.15411,19.01222],[-98.15162,19.00832],[-98.15053,19.01032],[-98.14919,19.01278],[-98.14854,19.0141],[-98.14854,19.0141],[-98.14913,19.01618],[-98.14935,19.01694],[-98.14969,19.01813],[-98.14998,19.01924],[-98.15033,19.01985],[-98.15031,19.02149],[-98.1503,19.02263],[-98.1503,19.02288],[-98.1503,19.0231],[-98.1504,19.0233],[-98.15047,19.02361],[-98.15047,19.02392],[-98.15048,19.02427],[-98.15054,19.02448],[-98.15062,19.02477],[-98.15055,19.02513],[-98.15042,19.0253],[-98.15024,19.02535],[-98.15006,19.0254],[-98.14972,19.02566],[-98.14942,19.02577],[-98.14929,19.026],[-98.14987,19.02691],[-98.15154,19.02999],[-98.15171,19.03078],[-98.15178,19.03167],[-98.15193,19.03175],[-98.15402,19.03305],[-98.15474,19.03354],[-98.15506,19.03377],[-98.15537,19.03406],[-98.15625,19.0347],[-98.1565,19.03504],[-98.1568,19.0353],[-98.15707,19.03546],[-98.15738,19.03558],[-98.15772,19.0357],[-98.15797,19.03595],[-98.1582,19.03612],[-98.1584,19.03629],[-98.15844,19.03648],[-98.15837,19.03665],[-98.15805,19.03705],[-98.15778,19.03805],[-98.15769,19.03875],[-98.15723,19.04035],[-98.15723,19.04035],[-98.15724,19.0406],[-98.15724,19.0406],[-98.15763,19.0407],[-98.15763,19.0407],[-98.15825,19.04077],[-98.15876,19.04083],[-98.15919,19.04089],[-98.15954,19.04089],[-98.15988,19.04081],[-98.16008,19.04079],[-98.16028,19.04082],[-98.16047,19.04089],[-98.16064,19.04099],[-98.16092,19.04117],[-98.16056,19.04282],[-98.16053,19.04306],[-98.16056,19.04316],[-98.16056,19.04324],[-98.16056,19.0433],[-98.16055,19.04331],[-98.16045,19.04347],[-98.16038,19.04365],[-98.1603,19.04383],[-98.16023,19.044],[-98.16023,19.044],[-98.16023,19.044],[-98.16011,19.04442],[-98.15982,19.04507],[-98.15966,19.04537],[-98.15935,19.0457],[-98.15921,19.04589],[-98.15904,19.04612],[-98.15876,19.04633],[-98.15845,19.04657],[-98.15807,19.04685],[-98.15789,19.04703],[-98.15779,19.04721],[-98.15771,19.04735]]]}},{"type":"Feature","properties":{"cp":72135,"nombre":"CP 72135"},"geometry":{"type":"Polygon","coordinates":[[[-98.23305,19.0805],[-98.23334,19.07995],[-98.23361,19.07932],[-98.23388,19.07944],[-98.2352,19.07752],[-98.23514,19.07745],[-98.23464,19.07681],[-98.23406,19.07607],[-98.23292,19.07406],[-98.23291,19.07483],[-98.23284,19.07525],[-98.2327,19.07556],[-98.23309,19.07621],[-98.23319,19.07663],[-98.23283,19.07651],[-98.2327,19.07682],[-98.23288,19.07689],[-98.23203,19.07937],[-98.23141,19.07911],[-98.23119,19.0798],[-98.23184,19.08006],[-98.2316,19.08067],[-98.23262,19.08124],[-98.23305,19.0805]]]}},{"type":"Feature","properties":{"cp":72359,"nombre":"CP 72359"},"geometry":{"type":"Polygon","coordinates":[[[-98.15724,19.0406],[-98.15724,19.0406],[-98.15723,19.04035],[-98.15691,19.03971],[-98.15506,19.03695],[-98.15412,19.03553],[-98.15372,19.0348],[-98.15264,19.03554],[-98.15029,19.03455],[-98.15014,19.03594],[-98.1499,19.03747],[-98.1499,19.03747],[-98.1499,19.03747],[-98.1502,19.03769],[-98.15102,19.03848],[-98.1516,19.03889],[-98.152,19.03915],[-98.15248,19.03951],[-98.15306,19.03979],[-98.15365,19.03991],[-98.15383,19.03997],[-98.15404,19.03994],[-98.15431,19.03997],[-98.15459,19.04008],[-98.15487,19.04026],[-98.15509,19.04032],[-98.1554,19.04034],[-98.15579,19.04033],[-98.15618,19.04037],[-98.15709,19.04057],[-98.15724,19.0406]]]}},{"type":"Feature","properties":{"cp":72819,"nombre":"CP 72819"},"geometry":{"type":"Polygon","coordinates":[[[-98.27872,19.05106],[-98.27872,19.05106],[-98.279,19.05299],[-98.27927,19.05462],[-98.27942,19.05602],[-98.27985,19.05603],[-98.28037,19.05631],[-98.28049,19.05645],[-98.28065,19.05658],[-98.28092,19.05675],[-98.28117,19.0568],[-98.28143,19.05684],[-98.28192,19.05696],[-98.28217,19.05693],[-98.28261,19.05698],[-98.28256,19.05827],[-98.28449,19.0582],[-98.28476,19.0569],[-98.28626,19.05695],[-98.28623,19.05801],[-98.28636,19.05809],[-98.28783,19.05777],[-98.28786,19.057],[-98.28887,19.05701],[-98.28884,19.05674],[-98.28873,19.05674],[-98.28873,19.05665],[-98.28797,19.05663],[-98.28814,19.0565],[-98.28896,19.05475],[-98.28871,19.05415],[-98.28898,19.05356],[-98.2872,19.05265],[-98.28593,19.05218],[-98.28569,19.0521],[-98.28355,19.05135],[-98.28355,19.05135],[-98.28305,19.05116],[-98.28277,19.05106],[-98.28254,19.05102],[-98.28228,19.051],[-98.28147,19.051],[-98.28135,19.051],[-98.2793,19.05102],[-98.27872,19.05106]]]}},{"type":"Feature","properties":{"cp":72189,"nombre":"CP 72189"},"geometry":{"type":"Polygon","coordinates":[[[-98.23217,19.05369],[-98.23332,19.0543],[-98.23382,19.05342],[-98.23263,19.05283],[-98.23217,19.05369]]]}},{"type":"Feature","properties":{"cp":72810,"nombre":"CP 72810"},"geometry":{"type":"Polygon","coordinates":[[[-98.28593,19.05218],[-98.2872,19.05265],[-98.28898,19.05356],[-98.28871,19.05415],[-98.28896,19.05475],[-98.28814,19.0565],[-98.28797,19.05663],[-98.28873,19.05665],[-98.28873,19.05674],[-98.28884,19.05674],[-98.28887,19.05701],[-98.28786,19.057],[-98.28783,19.05777],[-98.28636,19.05809],[-98.28623,19.05801],[-98.28626,19.05695],[-98.28476,19.0569],[-98.28449,19.0582],[-98.28256,19.05827],[-98.28261,19.05698],[-98.28217,19.05693],[-98.28192,19.05696],[-98.28143,19.05684],[-98.28117,19.0568],[-98.28092,19.05675],[-98.28065,19.05658],[-98.28049,19.05645],[-98.28037,19.05631],[-98.27985,19.05603],[-98.27942,19.05602],[-98.27942,19.05602],[-98.27951,19.05712],[-98.27963,19.05798],[-98.27971,19.05852],[-98.27972,19.0597],[-98.28096,19.05968],[-98.281,19.05968],[-98.28141,19.05968],[-98.28185,19.05967],[-98.28196,19.05967],[-98.28196,19.05967],[-98.28208,19.05967],[-98.28209,19.05967],[-98.28216,19.05974],[-98.28218,19.05976],[-98.28218,19.05977],[-98.28219,19.05979],[-98.28239,19.05985],[-98.28245,19.05987],[-98.28247,19.05987],[-98.28257,19.05993],[-98.28265,19.05997],[-98.28269,19.05999],[-98.28277,19.06005],[-98.28294,19.06023],[-98.28298,19.06027],[-98.28302,19.06031],[-98.28444,19.06001],[-98.28815,19.06001],[-98.2893,19.06002],[-98.29007,19.06001],[-98.29124,19.06001],[-98.29155,19.06001],[-98.2924,19.06001],[-98.29379,19.06001],[-98.29346,19.06075],[-98.2921,19.06076],[-98.29184,19.06136],[-98.29197,19.06154],[-98.29223,19.0614],[-98.29242,19.06132],[-98.29257,19.06131],[-98.29472,19.06209],[-98.29472,19.06209],[-98.29472,19.06209],[-98.29538,19.0617],[-98.29584,19.06143],[-98.29593,19.06137],[-98.29602,19.06132],[-98.29602,19.06132],[-98.29599,19.06124],[-98.29595,19.06114],[-98.2959,19.06101],[-98.29567,19.06043],[-98.29629,19.06019],[-98.29669,19.06004],[-98.29682,19.05999],[-98.29689,19.05996],[-98.29689,19.05996],[-98.29707,19.05987],[-98.29727,19.0598],[-98.29727,19.0598],[-98.29727,19.0598],[-98.29731,19.05982],[-98.29731,19.05982],[-98.29744,19.05974],[-98.2981,19.05955],[-98.29847,19.05939],[-98.29847,19.05939],[-98.29842,19.05895],[-98.29813,19.05879],[-98.29786,19.05864],[-98.29783,19.05862],[-98.2978,19.05858],[-98.29778,19.05854],[-98.29777,19.05849],[-98.29775,19.05847],[-98.2977,19.05843],[-98.29802,19.05777],[-98.29802,19.05777],[-98.29825,19.05788],[-98.29858,19.05805],[-98.29882,19.05817],[-98.29898,19.05825],[-98.29948,19.0585],[-98.3004,19.05901],[-98.30044,19.05903],[-98.30074,19.05918],[-98.30111,19.05931],[-98.30145,19.05946],[-98.30238,19.05986],[-98.30246,19.05987],[-98.30273,19.05974],[-98.3029,19.0596],[-98.30331,19.0592],[-98.30331,19.0592],[-98.30347,19.05904],[-98.30359,19.05893],[-98.30448,19.05769],[-98.30401,19.05747],[-98.30399,19.05742],[-98.3044,19.05656],[-98.30289,19.05585],[-98.30332,19.05497],[-98.30379,19.05406],[-98.30432,19.05302],[-98.30112,19.05157],[-98.30197,19.04982],[-98.30035,19.04906],[-98.30076,19.04823],[-98.302,19.04564],[-98.30042,19.04492],[-98.29899,19.04429],[-98.2986,19.04512],[-98.3,19.04575],[-98.29916,19.04747],[-98.29775,19.0468],[-98.29704,19.04648],[-98.29683,19.04702],[-98.29673,19.04704],[-98.2966,19.04727],[-98.29633,19.04716],[-98.29637,19.04705],[-98.29639,19.04694],[-98.29636,19.04682],[-98.29627,19.04673],[-98.29612,19.04668],[-98.29596,19.04664],[-98.29584,19.0466],[-98.2957,19.04648],[-98.29556,19.04634],[-98.29553,19.04618],[-98.2955,19.04608],[-98.29338,19.04529],[-98.2933,19.04519],[-98.29318,19.04512],[-98.293,19.04509],[-98.29283,19.0451],[-98.29263,19.04504],[-98.29236,19.04506],[-98.29218,19.04501],[-98.29268,19.04412],[-98.29231,19.04416],[-98.28984,19.04265],[-98.28955,19.04311],[-98.28938,19.04351],[-98.28915,19.04399],[-98.28817,19.04537],[-98.28532,19.04386],[-98.28422,19.04568],[-98.2843,19.04574],[-98.28323,19.04615],[-98.28235,19.04654],[-98.28215,19.04659],[-98.28189,19.04662],[-98.28109,19.04665],[-98.28041,19.04631],[-98.28024,19.04629],[-98.27982,19.04651],[-98.27973,19.0467],[-98.28049,19.04703],[-98.28082,19.04708],[-98.28081,19.0474],[-98.28107,19.04736],[-98.28133,19.04727],[-98.28124,19.049],[-98.28229,19.04907],[-98.28253,19.04907],[-98.28269,19.04907],[-98.28514,19.04917],[-98.28448,19.05009],[-98.28596,19.05074],[-98.28577,19.05105],[-98.28611,19.0512],[-98.28637,19.05132],[-98.28593,19.05218]]]}},{"type":"Feature","properties":{"cp":72505,"nombre":"CP 72505"},"geometry":{"type":"Polygon","coordinates":[[[-98.19263,19.03239],[-98.19308,19.03163],[-98.19308,19.03163],[-98.19308,19.03163],[-98.19055,19.03027],[-98.19076,19.0314],[-98.19101,19.03157],[-98.19263,19.03239],[-98.19263,19.03239]]]}},{"type":"Feature","properties":{"cp":72504,"nombre":"CP 72504"},"geometry":{"type":"Polygon","coordinates":[[[-98.19624,19.02901],[-98.19663,19.02801],[-98.19547,19.02746],[-98.19494,19.02837],[-98.19624,19.02901]]]}},{"type":"Feature","properties":{"cp":72303,"nombre":"CP 72303"},"geometry":{"type":"Polygon","coordinates":[[[-98.15918,19.05449],[-98.15918,19.05449],[-98.15872,19.0551],[-98.15832,19.05559],[-98.15917,19.05713],[-98.15947,19.05903],[-98.15951,19.05938],[-98.16085,19.06027],[-98.16251,19.05847],[-98.16287,19.05872],[-98.16367,19.05896],[-98.16473,19.05933],[-98.16511,19.05968],[-98.16588,19.05915],[-98.1664,19.05871],[-98.16689,19.0583],[-98.16667,19.05821],[-98.1617,19.05584],[-98.15918,19.05449]]]}},{"type":"Feature","properties":{"cp":72584,"nombre":"CP 72584"},"geometry":{"type":"Polygon","coordinates":[[[-98.20958,18.97364],[-98.20947,18.97421],[-98.2093,18.97429],[-98.20875,18.97477],[-98.20849,18.97565],[-98.20797,18.9783],[-98.20859,18.97841],[-98.2085,18.97868],[-98.20836,18.97876],[-98.20822,18.97888],[-98.20814,18.979],[-98.20771,18.98],[-98.20735,18.98075],[-98.20707,18.98081],[-98.20683,18.98085],[-98.20661,18.98096],[-98.20654,18.98122],[-98.20614,18.98149],[-98.20603,18.9817],[-98.20563,18.9824],[-98.20542,18.98307],[-98.20537,18.98342],[-98.2055,18.98381],[-98.20567,18.98442],[-98.2061,18.98469],[-98.2058,18.98493],[-98.20611,18.98552],[-98.20615,18.98572],[-98.20575,18.9866],[-98.20573,18.98685],[-98.20697,18.98708],[-98.20731,18.98713],[-98.20754,18.98617],[-98.20821,18.98633],[-98.20795,18.98724],[-98.20843,18.98732],[-98.20866,18.98643],[-98.20887,18.98556],[-98.20895,18.98558],[-98.20915,18.98472],[-98.20917,18.98455],[-98.21039,18.9842],[-98.21198,18.9837],[-98.21341,18.98325],[-98.21351,18.9827],[-98.21374,18.98166],[-98.21409,18.98013],[-98.21353,18.98002],[-98.21401,18.9782],[-98.21423,18.97785],[-98.21368,18.9775],[-98.21276,18.97666],[-98.21172,18.97567],[-98.20958,18.97364]]]}},{"type":"Feature","properties":{"cp":72503,"nombre":"CP 72503"},"geometry":{"type":"Polygon","coordinates":[[[-98.19494,19.02837],[-98.19547,19.02746],[-98.19547,19.02746],[-98.19547,19.02746],[-98.19621,19.02558],[-98.19541,19.02519],[-98.19512,19.02584],[-98.19453,19.02709],[-98.19432,19.02759],[-98.19415,19.02794],[-98.19494,19.02837],[-98.19494,19.02837]]]}},{"type":"Feature","properties":{"cp":72072,"nombre":"CP 72072"},"geometry":{"type":"Polygon","coordinates":[[[-98.17266,19.04581],[-98.17244,19.04505],[-98.17038,19.04578],[-98.17061,19.04632],[-98.17182,19.04733],[-98.17237,19.04687],[-98.17309,19.04631],[-98.17266,19.04581]]]}},{"type":"Feature","properties":{"cp":72280,"nombre":"CP 72280"},"geometry":{"type":"Polygon","coordinates":[[[-98.18356,19.05141],[-98.18368,19.05117],[-98.18383,19.0509],[-98.18395,19.05076],[-98.18404,19.05041],[-98.1841,19.05013],[-98.18282,19.05053],[-98.18255,19.05055],[-98.18197,19.05004],[-98.1822,19.04956],[-98.18257,19.04873],[-98.18299,19.04799],[-98.18377,19.04661],[-98.18448,19.04528],[-98.18488,19.04446],[-98.18508,19.04395],[-98.18508,19.04395],[-98.18508,19.04395],[-98.18409,19.0434],[-98.18302,19.04323],[-98.18177,19.04311],[-98.18156,19.04308],[-98.1809,19.04302],[-98.17999,19.04463],[-98.17944,19.04578],[-98.17657,19.046],[-98.1749,19.04645],[-98.1749,19.04645],[-98.17492,19.04713],[-98.17503,19.04895],[-98.17252,19.05102],[-98.17273,19.05145],[-98.17314,19.05147],[-98.17395,19.05171],[-98.17468,19.05075],[-98.17494,19.0502],[-98.1759,19.05081],[-98.17565,19.05139],[-98.17569,19.05142],[-98.17585,19.05157],[-98.17629,19.05197],[-98.17646,19.05177],[-98.17689,19.05121],[-98.17718,19.05083],[-98.17744,19.05054],[-98.17752,19.05076],[-98.17767,19.0507],[-98.17768,19.05058],[-98.17787,19.05022],[-98.17817,19.04958],[-98.17953,19.04944],[-98.17966,19.05031],[-98.17976,19.05168],[-98.17976,19.05168],[-98.18023,19.05163],[-98.18096,19.05181],[-98.1813,19.05188],[-98.18156,19.05199],[-98.18195,19.05214],[-98.18206,19.05228],[-98.18256,19.05224],[-98.18296,19.05178],[-98.18342,19.05153],[-98.18356,19.05141]]]}},{"type":"Feature","properties":{"cp":72501,"nombre":"CP 72501"},"geometry":{"type":"Polygon","coordinates":[[[-98.19101,19.03157],[-98.19076,19.0314],[-98.19055,19.03027],[-98.19055,19.03027],[-98.19055,19.03027],[-98.18985,19.0299],[-98.18837,19.02914],[-98.18837,19.02914],[-98.18758,19.03052],[-98.18616,19.03196],[-98.18505,19.03328],[-98.1838,19.03472],[-98.18248,19.0362],[-98.18416,19.03707],[-98.18727,19.03859],[-98.18727,19.03859],[-98.18727,19.03859],[-98.18873,19.03583],[-98.18938,19.03462],[-98.19067,19.03226],[-98.19101,19.03157]]]}},{"type":"Feature","properties":{"cp":72565,"nombre":"CP 72565"},"geometry":{"type":"MultiPolygon","coordinates":[[[[-98.18723,19.01662],[-98.18723,19.01662],[-98.18742,19.01649],[-98.18764,19.01645],[-98.1878,19.01655],[-98.18813,19.01691],[-98.18857,19.01713],[-98.18889,19.01723],[-98.18911,19.0173],[-98.18938,19.01726],[-98.18954,19.01713],[-98.18962,19.01693],[-98.18968,19.01666],[-98.18962,19.01638],[-98.18962,19.01638],[-98.18951,19.01609],[-98.18943,19.0159],[-98.1892,19.01561],[-98.1889,19.01528],[-98.18884,19.01516],[-98.18888,19.01498],[-98.18888,19.01498],[-98.18904,19.01481],[-98.18914,19.01459],[-98.18923,19.01422],[-98.18923,19.01422],[-98.18934,19.01396],[-98.1896,19.01364],[-98.18978,19.01323],[-98.18978,19.01302],[-98.18978,19.01302],[-98.18958,19.01277],[-98.1893,19.01252],[-98.18916,19.01219],[-98.18921,19.01193],[-98.18921,19.01193],[-98.18953,19.01169],[-98.18822,19.01006],[-98.18798,19.00989],[-98.18779,19.00982],[-98.18749,19.00997],[-98.18625,19.01214],[-98.18474,19.01139],[-98.18408,19.01261],[-98.18343,19.01387],[-98.18496,19.01498],[-98.18723,19.01662]]],[[[-98.18103,19.00935],[-98.1807,19.0096],[-98.18056,19.0098],[-98.18023,19.01049],[-98.18195,19.01136],[-98.18269,19.01056],[-98.18283,19.01032],[-98.18124,19.00951],[-98.18103,19.00935]]]]}},{"type":"Feature","properties":{"cp":72266,"nombre":"CP 72266"},"geometry":{"type":"Polygon","coordinates":[[[-98.18103,19.06314],[-98.18103,19.06314],[-98.18125,19.06366],[-98.18128,19.06374],[-98.18198,19.0638],[-98.18196,19.06405],[-98.18274,19.06408],[-98.18274,19.064],[-98.18359,19.06415],[-98.18351,19.06435],[-98.18451,19.06421],[-98.18475,19.06411],[-98.18504,19.064],[-98.18521,19.06401],[-98.18527,19.06384],[-98.18544,19.06329],[-98.18581,19.0619],[-98.18527,19.06167],[-98.18612,19.06065],[-98.18629,19.06005],[-98.18555,19.06047],[-98.18548,19.06053],[-98.1854,19.06059],[-98.18532,19.06064],[-98.18523,19.06069],[-98.18514,19.06073],[-98.18505,19.06076],[-98.18495,19.06079],[-98.18438,19.06087],[-98.18428,19.06087],[-98.18418,19.06087],[-98.18408,19.06086],[-98.18399,19.06085],[-98.18389,19.06084],[-98.18379,19.06082],[-98.18362,19.06077],[-98.18353,19.06072],[-98.18343,19.0607],[-98.18334,19.06071],[-98.18324,19.06074],[-98.18312,19.06084],[-98.1827,19.06125],[-98.18246,19.06153],[-98.18127,19.06286],[-98.18103,19.06314],[-98.18103,19.06314]]]}},{"type":"Feature","properties":{"cp":72267,"nombre":"CP 72267"},"geometry":{"type":"Polygon","coordinates":[[[-98.17696,19.06415],[-98.17985,19.06448],[-98.18078,19.06341],[-98.17895,19.0631],[-98.17782,19.06288],[-98.17672,19.06265],[-98.1757,19.06246],[-98.17447,19.06319],[-98.17581,19.06358],[-98.17669,19.06371],[-98.17696,19.06415]]]}},{"type":"Feature","properties":{"cp":72290,"nombre":"CP 72290"},"geometry":{"type":"Polygon","coordinates":[[[-98.19175,19.05284],[-98.1906,19.05157],[-98.1898,19.05071],[-98.18962,19.05036],[-98.18936,19.04975],[-98.18919,19.04926],[-98.18918,19.04897],[-98.18918,19.04862],[-98.18966,19.04705],[-98.18964,19.0467],[-98.18964,19.04652],[-98.18967,19.04626],[-98.18976,19.04606],[-98.1899,19.04586],[-98.19007,19.04572],[-98.19045,19.04552],[-98.19113,19.04519],[-98.19136,19.04509],[-98.19157,19.04489],[-98.1917,19.04474],[-98.19183,19.04449],[-98.19218,19.04311],[-98.19229,19.04269],[-98.19229,19.04269],[-98.19129,19.04234],[-98.19062,19.04235],[-98.19035,19.04237],[-98.18994,19.04247],[-98.1894,19.04252],[-98.18911,19.04247],[-98.1888,19.04232],[-98.18769,19.04178],[-98.18731,19.04278],[-98.18612,19.04369],[-98.18562,19.04422],[-98.18508,19.04395],[-98.18508,19.04395],[-98.18488,19.04446],[-98.18448,19.04528],[-98.18377,19.04661],[-98.18299,19.04799],[-98.18257,19.04873],[-98.1822,19.04956],[-98.18197,19.05004],[-98.18255,19.05055],[-98.18282,19.05053],[-98.1841,19.05013],[-98.18404,19.05041],[-98.18395,19.05076],[-98.18383,19.0509],[-98.18368,19.05117],[-98.18356,19.05141],[-98.18381,19.05145],[-98.18422,19.05181],[-98.18443,19.05197],[-98.18434,19.05206],[-98.18424,19.05221],[-98.18412,19.05245],[-98.18413,19.0528],[-98.1843,19.05302],[-98.18458,19.05336],[-98.18473,19.05342],[-98.18501,19.05341],[-98.18514,19.05338],[-98.18541,19.05389],[-98.18574,19.05416],[-98.18579,19.05404],[-98.18592,19.05392],[-98.18599,19.05382],[-98.18614,19.05377],[-98.18626,19.05378],[-98.18647,19.05381],[-98.18661,19.05388],[-98.18678,19.054],[-98.18691,19.05416],[-98.18704,19.05435],[-98.1872,19.05436],[-98.18737,19.05442],[-98.18764,19.05452],[-98.1881,19.05438],[-98.18997,19.05538],[-98.19031,19.05453],[-98.19052,19.05414],[-98.19094,19.05368],[-98.19175,19.05284],[-98.19175,19.05284]]]}},{"type":"Feature","properties":{"cp":72243,"nombre":"CP 72243"},"geometry":{"type":"Polygon","coordinates":[[[-98.18701,19.06503],[-98.18687,19.06561],[-98.18662,19.06645],[-98.18643,19.06701],[-98.18629,19.06737],[-98.18613,19.06738],[-98.18601,19.06733],[-98.18585,19.06728],[-98.18572,19.06727],[-98.18565,19.06732],[-98.18562,19.06744],[-98.18562,19.0677],[-98.18559,19.06791],[-98.18548,19.06815],[-98.18566,19.06812],[-98.18589,19.06818],[-98.18766,19.06891],[-98.18854,19.06934],[-98.18969,19.06992],[-98.19049,19.06855],[-98.19089,19.06793],[-98.19147,19.06688],[-98.19123,19.06664],[-98.19089,19.06626],[-98.19079,19.06614],[-98.19075,19.06607],[-98.19072,19.06599],[-98.1907,19.06593],[-98.1907,19.0659],[-98.19069,19.06581],[-98.1907,19.06573],[-98.19072,19.06564],[-98.19079,19.06538],[-98.19086,19.0651],[-98.19071,19.06507],[-98.19031,19.06506],[-98.18954,19.0651],[-98.18773,19.06505],[-98.18701,19.06503]]]}},{"type":"Feature","properties":{"cp":72996,"nombre":"CP 72996"},"geometry":{"type":"Polygon","coordinates":[[[-98.07936,19.04387],[-98.07952,19.04387],[-98.07992,19.04385],[-98.08024,19.04384],[-98.08172,19.04377],[-98.08305,19.04385],[-98.08517,19.04409],[-98.08521,19.04375],[-98.08496,19.04277],[-98.08461,19.04203],[-98.0844,19.04147],[-98.08425,19.0411],[-98.08424,19.0409],[-98.08432,19.04067],[-98.08446,19.04043],[-98.08452,19.04026],[-98.08453,19.03987],[-98.08457,19.03965],[-98.0844,19.03938],[-98.08418,19.03957],[-98.08405,19.03978],[-98.08383,19.03992],[-98.08333,19.03993],[-98.08309,19.03994],[-98.0829,19.04],[-98.08267,19.03995],[-98.08242,19.03983],[-98.08211,19.03984],[-98.0819,19.03989],[-98.0817,19.03991],[-98.08155,19.03999],[-98.08146,19.0402],[-98.08135,19.0404],[-98.08119,19.04053],[-98.08094,19.04055],[-98.08058,19.04055],[-98.08019,19.04059],[-98.08014,19.0409],[-98.07957,19.04223],[-98.07925,19.04324],[-98.07955,19.04323],[-98.07936,19.04387],[-98.07936,19.04387]]]}},{"type":"Feature","properties":{"cp":72210,"nombre":"CP 72210"},"geometry":{"type":"Polygon","coordinates":[[[-98.18548,19.06815],[-98.18511,19.06846],[-98.1848,19.06864],[-98.18441,19.06894],[-98.1837,19.06952],[-98.18347,19.06983],[-98.17911,19.06696],[-98.17876,19.0675],[-98.17856,19.0678],[-98.17797,19.06871],[-98.17717,19.06963],[-98.17635,19.07052],[-98.17561,19.07136],[-98.17537,19.07101],[-98.17516,19.07067],[-98.175,19.07033],[-98.17482,19.07],[-98.17351,19.07148],[-98.17087,19.07448],[-98.17056,19.07478],[-98.17024,19.07503],[-98.16996,19.07519],[-98.16953,19.0754],[-98.16945,19.07543],[-98.16879,19.07578],[-98.16805,19.07642],[-98.16653,19.07824],[-98.16501,19.08006],[-98.1647,19.08046],[-98.1647,19.08046],[-98.16581,19.08102],[-98.16709,19.08144],[-98.16784,19.08156],[-98.16849,19.08166],[-98.16973,19.08167],[-98.17047,19.08158],[-98.17139,19.08151],[-98.17199,19.08151],[-98.17286,19.08159],[-98.17394,19.08171],[-98.17398,19.08142],[-98.17408,19.08137],[-98.17419,19.08134],[-98.17436,19.08117],[-98.17441,19.08102],[-98.17454,19.08079],[-98.17464,19.08079],[-98.17479,19.08073],[-98.17496,19.08067],[-98.17518,19.08046],[-98.17529,19.0805],[-98.17543,19.08063],[-98.17561,19.08069],[-98.1757,19.08059],[-98.17575,19.08044],[-98.17575,19.08033],[-98.17573,19.08021],[-98.17584,19.08006],[-98.17595,19.07999],[-98.17608,19.07994],[-98.1762,19.07996],[-98.17633,19.07992],[-98.1764,19.07981],[-98.17651,19.07963],[-98.17685,19.07938],[-98.17706,19.07932],[-98.17719,19.07932],[-98.17731,19.07937],[-98.17745,19.0793],[-98.17766,19.07915],[-98.17783,19.07904],[-98.17801,19.07903],[-98.17814,19.07895],[-98.17827,19.07883],[-98.17844,19.07866],[-98.1786,19.07854],[-98.17873,19.07843],[-98.17887,19.07829],[-98.17901,19.07822],[-98.17908,19.07811],[-98.17911,19.07783],[-98.17916,19.07765],[-98.17925,19.07745],[-98.17937,19.07733],[-98.17955,19.07726],[-98.17971,19.07725],[-98.1799,19.07724],[-98.18007,19.07715],[-98.18023,19.07704],[-98.18028,19.07694],[-98.18024,19.07686],[-98.18017,19.07668],[-98.18017,19.07661],[-98.1802,19.07646],[-98.18031,19.07615],[-98.18051,19.07586],[-98.18065,19.07573],[-98.18082,19.07567],[-98.18094,19.07569],[-98.181,19.07579],[-98.18101,19.07603],[-98.18112,19.07622],[-98.18127,19.07629],[-98.18139,19.07627],[-98.18149,19.07615],[-98.18162,19.07579],[-98.18162,19.07579],[-98.18167,19.0756],[-98.18167,19.0756],[-98.18169,19.07534],[-98.18179,19.07523],[-98.18192,19.07517],[-98.18207,19.07515],[-98.18222,19.0751],[-98.18237,19.075],[-98.1825,19.07493],[-98.1827,19.07495],[-98.18295,19.07492],[-98.18321,19.07484],[-98.18349,19.07465],[-98.18375,19.07446],[-98.18412,19.07422],[-98.18435,19.07417],[-98.18457,19.07406],[-98.18485,19.07392],[-98.18509,19.07391],[-98.18537,19.07341],[-98.18504,19.07336],[-98.18493,19.07319],[-98.18484,19.073],[-98.18476,19.07286],[-98.18478,19.0727],[-98.18485,19.07245],[-98.18507,19.07194],[-98.18503,19.07167],[-98.18497,19.0715],[-98.18492,19.07132],[-98.18495,19.07115],[-98.18505,19.07097],[-98.18527,19.07071],[-98.18543,19.07046],[-98.1855,19.07023],[-98.1855,19.07],[-98.18548,19.06965],[-98.18551,19.06945],[-98.18554,19.06924],[-98.1856,19.06902],[-98.18565,19.06882],[-98.18561,19.06867],[-98.18556,19.0685],[-98.18549,19.06834],[-98.18548,19.06815]]]}},{"type":"Feature","properties":{"cp":72220,"nombre":"CP 72220"},"geometry":{"type":"Polygon","coordinates":[[[-98.15978,19.06203],[-98.16046,19.06746],[-98.16055,19.06816],[-98.16055,19.06816],[-98.16055,19.06816],[-98.16089,19.07068],[-98.16252,19.07191],[-98.16459,19.07359],[-98.1668,19.07539],[-98.16805,19.07642],[-98.16879,19.07578],[-98.16945,19.07543],[-98.16953,19.0754],[-98.16996,19.07519],[-98.17024,19.07503],[-98.17056,19.07478],[-98.17087,19.07448],[-98.17351,19.07148],[-98.17482,19.07],[-98.17684,19.06773],[-98.17636,19.0676],[-98.17593,19.06755],[-98.17565,19.06757],[-98.17544,19.06756],[-98.17515,19.06735],[-98.17516,19.06729],[-98.17433,19.0677],[-98.17379,19.06792],[-98.17354,19.06743],[-98.17319,19.06678],[-98.17293,19.0663],[-98.17415,19.06604],[-98.17503,19.06586],[-98.17537,19.0658],[-98.17538,19.06574],[-98.17549,19.06532],[-98.17557,19.06479],[-98.17567,19.064],[-98.17461,19.06387],[-98.17156,19.06347],[-98.16709,19.06282],[-98.16664,19.06277],[-98.15984,19.06204],[-98.15978,19.06203]]]}},{"type":"Feature","properties":{"cp":72050,"nombre":"CP 72050"},"geometry":{"type":"Polygon","coordinates":[[[-98.20094,19.07393],[-98.2026,19.07408],[-98.20296,19.07408],[-98.2032,19.07404],[-98.20335,19.07395],[-98.20357,19.07378],[-98.20386,19.07348],[-98.2048,19.0727],[-98.20531,19.07229],[-98.20566,19.072],[-98.20718,19.07077],[-98.20724,19.07073],[-98.21003,19.06837],[-98.20717,19.06566],[-98.20671,19.0662],[-98.20567,19.06552],[-98.2045,19.06475],[-98.20432,19.06503],[-98.20407,19.06506],[-98.20192,19.0653],[-98.2008,19.06546],[-98.19923,19.06572],[-98.19909,19.06574],[-98.19884,19.06577],[-98.19868,19.0653],[-98.19797,19.06631],[-98.19745,19.06709],[-98.19729,19.06733],[-98.19697,19.06781],[-98.19615,19.06904],[-98.19588,19.06946],[-98.19682,19.07358],[-98.197,19.07363],[-98.19721,19.07372],[-98.19753,19.07382],[-98.19787,19.07387],[-98.19891,19.07387],[-98.20094,19.07393]]]}},{"type":"Feature","properties":{"cp":72045,"nombre":"CP 72045"},"geometry":{"type":"Polygon","coordinates":[[[-98.2048,19.0727],[-98.20386,19.07348],[-98.20357,19.07378],[-98.20335,19.07395],[-98.2032,19.07404],[-98.20296,19.07408],[-98.2026,19.07408],[-98.2035,19.07718],[-98.2035,19.07718],[-98.20549,19.07671],[-98.20784,19.07605],[-98.20774,19.0759],[-98.20842,19.07521],[-98.20851,19.07513],[-98.20742,19.07393],[-98.2069,19.07332],[-98.20667,19.07306],[-98.20582,19.07381],[-98.20555,19.0735],[-98.2048,19.0727]]]}},{"type":"Feature","properties":{"cp":72040,"nombre":"CP 72040"},"geometry":{"type":"Polygon","coordinates":[[[-98.20784,19.07605],[-98.20549,19.07671],[-98.2035,19.07718],[-98.2035,19.07718],[-98.20399,19.07882],[-98.20465,19.08112],[-98.20489,19.0821],[-98.20489,19.0821],[-98.2071,19.08178],[-98.21107,19.08119],[-98.21637,19.08045],[-98.21686,19.07891],[-98.21709,19.07825],[-98.21751,19.0769],[-98.21766,19.07637],[-98.21772,19.07618],[-98.21798,19.07526],[-98.21834,19.07404],[-98.21911,19.07161],[-98.21927,19.07108],[-98.21927,19.07108],[-98.21841,19.07094],[-98.21853,19.0703],[-98.21817,19.07001],[-98.21737,19.07032],[-98.21689,19.0705],[-98.21654,19.07025],[-98.2164,19.07063],[-98.21479,19.06929],[-98.21453,19.07017],[-98.21422,19.07117],[-98.21368,19.07295],[-98.21327,19.0744],[-98.21295,19.07553],[-98.21273,19.07628],[-98.2113,19.0759],[-98.21129,19.07587],[-98.20808,19.07591],[-98.20784,19.07605]]]}},{"type":"Feature","properties":{"cp":72010,"nombre":"CP 72010"},"geometry":{"type":"Polygon","coordinates":[[[-98.20567,19.08696],[-98.20489,19.0821],[-98.20489,19.0821],[-98.20465,19.08112],[-98.20399,19.07882],[-98.2035,19.07718],[-98.2035,19.07718],[-98.2035,19.07718],[-98.2026,19.07408],[-98.20094,19.07393],[-98.20071,19.08135],[-98.20066,19.08293],[-98.20064,19.08401],[-98.20065,19.08539],[-98.20064,19.08548],[-98.20103,19.08572],[-98.2014,19.08596],[-98.20132,19.08635],[-98.20228,19.08653],[-98.20567,19.08696]]]}},{"type":"Feature","properties":{"cp":72225,"nombre":"CP 72225"},"geometry":{"type":"Polygon","coordinates":[[[-98.14175,19.07432],[-98.14498,19.07541],[-98.14445,19.07603],[-98.14394,19.07672],[-98.14668,19.0782],[-98.14668,19.07815],[-98.14672,19.07762],[-98.14701,19.07671],[-98.1472,19.07618],[-98.1501,19.07696],[-98.15291,19.07775],[-98.15943,19.07955],[-98.16194,19.07965],[-98.16292,19.07976],[-98.16358,19.07992],[-98.16446,19.08034],[-98.1647,19.08046],[-98.1647,19.08046],[-98.16501,19.08006],[-98.16653,19.07824],[-98.16805,19.07642],[-98.1668,19.07539],[-98.16459,19.07359],[-98.16252,19.07191],[-98.16089,19.07068],[-98.16055,19.06816],[-98.16055,19.06816],[-98.15879,19.06832],[-98.1572,19.06851],[-98.15748,19.06496],[-98.1567,19.06492],[-98.15434,19.06478],[-98.15312,19.06469],[-98.15289,19.06535],[-98.15258,19.06593],[-98.1523,19.06593],[-98.15144,19.06595],[-98.15045,19.06601],[-98.15045,19.06601],[-98.14175,19.07432]]]}},{"type":"Feature","properties":{"cp":72016,"nombre":"CP 72016"},"geometry":{"type":"Polygon","coordinates":[[[-98.18485,19.09978],[-98.18485,19.09978],[-98.18485,19.09978],[-98.18428,19.09906],[-98.18341,19.09807],[-98.18366,19.09734],[-98.18366,19.09734],[-98.18501,19.09644],[-98.18675,19.09518],[-98.18675,19.09518],[-98.18656,19.09501],[-98.18419,19.09377],[-98.18415,19.09345],[-98.1841,19.09306],[-98.18409,19.09265],[-98.18415,19.09194],[-98.18433,19.09123],[-98.18555,19.08859],[-98.1861,19.08736],[-98.18658,19.08642],[-98.18819,19.08417],[-98.18701,19.08398],[-98.18596,19.08381],[-98.18405,19.08349],[-98.18038,19.08287],[-98.17832,19.08246],[-98.17831,19.08246],[-98.17609,19.08207],[-98.17608,19.08236],[-98.17616,19.08264],[-98.17629,19.08289],[-98.17641,19.08302],[-98.17652,19.08303],[-98.17666,19.08306],[-98.17669,19.08316],[-98.17668,19.08329],[-98.17658,19.08349],[-98.17651,19.08367],[-98.17641,19.08371],[-98.17631,19.08368],[-98.1762,19.08361],[-98.17601,19.08362],[-98.17584,19.08365],[-98.17573,19.08378],[-98.17559,19.08395],[-98.17549,19.08409],[-98.17546,19.08418],[-98.17556,19.08432],[-98.17566,19.08443],[-98.17571,19.08457],[-98.17572,19.08473],[-98.17566,19.08486],[-98.17593,19.08497],[-98.17609,19.0847],[-98.17683,19.08525],[-98.17714,19.0854],[-98.17734,19.08545],[-98.17757,19.08546],[-98.17787,19.08591],[-98.1785,19.08638],[-98.17838,19.08664],[-98.17773,19.08791],[-98.17716,19.08895],[-98.17699,19.08924],[-98.17688,19.08943],[-98.17663,19.08986],[-98.17885,19.09106],[-98.17818,19.09198],[-98.17794,19.09198],[-98.17775,19.09187],[-98.17603,19.09093],[-98.1758,19.09132],[-98.17577,19.09139],[-98.17512,19.09256],[-98.1728,19.09658],[-98.17242,19.09724],[-98.17119,19.09938],[-98.17071,19.09963],[-98.1703,19.09997],[-98.16978,19.10047],[-98.16875,19.10172],[-98.16848,19.10188],[-98.16808,19.10258],[-98.1675,19.10361],[-98.16683,19.10423],[-98.16609,19.10491],[-98.16609,19.10491],[-98.16618,19.10507],[-98.16687,19.10554],[-98.16754,19.10599],[-98.16832,19.1065],[-98.16899,19.10699],[-98.16922,19.10716],[-98.16943,19.10729],[-98.16965,19.10745],[-98.16995,19.1076],[-98.17036,19.10781],[-98.17082,19.10807],[-98.17085,19.10809],[-98.17136,19.10836],[-98.17204,19.10873],[-98.17345,19.10948],[-98.17362,19.10958],[-98.17369,19.10962],[-98.17389,19.10972],[-98.17427,19.1099],[-98.17485,19.1102],[-98.17501,19.11032],[-98.17566,19.11069],[-98.17661,19.11119],[-98.17687,19.11132],[-98.17694,19.11137],[-98.1771,19.11146],[-98.1771,19.11147],[-98.17711,19.11147],[-98.1772,19.11152],[-98.17775,19.11182],[-98.17886,19.1124],[-98.18054,19.1133],[-98.18079,19.11344],[-98.1808,19.11344],[-98.18088,19.11349],[-98.18089,19.11349],[-98.18279,19.1124],[-98.18395,19.11173],[-98.18454,19.11134],[-98.18463,19.11121],[-98.1847,19.11092],[-98.1847,19.11092],[-98.18471,19.1106],[-98.18471,19.1106],[-98.18465,19.11025],[-98.18465,19.11025],[-98.18468,19.10997],[-98.18468,19.10997],[-98.18477,19.10947],[-98.18477,19.10947],[-98.18476,19.10887],[-98.18476,19.10887],[-98.18471,19.10835],[-98.18373,19.10817],[-98.18364,19.1079],[-98.18352,19.10755],[-98.18352,19.10755],[-98.1835,19.10721],[-98.18338,19.10692],[-98.18338,19.10692],[-98.18327,19.10651],[-98.18327,19.10651],[-98.18318,19.10601],[-98.18318,19.10601],[-98.18312,19.10565],[-98.18312,19.10565],[-98.18345,19.10523],[-98.18346,19.10473],[-98.18333,19.10455],[-98.18315,19.10435],[-98.18303,19.10424],[-98.18303,19.10424],[-98.18305,19.10408],[-98.18305,19.10408],[-98.18313,19.10396],[-98.18332,19.10379],[-98.1834,19.10352],[-98.1834,19.10352],[-98.18345,19.10325],[-98.18345,19.10325],[-98.18357,19.10277],[-98.18357,19.10277],[-98.18367,19.10253],[-98.18346,19.10222],[-98.18346,19.10222],[-98.18385,19.101],[-98.18385,19.101],[-98.1845,19.10138],[-98.18489,19.10183],[-98.18513,19.10212],[-98.18592,19.10172],[-98.18492,19.10013],[-98.18443,19.09984],[-98.18443,19.09984],[-98.18458,19.09972],[-98.18485,19.09978]],[[-98.17692,19.08396],[-98.17724,19.08352],[-98.17797,19.08394],[-98.17868,19.08434],[-98.17833,19.08486],[-98.17692,19.08396]]]}},{"type":"Feature","properties":{"cp":72640,"nombre":"CP 72640"},"geometry":{"type":"Polygon","coordinates":[[[-98.32266,19.10221],[-98.32266,19.10221],[-98.32185,19.10322],[-98.32142,19.10384],[-98.3204,19.10515],[-98.32188,19.10613],[-98.32158,19.10647],[-98.32023,19.10696],[-98.31806,19.10863],[-98.31696,19.10946],[-98.31585,19.11029],[-98.31647,19.11187],[-98.31647,19.11187],[-98.31668,19.11234],[-98.31697,19.11296],[-98.31722,19.11401],[-98.31737,19.11455],[-98.31742,19.11475],[-98.31761,19.11546],[-98.31794,19.11649],[-98.3181,19.11695],[-98.31866,19.11853],[-98.3188,19.119],[-98.31953,19.12122],[-98.32027,19.12363],[-98.32106,19.12619],[-98.32141,19.12732],[-98.32183,19.12881],[-98.322,19.12939],[-98.3222,19.13],[-98.32226,19.13018],[-98.32233,19.13039],[-98.32269,19.13146],[-98.32288,19.13213],[-98.32338,19.13419],[-98.32348,19.13516],[-98.32367,19.13465],[-98.32458,19.13482],[-98.32541,19.13498],[-98.3307,19.12773],[-98.33135,19.12588],[-98.33139,19.12592],[-98.33222,19.12439],[-98.33327,19.12282],[-98.33409,19.12173],[-98.3338,19.12152],[-98.33421,19.12089],[-98.33349,19.11932],[-98.33294,19.11838],[-98.33295,19.11836],[-98.3351,19.11535],[-98.3351,19.11535],[-98.33508,19.11534],[-98.33501,19.11517],[-98.33736,19.11219],[-98.33846,19.11282],[-98.33928,19.11189],[-98.33935,19.11188],[-98.34391,19.10534],[-98.33948,19.10223],[-98.33931,19.1021],[-98.33889,19.10181],[-98.33825,19.10136],[-98.33822,19.10133],[-98.33725,19.10069],[-98.33677,19.10036],[-98.33674,19.10035],[-98.33673,19.10034],[-98.33635,19.10008],[-98.3357,19.09959],[-98.33535,19.09932],[-98.33483,19.09895],[-98.33478,19.09892],[-98.33431,19.09858],[-98.33431,19.09858],[-98.33429,19.09861],[-98.33386,19.09911],[-98.33357,19.09945],[-98.33337,19.09968],[-98.33316,19.09994],[-98.33304,19.10009],[-98.33288,19.1003],[-98.3321,19.10113],[-98.33167,19.10165],[-98.33158,19.10179],[-98.33116,19.10252],[-98.3308,19.10288],[-98.33069,19.10301],[-98.33057,19.10314],[-98.33054,19.10314],[-98.33047,19.10313],[-98.33034,19.10312],[-98.33024,19.10313],[-98.32994,19.10324],[-98.32959,19.10344],[-98.32956,19.10346],[-98.32941,19.10358],[-98.32939,19.10359],[-98.32939,19.1036],[-98.32934,19.10385],[-98.32904,19.10404],[-98.32889,19.10415],[-98.32851,19.10449],[-98.32974,19.10532],[-98.32984,19.10541],[-98.32987,19.10544],[-98.3299,19.10548],[-98.32991,19.10555],[-98.32991,19.10555],[-98.32967,19.10595],[-98.32947,19.10626],[-98.32945,19.1063],[-98.32943,19.10632],[-98.32936,19.10626],[-98.32877,19.10576],[-98.32781,19.10523],[-98.32661,19.1046],[-98.32657,19.10458],[-98.32654,19.10456],[-98.32606,19.104],[-98.32546,19.10364],[-98.32539,19.10359],[-98.32514,19.10339],[-98.32457,19.10293],[-98.32435,19.10278],[-98.3242,19.10269],[-98.3242,19.10269],[-98.32418,19.10269],[-98.32398,19.10276],[-98.32366,19.10283],[-98.32341,19.10277],[-98.32272,19.10227],[-98.32266,19.10221]]]}},{"type":"Feature","properties":{"cp":72593,"nombre":"CP 72593"},"geometry":{"type":"Polygon","coordinates":[[[-98.19547,18.99449],[-98.19644,18.99429],[-98.19803,18.99398],[-98.19841,18.9918],[-98.19935,18.99194],[-98.19949,18.99123],[-98.1998,18.98935],[-98.19962,18.98932],[-98.19968,18.9887],[-98.19912,18.98863],[-98.19906,18.98897],[-98.19881,18.98893],[-98.19886,18.98766],[-98.19887,18.98716],[-98.19887,18.98716],[-98.19895,18.98521],[-98.19619,18.98482],[-98.19605,18.98715],[-98.19575,18.99128],[-98.19547,18.99449]]]}},{"type":"Feature","properties":{"cp":72665,"nombre":"CP 72665"},"geometry":{"type":"Polygon","coordinates":[[[-98.3456,19.1339],[-98.34719,19.1314],[-98.34766,19.13045],[-98.34858,19.12911],[-98.34942,19.12771],[-98.34998,19.12686],[-98.35046,19.12606],[-98.35074,19.1252],[-98.35099,19.12472],[-98.34829,19.12162],[-98.34832,19.12157],[-98.34832,19.12157],[-98.34579,19.12144],[-98.34791,19.11658],[-98.34551,19.11575],[-98.34406,19.11554],[-98.34096,19.11348],[-98.34044,19.11312],[-98.34034,19.11309],[-98.33933,19.11191],[-98.33935,19.11188],[-98.33928,19.11189],[-98.33846,19.11282],[-98.33736,19.11219],[-98.33501,19.11517],[-98.33508,19.11534],[-98.3351,19.11535],[-98.3351,19.11535],[-98.33295,19.11836],[-98.33294,19.11838],[-98.33349,19.11932],[-98.33421,19.12089],[-98.3338,19.12152],[-98.33409,19.12173],[-98.33327,19.12282],[-98.33222,19.12439],[-98.33139,19.12592],[-98.33135,19.12588],[-98.3307,19.12773],[-98.32541,19.13498],[-98.32543,19.13498],[-98.32544,19.13499],[-98.32598,19.13509],[-98.32664,19.13522],[-98.32694,19.13527],[-98.32712,19.13531],[-98.32719,19.13532],[-98.32777,19.13543],[-98.32817,19.13543],[-98.32876,19.13542],[-98.33044,19.1354],[-98.33069,19.1354],[-98.33074,19.1354],[-98.33198,19.13539],[-98.3322,19.13539],[-98.33267,19.13538],[-98.33333,19.13538],[-98.33337,19.13537],[-98.33391,19.13536],[-98.33469,19.13534],[-98.33587,19.13531],[-98.33689,19.13529],[-98.33712,19.13528],[-98.33722,19.13528],[-98.3378,19.13525],[-98.33868,19.13521],[-98.33871,19.13521],[-98.34,19.13515],[-98.34063,19.13513],[-98.34083,19.13512],[-98.3415,19.1347],[-98.34268,19.13527],[-98.3439,19.13313],[-98.3456,19.1339]]]}},{"type":"Feature","properties":{"cp":72015,"nombre":"CP 72015"},"geometry":{"type":"Polygon","coordinates":[[[-98.19977,19.08627],[-98.19838,19.0894],[-98.19859,19.08937],[-98.1988,19.08942],[-98.19911,19.08921],[-98.19956,19.08918],[-98.20002,19.08915],[-98.20035,19.08905],[-98.20052,19.08885],[-98.19977,19.08627],[-98.19977,19.08627]]]}},{"type":"Feature","properties":{"cp":72660,"nombre":"CP 72660"},"geometry":{"type":"Polygon","coordinates":[[[-98.38261,19.11869],[-98.38256,19.1186],[-98.38246,19.11852],[-98.38232,19.11843],[-98.38187,19.11815],[-98.38171,19.11807],[-98.38139,19.11791],[-98.3809,19.11766],[-98.38049,19.11745],[-98.38014,19.11727],[-98.3798,19.1171],[-98.37944,19.11693],[-98.3791,19.11677],[-98.3786,19.11653],[-98.37854,19.11651],[-98.3784,19.11646],[-98.37807,19.11635],[-98.37751,19.11616],[-98.37641,19.11577],[-98.37627,19.11572],[-98.3761,19.11567],[-98.3758,19.11557],[-98.3757,19.11554],[-98.37546,19.11546],[-98.37527,19.11539],[-98.37521,19.11537],[-98.37515,19.11534],[-98.37503,19.11527],[-98.37492,19.11522],[-98.37481,19.11519],[-98.37463,19.11514],[-98.37453,19.11511],[-98.37429,19.11503],[-98.37413,19.11498],[-98.37237,19.11402],[-98.37066,19.11313],[-98.36895,19.11224],[-98.36714,19.11134],[-98.36541,19.11044],[-98.36452,19.1114],[-98.36417,19.11175],[-98.36394,19.11198],[-98.36325,19.11267],[-98.36277,19.11316],[-98.36227,19.11367],[-98.36191,19.11405],[-98.36135,19.11464],[-98.36128,19.11472],[-98.36127,19.11474],[-98.36102,19.11477],[-98.36071,19.11479],[-98.3604,19.11478],[-98.36013,19.11475],[-98.35913,19.11465],[-98.35879,19.11462],[-98.35872,19.11465],[-98.35855,19.1147],[-98.35821,19.11501],[-98.35095,19.10702],[-98.35095,19.10702],[-98.34652,19.10195],[-98.34639,19.10195],[-98.34545,19.10198],[-98.34263,19.10211],[-98.34076,19.10219],[-98.34064,19.1022],[-98.3395,19.10224],[-98.33948,19.10223],[-98.34391,19.10534],[-98.33935,19.11188],[-98.33933,19.11191],[-98.34034,19.11309],[-98.34044,19.11312],[-98.34096,19.11348],[-98.34406,19.11554],[-98.34551,19.11575],[-98.34791,19.11658],[-98.34579,19.12144],[-98.34832,19.12157],[-98.34832,19.12157],[-98.34829,19.12162],[-98.35099,19.12472],[-98.35074,19.1252],[-98.35046,19.12606],[-98.34998,19.12686],[-98.34942,19.12771],[-98.34858,19.12911],[-98.34766,19.13045],[-98.34719,19.1314],[-98.3456,19.1339],[-98.34698,19.13452],[-98.34743,19.13472],[-98.34749,19.13475],[-98.34761,19.13478],[-98.34816,19.1349],[-98.34929,19.13516],[-98.35008,19.13535],[-98.35199,19.1358],[-98.35249,19.13594],[-98.3539,19.13635],[-98.35514,19.13672],[-98.35574,19.13689],[-98.35606,19.13698],[-98.35675,19.13727],[-98.35754,19.13761],[-98.3577,19.13767],[-98.35888,19.13817],[-98.3593,19.13835],[-98.35936,19.13837],[-98.36095,19.13903],[-98.36115,19.13913],[-98.36117,19.13914],[-98.36238,19.13972],[-98.36299,19.14002],[-98.36394,19.14063],[-98.36449,19.14098],[-98.36577,19.14136],[-98.36678,19.14167],[-98.36808,19.14222],[-98.36811,19.14223],[-98.37252,19.14411],[-98.37412,19.14479],[-98.37456,19.14498],[-98.37456,19.14498],[-98.37506,19.14413],[-98.37517,19.14387],[-98.37549,19.14319],[-98.37595,19.1422],[-98.37615,19.14176],[-98.37645,19.14113],[-98.37645,19.14113],[-98.37476,19.14033],[-98.37476,19.14033],[-98.37499,19.13986],[-98.37517,19.13947],[-98.37553,19.13873],[-98.37591,19.13791],[-98.37612,19.13748],[-98.37633,19.13703],[-98.37683,19.13563],[-98.37668,19.13575],[-98.3748,19.13364],[-98.37439,19.13318],[-98.3743,19.13308],[-98.37402,19.13275],[-98.3738,19.1325],[-98.37229,19.13077],[-98.371,19.12929],[-98.37038,19.12857],[-98.37005,19.12817],[-98.36996,19.12807],[-98.36987,19.12799],[-98.36985,19.12796],[-98.36922,19.12725],[-98.3687,19.12665],[-98.36867,19.12661],[-98.36813,19.126],[-98.36813,19.126],[-98.36773,19.12554],[-98.3677,19.12551],[-98.36746,19.12526],[-98.36739,19.12519],[-98.36738,19.12518],[-98.36738,19.12518],[-98.3674,19.12516],[-98.36746,19.12512],[-98.36779,19.12489],[-98.36823,19.12465],[-98.36845,19.12453],[-98.36939,19.12417],[-98.36942,19.12415],[-98.37021,19.12369],[-98.37049,19.1235],[-98.37095,19.12343],[-98.37106,19.12341],[-98.37203,19.12287],[-98.37206,19.12286],[-98.37328,19.12232],[-98.37429,19.12192],[-98.37487,19.12168],[-98.37558,19.12134],[-98.37614,19.12107],[-98.37777,19.12042],[-98.37892,19.11998],[-98.37897,19.11996],[-98.38031,19.11949],[-98.38051,19.11941],[-98.38056,19.11939],[-98.38156,19.11901],[-98.38213,19.11881],[-98.3824,19.11871],[-98.38261,19.11869],[-98.38261,19.11869]]]}},{"type":"Feature","properties":{"cp":72060,"nombre":"CP 72060"},"geometry":{"type":"Polygon","coordinates":[[[-98.22408,19.06709],[-98.22237,19.06423],[-98.22184,19.06337],[-98.22112,19.06221],[-98.22104,19.06254],[-98.22093,19.06305],[-98.22085,19.06336],[-98.2208,19.06364],[-98.22072,19.06378],[-98.22057,19.06385],[-98.22036,19.06414],[-98.21871,19.06632],[-98.21875,19.06641],[-98.21858,19.06689],[-98.21867,19.06695],[-98.21852,19.06745],[-98.21842,19.06745],[-98.21814,19.06822],[-98.21844,19.06849],[-98.21872,19.06871],[-98.21942,19.07065],[-98.21942,19.07065],[-98.21927,19.07108],[-98.21927,19.07108],[-98.21911,19.07161],[-98.21834,19.07404],[-98.22008,19.07452],[-98.21861,19.07726],[-98.21751,19.0769],[-98.21709,19.07825],[-98.21857,19.07889],[-98.21879,19.07827],[-98.21876,19.07826],[-98.21901,19.07803],[-98.21961,19.07741],[-98.21983,19.07719],[-98.22004,19.07686],[-98.22038,19.07634],[-98.22059,19.07599],[-98.22064,19.07602],[-98.22116,19.07523],[-98.22139,19.07511],[-98.22357,19.07425],[-98.22357,19.07425],[-98.22358,19.07424],[-98.2258,19.07335],[-98.2258,19.07335],[-98.2258,19.07335],[-98.22411,19.07177],[-98.22276,19.06899],[-98.22223,19.06792],[-98.22408,19.06709],[-98.22408,19.06709]]]}},{"type":"Feature","properties":{"cp":72848,"nombre":"CP 72848"},"geometry":{"type":"Polygon","coordinates":[[[-98.35819,19.04244],[-98.35819,19.04243],[-98.35611,19.04113],[-98.35605,19.04122],[-98.35605,19.04122],[-98.35511,19.04065],[-98.35495,19.04025],[-98.35473,19.03961],[-98.35451,19.03892],[-98.35442,19.03852],[-98.35426,19.03796],[-98.35426,19.03796],[-98.35415,19.03742],[-98.35408,19.03685],[-98.35408,19.03685],[-98.35406,19.03675],[-98.354,19.03668],[-98.35302,19.03651],[-98.34864,19.03578],[-98.34753,19.035],[-98.34753,19.035],[-98.34801,19.03479],[-98.34801,19.03479],[-98.34706,19.03406],[-98.34679,19.03388],[-98.34593,19.03332],[-98.34598,19.03323],[-98.34598,19.03323],[-98.34573,19.03309],[-98.34564,19.03304],[-98.34543,19.03313],[-98.34499,19.03287],[-98.34466,19.03267],[-98.34436,19.03249],[-98.34423,19.0324],[-98.34345,19.0319],[-98.34362,19.03167],[-98.34368,19.03158],[-98.34368,19.03158],[-98.34348,19.03145],[-98.34363,19.03121],[-98.34359,19.03119],[-98.34365,19.03111],[-98.34365,19.03111],[-98.34352,19.03103],[-98.34346,19.03103],[-98.34279,19.03052],[-98.34292,19.03014],[-98.34292,19.03014],[-98.34269,19.03028],[-98.34178,19.03084],[-98.34129,19.02891],[-98.34111,19.02822],[-98.34101,19.02781],[-98.34068,19.02653],[-98.34043,19.02557],[-98.34039,19.02541],[-98.34031,19.02507],[-98.34006,19.02491],[-98.3397,19.02468],[-98.33935,19.02445],[-98.33782,19.02347],[-98.33771,19.02336],[-98.33751,19.02316],[-98.33725,19.02291],[-98.33725,19.02291],[-98.33705,19.02321],[-98.33669,19.02371],[-98.33658,19.02387],[-98.33623,19.02435],[-98.33584,19.02493],[-98.33556,19.02535],[-98.33549,19.02546],[-98.33544,19.02554],[-98.33544,19.02554],[-98.33544,19.02554],[-98.33544,19.02554],[-98.33316,19.02884],[-98.33243,19.02986],[-98.33111,19.029],[-98.32914,19.03225],[-98.32812,19.03377],[-98.32798,19.03392],[-98.32732,19.0353],[-98.32659,19.03643],[-98.3253,19.03569],[-98.32444,19.03698],[-98.32393,19.03667],[-98.32338,19.03749],[-98.32387,19.03777],[-98.32182,19.0408],[-98.32156,19.04091],[-98.32093,19.04057],[-98.32014,19.04178],[-98.32046,19.042],[-98.31998,19.04271],[-98.32085,19.04323],[-98.32085,19.04323],[-98.32291,19.04446],[-98.3245,19.04552],[-98.3245,19.04552],[-98.32469,19.0454],[-98.32597,19.04625],[-98.32609,19.04632],[-98.32649,19.04659],[-98.32712,19.04694],[-98.32791,19.04738],[-98.32794,19.0474],[-98.3282,19.04755],[-98.32908,19.04804],[-98.32908,19.04804],[-98.33112,19.04732],[-98.33373,19.04638],[-98.33425,19.04621],[-98.33574,19.04598],[-98.33764,19.04568],[-98.33863,19.04554],[-98.34006,19.0453],[-98.3416,19.04504],[-98.34242,19.04489],[-98.34304,19.0448],[-98.34369,19.04469],[-98.34531,19.04444],[-98.34687,19.0442],[-98.34785,19.04405],[-98.34921,19.04384],[-98.35096,19.04357],[-98.35193,19.04342],[-98.35308,19.04324],[-98.35426,19.04305],[-98.35523,19.0429],[-98.3559,19.04279],[-98.35613,19.04276],[-98.35788,19.04248],[-98.35819,19.04244]]]}},{"type":"Feature","properties":{"cp":72600,"nombre":"CP 72600"},"geometry":{"type":"Polygon","coordinates":[[[-98.31817,19.16168],[-98.31819,19.16204],[-98.31821,19.16242],[-98.31825,19.16267],[-98.31837,19.16302],[-98.31865,19.16346],[-98.31986,19.16466],[-98.32085,19.16566],[-98.3217,19.16662],[-98.32379,19.16882],[-98.32393,19.16866],[-98.32408,19.16882],[-98.32468,19.1695],[-98.32502,19.16988],[-98.3252,19.17002],[-98.32533,19.17009],[-98.326,19.17039],[-98.32639,19.17057],[-98.3267,19.17072],[-98.32754,19.1711],[-98.32776,19.1712],[-98.32927,19.17193],[-98.32927,19.17193],[-98.33077,19.17264],[-98.33131,19.1729],[-98.33509,19.17472],[-98.3359,19.17506],[-98.33608,19.17513],[-98.33659,19.17534],[-98.3381,19.17595],[-98.33822,19.176],[-98.33956,19.17657],[-98.34077,19.17703],[-98.34116,19.17719],[-98.34152,19.17736],[-98.34202,19.1776],[-98.34252,19.17784],[-98.34267,19.17792],[-98.34271,19.17794],[-98.34264,19.17813],[-98.34261,19.17824],[-98.34258,19.17832],[-98.34222,19.17926],[-98.34165,19.18089],[-98.3416,19.18103],[-98.34106,19.18251],[-98.34081,19.18316],[-98.34057,19.18384],[-98.34053,19.18394],[-98.34014,19.18507],[-98.34001,19.18537],[-98.3398,19.18598],[-98.33981,19.18608],[-98.34209,19.18849],[-98.3437,19.19018],[-98.34542,19.19201],[-98.34542,19.19201],[-98.34542,19.19201],[-98.34542,19.19201],[-98.34549,19.19192],[-98.34912,19.18685],[-98.34917,19.18679],[-98.3499,19.18577],[-98.3499,19.18577],[-98.34993,19.18574],[-98.35003,19.1856],[-98.3511,19.18408],[-98.35182,19.18306],[-98.35182,19.18306],[-98.35206,19.18266],[-98.35236,19.1822],[-98.35255,19.18191],[-98.35291,19.18139],[-98.35326,19.18088],[-98.35326,19.18087],[-98.35351,19.1805],[-98.35401,19.17973],[-98.35455,19.17892],[-98.3549,19.1792],[-98.35499,19.17914],[-98.35499,19.17914],[-98.35499,19.17914],[-98.35509,19.17892],[-98.35532,19.17843],[-98.35532,19.17842],[-98.35559,19.17778],[-98.35577,19.17728],[-98.35585,19.17707],[-98.35599,19.17668],[-98.35633,19.17595],[-98.35633,19.17595],[-98.35648,19.17557],[-98.35669,19.17505],[-98.35679,19.17482],[-98.35707,19.17421],[-98.35733,19.17366],[-98.35739,19.17368],[-98.35802,19.17196],[-98.35807,19.17197],[-98.35871,19.17026],[-98.35872,19.17026],[-98.35952,19.16782],[-98.35952,19.16782],[-98.35952,19.16782],[-98.35823,19.16806],[-98.35812,19.16809],[-98.35817,19.16801],[-98.35862,19.16719],[-98.35863,19.16715],[-98.35941,19.16582],[-98.35943,19.1658],[-98.36023,19.16445],[-98.36025,19.16443],[-98.36093,19.16328],[-98.36093,19.16328],[-98.35708,19.16162],[-98.35223,19.15993],[-98.34937,19.15786],[-98.34131,19.15419],[-98.33967,19.15313],[-98.33732,19.15202],[-98.33554,19.15251],[-98.33401,19.15193],[-98.33222,19.15178],[-98.31963,19.14505],[-98.31913,19.1458],[-98.31907,19.14589],[-98.31825,19.14694],[-98.31817,19.14978],[-98.31819,19.15147],[-98.31819,19.15157],[-98.31819,19.15431],[-98.3182,19.15454],[-98.31821,19.15644],[-98.31821,19.15692],[-98.31822,19.15819],[-98.31823,19.15921],[-98.31823,19.15939],[-98.31824,19.16071],[-98.31817,19.16168]]]}},{"type":"Feature","properties":{"cp":72070,"nombre":"CP 72070"},"geometry":{"type":"MultiPolygon","coordinates":[[[[-98.20717,19.06566],[-98.21003,19.06837],[-98.20724,19.07073],[-98.20877,19.07211],[-98.21023,19.07339],[-98.21176,19.07159],[-98.21368,19.07295],[-98.21422,19.07117],[-98.21453,19.07017],[-98.21479,19.06929],[-98.2164,19.07063],[-98.21654,19.07025],[-98.21689,19.0705],[-98.21737,19.07032],[-98.21817,19.07001],[-98.21853,19.0703],[-98.21841,19.07094],[-98.21927,19.07108],[-98.21927,19.07108],[-98.21927,19.07108],[-98.21942,19.07065],[-98.21942,19.07065],[-98.21872,19.06871],[-98.21844,19.06849],[-98.21814,19.06822],[-98.21814,19.06822],[-98.21591,19.06629],[-98.21507,19.06557],[-98.21442,19.065],[-98.21287,19.06376],[-98.21377,19.06293],[-98.21465,19.06216],[-98.21518,19.06168],[-98.21505,19.0616],[-98.21556,19.06113],[-98.21494,19.06046],[-98.21364,19.05908],[-98.2123,19.06019],[-98.2104,19.06175],[-98.20963,19.06267],[-98.20859,19.06419],[-98.20781,19.06503],[-98.20717,19.06566]]],[[[-98.21751,19.0769],[-98.21861,19.07726],[-98.22008,19.07452],[-98.21834,19.07404],[-98.21798,19.07526],[-98.21772,19.07618],[-98.21766,19.07637],[-98.21751,19.0769]]]]}},{"type":"Feature","properties":{"cp":72815,"nombre":"CP 72815"},"geometry":{"type":"Polygon","coordinates":[[[-98.3061,19.04957],[-98.30652,19.04873],[-98.30654,19.04869],[-98.30693,19.04791],[-98.30695,19.04788],[-98.30696,19.04787],[-98.30739,19.04702],[-98.30725,19.04696],[-98.30808,19.04554],[-98.30899,19.04396],[-98.30565,19.04247],[-98.30638,19.04084],[-98.30543,19.0405],[-98.3056,19.0401],[-98.30548,19.03999],[-98.30457,19.03996],[-98.30427,19.03995],[-98.30385,19.03971],[-98.3035,19.03971],[-98.30329,19.03989],[-98.303,19.03976],[-98.30286,19.04001],[-98.30095,19.03904],[-98.30002,19.03997],[-98.2986,19.04148],[-98.29776,19.04102],[-98.2968,19.04199],[-98.2953,19.04107],[-98.29548,19.04166],[-98.29463,19.04116],[-98.29372,19.04251],[-98.29268,19.04412],[-98.29218,19.04501],[-98.29236,19.04506],[-98.29263,19.04504],[-98.29283,19.0451],[-98.293,19.04509],[-98.29318,19.04512],[-98.2933,19.04519],[-98.29338,19.04529],[-98.2955,19.04608],[-98.29553,19.04618],[-98.29556,19.04634],[-98.2957,19.04648],[-98.29584,19.0466],[-98.29596,19.04664],[-98.29612,19.04668],[-98.29627,19.04673],[-98.29636,19.04682],[-98.29639,19.04694],[-98.29637,19.04705],[-98.29633,19.04716],[-98.2966,19.04727],[-98.29673,19.04704],[-98.29683,19.04702],[-98.29704,19.04648],[-98.29775,19.0468],[-98.29916,19.04747],[-98.3,19.04575],[-98.2986,19.04512],[-98.29899,19.04429],[-98.30042,19.04492],[-98.302,19.04564],[-98.30076,19.04823],[-98.30035,19.04906],[-98.30197,19.04982],[-98.30112,19.05157],[-98.30432,19.05302],[-98.30475,19.05216],[-98.30479,19.05214],[-98.30519,19.05137],[-98.30521,19.05132],[-98.30566,19.05045],[-98.3061,19.04957],[-98.3061,19.04957]]]}},{"type":"Feature","properties":{"cp":72723,"nombre":"CP 72723"},"geometry":{"type":"Polygon","coordinates":[[[-98.25031,19.08377],[-98.25041,19.08403],[-98.25067,19.08454],[-98.2518,19.085],[-98.25194,19.08506],[-98.25261,19.08538],[-98.25306,19.08558],[-98.25265,19.08596],[-98.25225,19.08635],[-98.25187,19.0862],[-98.25163,19.08611],[-98.25139,19.08621],[-98.25077,19.08704],[-98.25061,19.08726],[-98.24976,19.08839],[-98.24844,19.09013],[-98.24964,19.09029],[-98.25066,19.09144],[-98.25147,19.08993],[-98.25231,19.0884],[-98.25239,19.08862],[-98.25258,19.08873],[-98.25345,19.08918],[-98.25444,19.08806],[-98.25546,19.08678],[-98.25595,19.08691],[-98.25683,19.08729],[-98.25709,19.0875],[-98.25723,19.08783],[-98.25753,19.08716],[-98.25761,19.08674],[-98.25732,19.08661],[-98.25654,19.08627],[-98.25719,19.08507],[-98.25674,19.08502],[-98.25605,19.08497],[-98.25657,19.0838],[-98.25678,19.08378],[-98.25652,19.08316],[-98.25627,19.08261],[-98.25621,19.08251],[-98.25617,19.08253],[-98.25606,19.08256],[-98.25602,19.08258],[-98.25533,19.08285],[-98.25521,19.0829],[-98.25497,19.08294],[-98.2549,19.08295],[-98.25474,19.08298],[-98.25368,19.08317],[-98.25316,19.08326],[-98.2531,19.08327],[-98.25188,19.08351],[-98.25188,19.08351],[-98.25154,19.08356],[-98.25128,19.08361],[-98.25109,19.08365],[-98.25031,19.08377]]]}},{"type":"Feature","properties":{"cp":72105,"nombre":"CP 72105"},"geometry":{"type":"Polygon","coordinates":[[[-98.24019,19.08285],[-98.24007,19.08299],[-98.2399,19.08328],[-98.23978,19.08348],[-98.23959,19.08395],[-98.23959,19.08395],[-98.23955,19.08413],[-98.23955,19.08413],[-98.2395,19.0843],[-98.2395,19.0843],[-98.23948,19.0847],[-98.23948,19.0847],[-98.23952,19.08519],[-98.23952,19.08519],[-98.23957,19.08549],[-98.23957,19.08549],[-98.23967,19.08574],[-98.23975,19.08604],[-98.24009,19.08686],[-98.2403,19.08734],[-98.24049,19.0875],[-98.24091,19.08788],[-98.24099,19.08786],[-98.24099,19.08786],[-98.24099,19.08786],[-98.24104,19.08801],[-98.24104,19.08801],[-98.24104,19.08801],[-98.24136,19.08813],[-98.24136,19.08813],[-98.24136,19.08813],[-98.24142,19.08814],[-98.24177,19.08815],[-98.24176,19.08791],[-98.24175,19.08756],[-98.24171,19.08693],[-98.24184,19.08692],[-98.24196,19.0869],[-98.242,19.0869],[-98.24213,19.08689],[-98.24216,19.08689],[-98.24247,19.08687],[-98.2428,19.08686],[-98.24281,19.08686],[-98.24286,19.08685],[-98.24275,19.08657],[-98.24271,19.08638],[-98.24271,19.08636],[-98.24267,19.08619],[-98.24267,19.08619],[-98.24335,19.08621],[-98.24468,19.08625],[-98.24496,19.08626],[-98.24497,19.08626],[-98.24498,19.08626],[-98.24512,19.08627],[-98.24523,19.08628],[-98.24538,19.08629],[-98.24564,19.0863],[-98.24582,19.08632],[-98.24603,19.08633],[-98.2462,19.08633],[-98.24603,19.08611],[-98.24601,19.08609],[-98.246,19.08608],[-98.24575,19.08588],[-98.24574,19.08587],[-98.24572,19.08585],[-98.24561,19.08577],[-98.24537,19.0856],[-98.24524,19.08551],[-98.24497,19.08533],[-98.24491,19.08529],[-98.24478,19.08514],[-98.24458,19.08497],[-98.24453,19.08492],[-98.2445,19.08489],[-98.24435,19.0847],[-98.24435,19.0847],[-98.24431,19.08465],[-98.2442,19.08452],[-98.24418,19.08449],[-98.24414,19.08444],[-98.24372,19.08439],[-98.24323,19.0843],[-98.24281,19.08422],[-98.24224,19.08402],[-98.24189,19.0839],[-98.24134,19.08361],[-98.24019,19.08285]]]}},{"type":"Feature","properties":{"cp":72754,"nombre":"CP 72754"},"geometry":{"type":"Polygon","coordinates":[[[-98.2668,19.05968],[-98.26814,19.05968],[-98.26889,19.05968],[-98.26932,19.05968],[-98.26995,19.05968],[-98.27043,19.05967],[-98.2707,19.05967],[-98.27144,19.05967],[-98.27161,19.05966],[-98.27167,19.05967],[-98.27217,19.05967],[-98.27225,19.05967],[-98.27263,19.0587],[-98.27214,19.05852],[-98.27192,19.05904],[-98.27134,19.05879],[-98.27178,19.05804],[-98.27253,19.05679],[-98.27261,19.05663],[-98.27279,19.05637],[-98.27327,19.05569],[-98.27367,19.05511],[-98.27389,19.05474],[-98.27434,19.05399],[-98.27475,19.05335],[-98.27497,19.05303],[-98.27537,19.05254],[-98.2756,19.05225],[-98.2765,19.05099],[-98.27621,19.05099],[-98.2761,19.05099],[-98.27548,19.05095],[-98.27436,19.05076],[-98.27395,19.05072],[-98.27375,19.05069],[-98.27343,19.05065],[-98.27319,19.05061],[-98.27256,19.05049],[-98.27169,19.05032],[-98.27129,19.05025],[-98.27102,19.05019],[-98.27089,19.05017],[-98.27038,19.05007],[-98.2702,19.05004],[-98.26983,19.04997],[-98.26978,19.04996],[-98.26954,19.05076],[-98.2693,19.05166],[-98.26898,19.0526],[-98.2688,19.05327],[-98.26835,19.0547],[-98.26809,19.05558],[-98.26791,19.05616],[-98.26738,19.05792],[-98.26729,19.05819],[-98.26718,19.05847],[-98.2671,19.05862],[-98.26694,19.05915],[-98.2668,19.05968]]]}},{"type":"Feature","properties":{"cp":72814,"nombre":"CP 72814"},"geometry":{"type":"Polygon","coordinates":[[[-98.27972,19.0597],[-98.27971,19.05852],[-98.27963,19.05798],[-98.27951,19.05712],[-98.27942,19.05602],[-98.27942,19.05602],[-98.27927,19.05462],[-98.279,19.05299],[-98.27872,19.05106],[-98.27872,19.05106],[-98.27832,19.05095],[-98.27788,19.05098],[-98.27743,19.05098],[-98.27669,19.05099],[-98.27666,19.05099],[-98.2765,19.05099],[-98.2756,19.05225],[-98.27537,19.05254],[-98.27497,19.05303],[-98.27475,19.05335],[-98.27434,19.05399],[-98.27389,19.05474],[-98.27367,19.05511],[-98.27327,19.05569],[-98.27279,19.05637],[-98.27261,19.05663],[-98.27253,19.05679],[-98.27178,19.05804],[-98.27134,19.05879],[-98.27192,19.05904],[-98.27214,19.05852],[-98.27263,19.0587],[-98.27225,19.05967],[-98.27261,19.05967],[-98.27283,19.05967],[-98.27337,19.05967],[-98.27395,19.05967],[-98.27417,19.05967],[-98.27438,19.05968],[-98.27468,19.05968],[-98.27492,19.05969],[-98.27598,19.05969],[-98.27635,19.05969],[-98.27673,19.05969],[-98.27673,19.05969],[-98.27707,19.05969],[-98.27719,19.05969],[-98.27751,19.05969],[-98.27947,19.0597],[-98.27954,19.0597],[-98.27957,19.0597],[-98.27972,19.0597]]]}},{"type":"Feature","properties":{"cp":72813,"nombre":"CP 72813"},"geometry":{"type":"Polygon","coordinates":[[[-98.26389,19.04529],[-98.26433,19.04541],[-98.26433,19.04545],[-98.26433,19.04545],[-98.26437,19.04546],[-98.26444,19.04545],[-98.26446,19.04545],[-98.26458,19.0454],[-98.26473,19.04534],[-98.26504,19.04531],[-98.26528,19.04528],[-98.26531,19.0454],[-98.26556,19.04543],[-98.26587,19.04553],[-98.26607,19.04576],[-98.26619,19.04582],[-98.26627,19.04588],[-98.26693,19.0461],[-98.26751,19.04626],[-98.26803,19.04639],[-98.26867,19.04651],[-98.26867,19.04651],[-98.26982,19.04681],[-98.27027,19.04691],[-98.2707,19.04703],[-98.27111,19.04712],[-98.2702,19.05004],[-98.27038,19.05007],[-98.27089,19.05017],[-98.27102,19.05019],[-98.27129,19.05025],[-98.27169,19.05032],[-98.27256,19.05049],[-98.27319,19.05061],[-98.27343,19.05065],[-98.27375,19.05069],[-98.27395,19.05072],[-98.27436,19.05076],[-98.27548,19.05095],[-98.2761,19.05099],[-98.27621,19.05099],[-98.2765,19.05099],[-98.27666,19.05099],[-98.27669,19.05099],[-98.27743,19.05098],[-98.27788,19.05098],[-98.27832,19.05095],[-98.27828,19.05056],[-98.27817,19.04977],[-98.27806,19.04901],[-98.27787,19.04778],[-98.2777,19.04656],[-98.27762,19.0458],[-98.27746,19.04489],[-98.27737,19.04453],[-98.27723,19.04417],[-98.27695,19.04362],[-98.27668,19.0432],[-98.27634,19.04286],[-98.27589,19.04255],[-98.27501,19.04213],[-98.27388,19.04165],[-98.27265,19.04112],[-98.27169,19.0407],[-98.27095,19.04028],[-98.27051,19.04096],[-98.27009,19.04094],[-98.26836,19.04381],[-98.2683,19.04378],[-98.26706,19.04318],[-98.26667,19.04299],[-98.26629,19.04281],[-98.26605,19.0427],[-98.26545,19.04242],[-98.26449,19.04419],[-98.26389,19.04529]]]}},{"type":"Feature","properties":{"cp":72089,"nombre":"CP 72089"},"geometry":{"type":"MultiPolygon","coordinates":[[[[-98.19296,19.05612],[-98.1935,19.05637],[-98.19416,19.05526],[-98.19561,19.05284],[-98.19607,19.05211],[-98.19483,19.05143],[-98.19344,19.05071],[-98.19165,19.04978],[-98.19115,19.05071],[-98.19094,19.05108],[-98.1906,19.05157],[-98.19175,19.05284],[-98.19276,19.05396],[-98.19281,19.05404],[-98.19285,19.05413],[-98.19289,19.05421],[-98.19293,19.0543],[-98.19296,19.05439],[-98.19299,19.05448],[-98.19301,19.05457],[-98.19304,19.05466],[-98.19305,19.05475],[-98.19307,19.05485],[-98.19308,19.05494],[-98.19308,19.05503],[-98.19308,19.05513],[-98.19308,19.05522],[-98.19307,19.05532],[-98.19306,19.05541],[-98.19305,19.0555],[-98.19303,19.05559],[-98.19296,19.05612]]],[[[-98.20704,19.05991],[-98.20704,19.05991],[-98.20551,19.05895],[-98.20425,19.05822],[-98.20084,19.05642],[-98.19912,19.05705],[-98.199,19.05728],[-98.19886,19.0575],[-98.19843,19.05825],[-98.19976,19.05929],[-98.19877,19.06093],[-98.19987,19.06166],[-98.19938,19.06239],[-98.19997,19.06279],[-98.20129,19.06368],[-98.2021,19.06221],[-98.20315,19.06192],[-98.20394,19.06157],[-98.20536,19.06081],[-98.20704,19.05991]]]]}},{"type":"Feature","properties":{"cp":72580,"nombre":"CP 72580"},"geometry":{"type":"Polygon","coordinates":[[[-98.21667,19.00286],[-98.21586,19.0031],[-98.21452,19.00353],[-98.2114,19.00209],[-98.20987,19.00506],[-98.20708,19.00442],[-98.20679,19.0046],[-98.20622,19.00495],[-98.20702,19.00716],[-98.20772,19.00911],[-98.21033,19.01017],[-98.20995,19.01089],[-98.21081,19.01153],[-98.21073,19.01167],[-98.21179,19.01342],[-98.2129,19.01524],[-98.21282,19.01551],[-98.21256,19.01638],[-98.21149,19.01992],[-98.21184,19.02092],[-98.2119,19.02109],[-98.2119,19.02109],[-98.21195,19.021],[-98.21452,19.01624],[-98.21639,19.01276],[-98.21874,19.01375],[-98.22112,19.00958],[-98.21946,19.00876],[-98.21994,19.00793],[-98.21929,19.00745],[-98.21837,19.00674],[-98.2174,19.00615],[-98.21726,19.0064],[-98.21675,19.00613],[-98.21623,19.00623],[-98.21525,19.00601],[-98.21657,19.00334],[-98.21667,19.00286]]]}},{"type":"Feature","properties":{"cp":72304,"nombre":"CP 72304"},"geometry":{"type":"Polygon","coordinates":[[[-98.15951,19.05938],[-98.15947,19.05903],[-98.15917,19.05713],[-98.15832,19.05559],[-98.15832,19.05559],[-98.15725,19.05414],[-98.15513,19.05661],[-98.15487,19.05693],[-98.15476,19.05798],[-98.15084,19.05585],[-98.14984,19.05668],[-98.14969,19.05674],[-98.1494,19.0568],[-98.14923,19.05687],[-98.14916,19.05701],[-98.14905,19.05713],[-98.149,19.05732],[-98.14888,19.0575],[-98.14891,19.05763],[-98.14881,19.05779],[-98.14866,19.05806],[-98.14843,19.0585],[-98.14823,19.05866],[-98.14818,19.05878],[-98.14816,19.05891],[-98.14822,19.05902],[-98.14825,19.0591],[-98.14819,19.05916],[-98.1481,19.05919],[-98.14786,19.05924],[-98.14771,19.05936],[-98.14757,19.0595],[-98.14752,19.05987],[-98.14752,19.05987],[-98.14807,19.05996],[-98.14807,19.05996],[-98.15438,19.06118],[-98.15431,19.06162],[-98.15413,19.06206],[-98.15357,19.0628],[-98.15263,19.06372],[-98.15218,19.06416],[-98.15028,19.06601],[-98.15045,19.06601],[-98.15045,19.06601],[-98.15144,19.06595],[-98.1523,19.06593],[-98.15258,19.06593],[-98.15289,19.06535],[-98.15312,19.06469],[-98.15434,19.06478],[-98.1567,19.06492],[-98.15748,19.06496],[-98.1572,19.06851],[-98.15879,19.06832],[-98.16055,19.06816],[-98.16055,19.06816],[-98.16046,19.06746],[-98.15978,19.06203],[-98.15978,19.06203],[-98.15951,19.05938]]]}},{"type":"Feature","properties":{"cp":72550,"nombre":"CP 72550"},"geometry":{"type":"Polygon","coordinates":[[[-98.19956,19.02025],[-98.19956,19.02025],[-98.19956,19.02025],[-98.20018,19.02286],[-98.2008,19.02577],[-98.2046,19.02579],[-98.20591,19.02651],[-98.20591,19.02651],[-98.207,19.02638],[-98.20935,19.02623],[-98.20935,19.02623],[-98.21102,19.02325],[-98.21136,19.02247],[-98.2118,19.02132],[-98.2119,19.02109],[-98.2119,19.02109],[-98.2119,19.02109],[-98.21184,19.02092],[-98.21149,19.01992],[-98.21256,19.01638],[-98.21009,19.01523],[-98.21049,19.01441],[-98.21028,19.0143],[-98.21086,19.01322],[-98.2103,19.01248],[-98.20934,19.01201],[-98.20995,19.01089],[-98.21033,19.01017],[-98.20772,19.00911],[-98.20702,19.00716],[-98.20684,19.00711],[-98.20684,19.00711],[-98.20629,19.00851],[-98.2058,19.00947],[-98.20516,19.01068],[-98.20405,19.01282],[-98.20356,19.01374],[-98.20291,19.01492],[-98.20169,19.01727],[-98.20289,19.01788],[-98.20289,19.01788],[-98.20124,19.0209],[-98.19965,19.02004],[-98.19956,19.02025]]]}},{"type":"Feature","properties":{"cp":72106,"nombre":"CP 72106"},"geometry":{"type":"Polygon","coordinates":[[[-98.21698,19.12505],[-98.21698,19.12505],[-98.21752,19.12506],[-98.21786,19.12486],[-98.21809,19.12471],[-98.21812,19.12398],[-98.21822,19.12368],[-98.21828,19.12339],[-98.21831,19.12302],[-98.21851,19.12257],[-98.21867,19.12135],[-98.21898,19.12069],[-98.21953,19.12053],[-98.22062,19.11966],[-98.22161,19.11943],[-98.22194,19.11905],[-98.22245,19.11891],[-98.22267,19.11885],[-98.22403,19.1184],[-98.2245,19.11806],[-98.22479,19.11759],[-98.2249,19.11725],[-98.22494,19.11718],[-98.22501,19.11712],[-98.22505,19.11704],[-98.22506,19.117],[-98.22508,19.11696],[-98.2251,19.11694],[-98.22516,19.11691],[-98.22519,19.11687],[-98.22519,19.11686],[-98.2252,19.11681],[-98.22522,19.11677],[-98.22525,19.11674],[-98.22527,19.11673],[-98.2253,19.11673],[-98.22533,19.11675],[-98.22535,19.11678],[-98.22539,19.11681],[-98.22544,19.11682],[-98.22552,19.11682],[-98.22562,19.11677],[-98.22573,19.11667],[-98.2258,19.11657],[-98.22588,19.11634],[-98.22565,19.11615],[-98.22559,19.11611],[-98.22553,19.11609],[-98.22496,19.11613],[-98.22491,19.11613],[-98.2245,19.1161],[-98.22434,19.11608],[-98.22411,19.11605],[-98.22387,19.116],[-98.22357,19.11589],[-98.22343,19.1158],[-98.22329,19.11571],[-98.22323,19.11569],[-98.22303,19.11567],[-98.2229,19.11563],[-98.22281,19.11557],[-98.22275,19.11552],[-98.22275,19.11552],[-98.22273,19.1155],[-98.22252,19.11524],[-98.22243,19.11515],[-98.22232,19.11508],[-98.22221,19.11506],[-98.22215,19.11506],[-98.22214,19.11506],[-98.22201,19.11509],[-98.22197,19.11511],[-98.22195,19.11512],[-98.22193,19.11513],[-98.2219,19.11513],[-98.2219,19.11513],[-98.22185,19.11511],[-98.22176,19.11506],[-98.22164,19.11498],[-98.22144,19.11484],[-98.22124,19.11475],[-98.22095,19.11465],[-98.22084,19.11463],[-98.22073,19.11466],[-98.22034,19.11503],[-98.22023,19.11513],[-98.22014,19.11522],[-98.22014,19.11522],[-98.21992,19.11531],[-98.21983,19.11533],[-98.21973,19.11534],[-98.2196,19.11528],[-98.21946,19.11519],[-98.21931,19.11514],[-98.21918,19.11514],[-98.21904,19.11518],[-98.219,19.11524],[-98.21898,19.1153],[-98.21895,19.11537],[-98.21887,19.1156],[-98.21884,19.11569],[-98.21878,19.11585],[-98.21871,19.11599],[-98.21861,19.1161],[-98.21849,19.11618],[-98.21832,19.11623],[-98.21819,19.11625],[-98.21808,19.11627],[-98.21801,19.1163],[-98.21794,19.11635],[-98.21789,19.11646],[-98.21786,19.11663],[-98.21785,19.11721],[-98.21787,19.11737],[-98.21787,19.11749],[-98.21784,19.11762],[-98.21779,19.11768],[-98.21773,19.11769],[-98.2177,19.11766],[-98.21767,19.11758],[-98.21767,19.11748],[-98.21768,19.11738],[-98.21766,19.11732],[-98.21763,19.11728],[-98.21761,19.11727],[-98.21756,19.11724],[-98.21756,19.11724],[-98.21751,19.11722],[-98.21746,19.11723],[-98.21739,19.11728],[-98.21736,19.11732],[-98.21731,19.1174],[-98.21727,19.11744],[-98.21721,19.11751],[-98.21718,19.11754],[-98.21713,19.11759],[-98.21683,19.11818],[-98.21673,19.11828],[-98.21666,19.11831],[-98.21656,19.1183],[-98.21651,19.11825],[-98.21649,19.11816],[-98.21647,19.11812],[-98.21646,19.11811],[-98.21641,19.11807],[-98.21635,19.11808],[-98.2163,19.11812],[-98.21594,19.11847],[-98.215,19.11749],[-98.21472,19.11728],[-98.21448,19.11713],[-98.21421,19.117],[-98.21398,19.11692],[-98.21322,19.11678],[-98.21299,19.11669],[-98.21283,19.11658],[-98.21269,19.11644],[-98.21142,19.11418],[-98.20912,19.11383],[-98.20913,19.11432],[-98.20912,19.11458],[-98.2091,19.11489],[-98.20905,19.1153],[-98.20899,19.11566],[-98.20899,19.11566],[-98.20899,19.11566],[-98.20899,19.11566],[-98.20899,19.11566],[-98.20896,19.11582],[-98.20894,19.11619],[-98.20895,19.11667],[-98.20897,19.11689],[-98.20905,19.11713],[-98.20913,19.11734],[-98.20927,19.11765],[-98.20948,19.118],[-98.20978,19.11841],[-98.21009,19.1188],[-98.2114,19.1203],[-98.21207,19.12105],[-98.21285,19.12193],[-98.21335,19.12247],[-98.21419,19.12305],[-98.21464,19.12335],[-98.21519,19.12363],[-98.21565,19.12384],[-98.21617,19.12407],[-98.21664,19.12449],[-98.21684,19.12481],[-98.21698,19.12505],[-98.21698,19.12505]]]}},{"type":"Feature","properties":{"cp":72826,"nombre":"CP 72826"},"geometry":{"type":"Polygon","coordinates":[[[-98.28721,18.98624],[-98.28705,18.98617],[-98.28702,18.98593],[-98.28695,18.98574],[-98.2868,18.98565],[-98.2867,18.9853],[-98.28667,18.98504],[-98.28652,18.98483],[-98.28634,18.98466],[-98.28611,18.98454],[-98.28592,18.98445],[-98.28574,18.98434],[-98.28552,18.98421],[-98.28533,18.98398],[-98.28528,18.98383],[-98.28527,18.98367],[-98.28534,18.98331],[-98.28542,18.98303],[-98.28546,18.98279],[-98.28551,18.98258],[-98.2855,18.98247],[-98.28547,18.98234],[-98.28542,18.98218],[-98.2854,18.98203],[-98.28543,18.98172],[-98.28546,18.98167],[-98.28546,18.98167],[-98.28519,18.98112],[-98.28519,18.98112],[-98.28486,18.98046],[-98.28481,18.98005],[-98.28471,18.97989],[-98.28463,18.97986],[-98.28451,18.97991],[-98.28433,18.97991],[-98.28417,18.97989],[-98.28409,18.97982],[-98.28408,18.97952],[-98.28407,18.97937],[-98.28396,18.9792],[-98.28392,18.97898],[-98.28399,18.97887],[-98.28407,18.97875],[-98.28417,18.97853],[-98.28416,18.97829],[-98.28415,18.97821],[-98.28398,18.97798],[-98.28389,18.9778],[-98.28382,18.97759],[-98.28374,18.97751],[-98.28374,18.97732],[-98.28375,18.97697],[-98.28376,18.97673],[-98.28376,18.97657],[-98.28376,18.97649],[-98.28357,18.97637],[-98.28343,18.97621],[-98.2833,18.97604],[-98.28326,18.97585],[-98.28317,18.97575],[-98.28301,18.97567],[-98.28293,18.97567],[-98.28284,18.9757],[-98.28272,18.97576],[-98.28264,18.97579],[-98.28256,18.97575],[-98.28243,18.97565],[-98.28258,18.97611],[-98.28258,18.97611],[-98.28255,18.97628],[-98.28251,18.97656],[-98.28246,18.97669],[-98.28236,18.97693],[-98.28206,18.97738],[-98.28191,18.97744],[-98.28177,18.9775],[-98.28092,18.97758],[-98.28071,18.97758],[-98.28033,18.97756],[-98.27996,18.97781],[-98.27981,18.97807],[-98.27978,18.97812],[-98.2797,18.97835],[-98.27967,18.97849],[-98.27967,18.9785],[-98.27985,18.97896],[-98.2799,18.9791],[-98.28063,18.97974],[-98.28096,18.98007],[-98.28101,18.98029],[-98.28104,18.9804],[-98.28104,18.9804],[-98.28069,18.98065],[-98.28034,18.98064],[-98.28024,18.98064],[-98.27993,18.98064],[-98.27985,18.98067],[-98.27971,18.98074],[-98.27943,18.98086],[-98.2793,18.98101],[-98.27923,18.9811],[-98.27923,18.98111],[-98.27916,18.9814],[-98.27918,18.98172],[-98.27919,18.98208],[-98.27927,18.98235],[-98.27933,18.98256],[-98.27974,18.9835],[-98.27986,18.98365],[-98.27994,18.98374],[-98.28005,18.98398],[-98.28001,18.98414],[-98.27997,18.98428],[-98.27973,18.98455],[-98.27936,18.98493],[-98.27936,18.98493],[-98.27929,18.98496],[-98.27913,18.98506],[-98.27876,18.98517],[-98.27829,18.98532],[-98.27761,18.9855],[-98.27729,18.98566],[-98.27725,18.98573],[-98.27704,18.98608],[-98.27669,18.98647],[-98.27667,18.98649],[-98.27648,18.98678],[-98.27619,18.98697],[-98.27585,18.98705],[-98.27581,18.98706],[-98.2754,18.98713],[-98.27516,18.98715],[-98.27494,18.98717],[-98.27475,18.98718],[-98.27446,18.9872],[-98.27428,18.98727],[-98.27413,18.98734],[-98.27395,18.98755],[-98.27395,18.98782],[-98.27395,18.98783],[-98.27396,18.9879],[-98.27416,18.98898],[-98.2743,18.98937],[-98.27445,18.98978],[-98.27445,18.98978],[-98.27445,18.98978],[-98.27444,18.99017],[-98.27485,18.99008],[-98.27564,18.99079],[-98.27659,18.99157],[-98.27877,18.98916],[-98.2789,18.98928],[-98.27893,18.98937],[-98.27898,18.98952],[-98.27905,18.98964],[-98.27917,18.98976],[-98.27942,18.99006],[-98.27979,18.99058],[-98.27999,18.99095],[-98.28013,18.99126],[-98.28029,18.99169],[-98.28036,18.992],[-98.28041,18.99229],[-98.27992,18.99237],[-98.27981,18.99301],[-98.27971,18.99339],[-98.27957,18.99367],[-98.27934,18.994],[-98.28063,18.99486],[-98.28081,18.99494],[-98.28111,18.99502],[-98.28141,18.99506],[-98.28168,18.99515],[-98.28195,18.9953],[-98.28226,18.99555],[-98.28261,18.99576],[-98.28319,18.99602],[-98.28379,18.99618],[-98.28401,18.99608],[-98.28412,18.99698],[-98.28537,18.99623],[-98.28518,18.99573],[-98.28458,18.99549],[-98.28436,18.9951],[-98.28431,18.99456],[-98.28442,18.99409],[-98.28458,18.99389],[-98.28463,18.99348],[-98.28443,18.99312],[-98.28376,18.99337],[-98.28326,18.99338],[-98.28311,18.99329],[-98.28298,18.99318],[-98.28294,18.99308],[-98.28297,18.99293],[-98.28304,18.99283],[-98.28323,18.99259],[-98.28353,18.9923],[-98.28389,18.99177],[-98.284,18.99154],[-98.28441,18.99089],[-98.28446,18.99077],[-98.28449,18.99057],[-98.2845,18.99036],[-98.2846,18.99021],[-98.28477,18.99007],[-98.28483,18.98998],[-98.28481,18.98988],[-98.28488,18.98965],[-98.28498,18.98946],[-98.28523,18.98915],[-98.28554,18.98809],[-98.28588,18.98785],[-98.2862,18.98757],[-98.28635,18.98743],[-98.28653,18.98719],[-98.28663,18.98705],[-98.28669,18.9868],[-98.28687,18.98659],[-98.28707,18.98641],[-98.28721,18.98624]]]}},{"type":"Feature","properties":{"cp":72176,"nombre":"CP 72176"},"geometry":{"type":"Polygon","coordinates":[[[-98.24954,19.04555],[-98.24973,19.04465],[-98.24991,19.04376],[-98.25013,19.0427],[-98.25026,19.04205],[-98.2504,19.0413],[-98.25039,19.04115],[-98.25035,19.04097],[-98.2503,19.04083],[-98.25024,19.0407],[-98.25017,19.04061],[-98.2501,19.04052],[-98.24995,19.0404],[-98.24966,19.04022],[-98.24964,19.04021],[-98.24939,19.04007],[-98.24921,19.03998],[-98.24918,19.03997],[-98.2491,19.03993],[-98.2486,19.04083],[-98.24823,19.04151],[-98.24806,19.04191],[-98.24791,19.04239],[-98.24769,19.04231],[-98.24743,19.04281],[-98.24699,19.04262],[-98.24651,19.04358],[-98.24578,19.045],[-98.24755,19.04569],[-98.24789,19.04579],[-98.24816,19.0458],[-98.24836,19.04578],[-98.24856,19.04574],[-98.24939,19.04553],[-98.24954,19.04555]]]}},{"type":"Feature","properties":{"cp":72365,"nombre":"CP 72365"},"geometry":{"type":"Polygon","coordinates":[[[-98.13358,19.04162],[-98.13392,19.04146],[-98.13425,19.04136],[-98.13482,19.04126],[-98.13583,19.04111],[-98.13753,19.04091],[-98.13872,19.04094],[-98.13952,19.04087],[-98.14084,19.0408],[-98.14101,19.04079],[-98.14155,19.04071],[-98.14217,19.04069],[-98.14359,19.04077],[-98.14603,19.0409],[-98.1472,19.04085],[-98.14815,19.04088],[-98.14836,19.03955],[-98.14843,19.03871],[-98.14843,19.03808],[-98.14852,19.03787],[-98.1489,19.03718],[-98.1489,19.03718],[-98.1489,19.03718],[-98.14874,19.03724],[-98.14861,19.03737],[-98.14851,19.0375],[-98.1484,19.03755],[-98.14827,19.03752],[-98.14812,19.03738],[-98.14804,19.03714],[-98.14787,19.03694],[-98.14769,19.03683],[-98.14753,19.03675],[-98.14722,19.03648],[-98.14695,19.03639],[-98.14678,19.0363],[-98.14664,19.03617],[-98.14651,19.0361],[-98.14639,19.03605],[-98.14627,19.03597],[-98.14616,19.03588],[-98.14604,19.03585],[-98.1459,19.03564],[-98.14576,19.03538],[-98.14564,19.03523],[-98.14549,19.03513],[-98.14526,19.03511],[-98.14477,19.03451],[-98.14458,19.03432],[-98.14377,19.03275],[-98.14324,19.03158],[-98.14305,19.03114],[-98.14285,19.0307],[-98.1424,19.02964],[-98.14236,19.02954],[-98.14199,19.02868],[-98.14178,19.0282],[-98.13663,19.02899],[-98.13434,19.02938],[-98.13408,19.02898],[-98.13315,19.02912],[-98.13317,19.02952],[-98.13319,19.02978],[-98.13293,19.03036],[-98.13318,19.03205],[-98.13364,19.03411],[-98.13372,19.03446],[-98.13363,19.0345],[-98.13372,19.03494],[-98.13384,19.03557],[-98.13437,19.03567],[-98.13492,19.03583],[-98.13535,19.03602],[-98.13576,19.03619],[-98.13619,19.03653],[-98.13595,19.03781],[-98.13596,19.03789],[-98.13614,19.03837],[-98.13612,19.03844],[-98.13595,19.03867],[-98.13567,19.03907],[-98.13526,19.03961],[-98.13505,19.03974],[-98.13483,19.03991],[-98.1346,19.04007],[-98.13436,19.04014],[-98.13414,19.04022],[-98.13393,19.04025],[-98.13366,19.04025],[-98.13361,19.04069],[-98.13358,19.04162]]]}},{"type":"Feature","properties":{"cp":72330,"nombre":"CP 72330"},"geometry":{"type":"Polygon","coordinates":[[[-98.15779,19.04747],[-98.15797,19.04824],[-98.1582,19.04854],[-98.15819,19.04875],[-98.15808,19.04897],[-98.15785,19.04909],[-98.15788,19.04935],[-98.15845,19.04943],[-98.15853,19.05005],[-98.1584,19.05033],[-98.15835,19.05069],[-98.15836,19.05102],[-98.15808,19.05144],[-98.15822,19.0518],[-98.15804,19.05288],[-98.15779,19.05344],[-98.1591,19.05415],[-98.16233,19.04998],[-98.16303,19.04907],[-98.16419,19.0477],[-98.16529,19.04833],[-98.16596,19.04881],[-98.16734,19.04781],[-98.16835,19.04707],[-98.16994,19.04699],[-98.17061,19.04632],[-98.17038,19.04578],[-98.17244,19.04505],[-98.17249,19.04424],[-98.1712,19.04433],[-98.16975,19.04487],[-98.16958,19.04441],[-98.16828,19.04488],[-98.16719,19.04528],[-98.16629,19.04559],[-98.16631,19.04574],[-98.16644,19.04611],[-98.16644,19.04611],[-98.16594,19.0463],[-98.16497,19.04699],[-98.16431,19.04656],[-98.16495,19.04611],[-98.1646,19.04559],[-98.16441,19.04521],[-98.16436,19.04391],[-98.16286,19.04399],[-98.16278,19.04431],[-98.16066,19.0456],[-98.15861,19.04691],[-98.15779,19.04747]]]}},{"type":"Feature","properties":{"cp":72830,"nombre":"CP 72830"},"geometry":{"type":"Polygon","coordinates":[[[-98.28412,18.99698],[-98.28401,18.99608],[-98.28379,18.99618],[-98.28319,18.99602],[-98.28261,18.99576],[-98.28226,18.99555],[-98.28195,18.9953],[-98.28168,18.99515],[-98.28141,18.99506],[-98.28111,18.99502],[-98.28081,18.99494],[-98.28063,18.99486],[-98.27934,18.994],[-98.27957,18.99367],[-98.27971,18.99339],[-98.27981,18.99301],[-98.27992,18.99237],[-98.28041,18.99229],[-98.28036,18.992],[-98.28029,18.99169],[-98.28013,18.99126],[-98.27999,18.99095],[-98.27979,18.99058],[-98.27942,18.99006],[-98.27917,18.98976],[-98.27905,18.98964],[-98.27898,18.98952],[-98.27893,18.98937],[-98.2789,18.98928],[-98.27877,18.98916],[-98.27659,18.99157],[-98.27564,18.99079],[-98.27485,18.99008],[-98.27444,18.99017],[-98.27419,18.99042],[-98.2739,18.99061],[-98.27356,18.99068],[-98.27322,18.99063],[-98.273,18.99073],[-98.27281,18.99103],[-98.27286,18.99148],[-98.27317,18.99239],[-98.27343,18.993],[-98.27353,18.99347],[-98.27353,18.99347],[-98.27353,18.99347],[-98.27341,18.99368],[-98.27304,18.99378],[-98.27304,18.99378],[-98.27271,18.99378],[-98.2722,18.99363],[-98.2718,18.99353],[-98.27143,18.99356],[-98.27113,18.9937],[-98.27077,18.99395],[-98.2704,18.99413],[-98.26994,18.99426],[-98.26961,18.9943],[-98.26935,18.99425],[-98.26901,18.99406],[-98.26879,18.99392],[-98.26857,18.99378],[-98.2684,18.99351],[-98.26821,18.9932],[-98.26805,18.99286],[-98.26792,18.99245],[-98.26782,18.99213],[-98.26782,18.99213],[-98.26774,18.99186],[-98.26767,18.99153],[-98.26767,18.99153],[-98.26763,18.99123],[-98.26763,18.99123],[-98.26759,18.99093],[-98.26759,18.99093],[-98.26755,18.99069],[-98.26755,18.99069],[-98.26746,18.99042],[-98.26728,18.99016],[-98.26711,18.99004],[-98.26688,18.98995],[-98.26674,18.98988],[-98.26667,18.98986],[-98.26644,18.98988],[-98.26636,18.98991],[-98.26606,18.99044],[-98.26595,18.99065],[-98.26573,18.99116],[-98.26558,18.99155],[-98.2655,18.99193],[-98.2654,18.99206],[-98.26533,18.99212],[-98.26525,18.99214],[-98.26478,18.99212],[-98.26448,18.99205],[-98.26372,18.99213],[-98.2636,18.99215],[-98.26349,18.99217],[-98.26349,18.99217],[-98.26349,18.99217],[-98.26328,18.99221],[-98.26319,18.99223],[-98.26314,18.99223],[-98.26231,18.99229],[-98.26197,18.99232],[-98.26092,18.99217],[-98.26069,18.99221],[-98.26045,18.99224],[-98.26025,18.99234],[-98.26008,18.99259],[-98.25987,18.99272],[-98.2597,18.99284],[-98.25957,18.99295],[-98.25948,18.99301],[-98.25928,18.99313],[-98.25911,18.9932],[-98.25881,18.99324],[-98.2584,18.99322],[-98.25807,18.99309],[-98.2579,18.99312],[-98.25759,18.99338],[-98.25731,18.99374],[-98.25696,18.99424],[-98.2569,18.99457],[-98.25701,18.99481],[-98.25703,18.99494],[-98.25706,18.99504],[-98.25709,18.99512],[-98.25717,18.99522],[-98.2573,18.9953],[-98.25738,18.99534],[-98.25755,18.99538],[-98.2578,18.9956],[-98.25798,18.99571],[-98.25813,18.99584],[-98.25829,18.99621],[-98.25836,18.99653],[-98.25832,18.99696],[-98.25814,18.99735],[-98.25787,18.99761],[-98.25773,18.99773],[-98.25754,18.9978],[-98.25739,18.99786],[-98.25726,18.99786],[-98.2571,18.99784],[-98.25647,18.99755],[-98.25585,18.99732],[-98.25572,18.99732],[-98.25562,18.99736],[-98.25544,18.99751],[-98.25512,18.9977],[-98.25491,18.99821],[-98.25479,18.99854],[-98.25469,18.9989],[-98.25467,18.99906],[-98.25468,18.99948],[-98.2547,18.99964],[-98.25474,18.99981],[-98.25476,19],[-98.25483,19.00018],[-98.25487,19.00034],[-98.25494,19.00056],[-98.25498,19.00071],[-98.25501,19.00096],[-98.255,19.00114],[-98.25491,19.00126],[-98.25472,19.00152],[-98.25446,19.00188],[-98.25422,19.00227],[-98.25407,19.00271],[-98.25398,19.00325],[-98.25394,19.00355],[-98.25386,19.00389],[-98.25374,19.00415],[-98.25359,19.00438],[-98.25323,19.00454],[-98.25296,19.00455],[-98.25273,19.00455],[-98.2526,19.00463],[-98.2526,19.00489],[-98.25262,19.0052],[-98.25267,19.0055],[-98.25275,19.0059],[-98.25277,19.00618],[-98.25296,19.00657],[-98.25307,19.00683],[-98.25321,19.00702],[-98.25332,19.00713],[-98.25333,19.00733],[-98.2532,19.00758],[-98.25295,19.00785],[-98.25275,19.00797],[-98.25254,19.00811],[-98.25236,19.00817],[-98.25219,19.00822],[-98.25189,19.00832],[-98.25162,19.00831],[-98.25134,19.00827],[-98.25134,19.00827],[-98.25119,19.00828],[-98.25101,19.00829],[-98.25084,19.00847],[-98.25072,19.00867],[-98.24971,19.01075],[-98.24955,19.01097],[-98.24819,19.01134],[-98.24784,19.01164],[-98.24724,19.01259],[-98.2464,19.01304],[-98.2464,19.01304],[-98.2464,19.01304],[-98.24817,19.01692],[-98.24898,19.0188],[-98.25078,19.0177],[-98.25349,19.01604],[-98.25887,19.01267],[-98.26142,19.01107],[-98.2633,19.00988],[-98.27026,19.00585],[-98.27108,19.00532],[-98.27193,19.00478],[-98.28171,18.99848],[-98.28412,18.99698]]]}},{"type":"Feature","properties":{"cp":72823,"nombre":"CP 72823"},"geometry":{"type":"Polygon","coordinates":[[[-98.28744,19.01815],[-98.28581,19.02036],[-98.28474,19.01966],[-98.28369,19.02108],[-98.28235,19.02175],[-98.28118,19.02348],[-98.28205,19.02398],[-98.28105,19.02544],[-98.28367,19.02709],[-98.28354,19.02731],[-98.28441,19.02788],[-98.28252,19.02841],[-98.28164,19.02866],[-98.28132,19.02877],[-98.28113,19.02885],[-98.28089,19.02901],[-98.28047,19.02931],[-98.27968,19.02989],[-98.27934,19.03009],[-98.27917,19.03017],[-98.27894,19.03026],[-98.27861,19.03035],[-98.27829,19.0304],[-98.27792,19.03042],[-98.277,19.03043],[-98.27653,19.03044],[-98.27628,19.03046],[-98.27607,19.03051],[-98.27683,19.03159],[-98.27763,19.0329],[-98.2778,19.03315],[-98.27804,19.03343],[-98.27833,19.03373],[-98.27908,19.03472],[-98.27992,19.0357],[-98.28037,19.03629],[-98.28045,19.03638],[-98.27804,19.04019],[-98.28139,19.04161],[-98.28532,19.04386],[-98.28817,19.04537],[-98.28915,19.04399],[-98.28938,19.04351],[-98.28955,19.04311],[-98.28984,19.04265],[-98.29231,19.04416],[-98.29268,19.04412],[-98.29372,19.04251],[-98.29463,19.04116],[-98.29548,19.04166],[-98.2953,19.04107],[-98.2968,19.04199],[-98.29776,19.04102],[-98.2986,19.04148],[-98.30002,19.03997],[-98.30095,19.03904],[-98.30022,19.03864],[-98.30029,19.03786],[-98.30083,19.03695],[-98.30124,19.0362],[-98.30251,19.03403],[-98.30109,19.03305],[-98.30192,19.03169],[-98.29971,19.03038],[-98.30107,19.02842],[-98.30199,19.02711],[-98.30071,19.02645],[-98.29907,19.02549],[-98.29851,19.02533],[-98.29718,19.02485],[-98.29708,19.02371],[-98.29709,19.0228],[-98.29709,19.0228],[-98.29718,19.02078],[-98.2935,19.01863],[-98.29235,19.02038],[-98.2911,19.01962],[-98.29019,19.01911],[-98.29006,19.0192],[-98.28929,19.01877],[-98.28915,19.01884],[-98.28763,19.0179],[-98.28744,19.01815]]]}},{"type":"Feature","properties":{"cp":72000,"nombre":"CP 72000"},"geometry":{"type":"Polygon","coordinates":[[[-98.20226,19.05523],[-98.2049,19.05073],[-98.20758,19.05212],[-98.20794,19.05133],[-98.20942,19.05207],[-98.20942,19.05207],[-98.21037,19.0504],[-98.20886,19.04963],[-98.20974,19.04809],[-98.21062,19.04662],[-98.21062,19.04662],[-98.21062,19.04662],[-98.20902,19.04581],[-98.20902,19.04581],[-98.20902,19.04581],[-98.20941,19.04506],[-98.20941,19.04506],[-98.20845,19.04462],[-98.20845,19.04462],[-98.20896,19.04369],[-98.20977,19.04223],[-98.20822,19.04144],[-98.20777,19.04226],[-98.20627,19.04151],[-98.20765,19.03919],[-98.20615,19.03841],[-98.20658,19.0377],[-98.20512,19.03692],[-98.20286,19.04068],[-98.19834,19.03836],[-98.19789,19.03912],[-98.19637,19.03831],[-98.19597,19.03908],[-98.19574,19.03937],[-98.19552,19.03962],[-98.19533,19.03978],[-98.19509,19.03995],[-98.19466,19.04018],[-98.19374,19.04057],[-98.19285,19.04142],[-98.19285,19.04142],[-98.19285,19.04143],[-98.19229,19.04269],[-98.19218,19.04311],[-98.19183,19.04449],[-98.1917,19.04474],[-98.19157,19.04489],[-98.19136,19.04509],[-98.19113,19.04519],[-98.19045,19.04552],[-98.19007,19.04572],[-98.1899,19.04586],[-98.18976,19.04606],[-98.18967,19.04626],[-98.18964,19.04652],[-98.18964,19.0467],[-98.18966,19.04705],[-98.18918,19.04862],[-98.18918,19.04897],[-98.18919,19.04926],[-98.18936,19.04975],[-98.18962,19.05036],[-98.1898,19.05071],[-98.1906,19.05157],[-98.19094,19.05108],[-98.19115,19.05071],[-98.19165,19.04978],[-98.19344,19.05071],[-98.19483,19.05143],[-98.19607,19.05211],[-98.19607,19.05211],[-98.19754,19.05288],[-98.20065,19.05446],[-98.20226,19.05523],[-98.20226,19.05523],[-98.20226,19.05523]]]}},{"type":"Feature","properties":{"cp":72370,"nombre":"CP 72370"},"geometry":{"type":"MultiPolygon","coordinates":[[[[-98.1716,19.03596],[-98.1716,19.03596],[-98.17135,19.03626],[-98.171,19.03634],[-98.1706,19.0367],[-98.1704,19.03699],[-98.17045,19.03761],[-98.17047,19.03796],[-98.17042,19.03821],[-98.17027,19.03845],[-98.16985,19.03869],[-98.16959,19.0388],[-98.16993,19.03922],[-98.17019,19.03936],[-98.17089,19.03931],[-98.1717,19.03931],[-98.17307,19.03935],[-98.17325,19.03817],[-98.17359,19.03604],[-98.17359,19.03604],[-98.17309,19.03601],[-98.17216,19.03598],[-98.1716,19.03596]]],[[[-98.17309,19.04631],[-98.17309,19.04631],[-98.17393,19.04561],[-98.17489,19.0454],[-98.1749,19.04645],[-98.17657,19.046],[-98.17944,19.04578],[-98.17999,19.04463],[-98.1809,19.04302],[-98.17953,19.04287],[-98.17262,19.04334],[-98.17249,19.04424],[-98.17244,19.04505],[-98.17266,19.04581],[-98.17309,19.04631]]],[[[-98.17258,19.04251],[-98.17377,19.04211],[-98.17467,19.0418],[-98.17539,19.04169],[-98.1757,19.03977],[-98.17436,19.03957],[-98.17438,19.03945],[-98.17396,19.03941],[-98.17397,19.03931],[-98.17307,19.03935],[-98.17296,19.03996],[-98.1726,19.04217],[-98.17258,19.04251]]],[[[-98.16023,19.044],[-98.1603,19.04383],[-98.16038,19.04365],[-98.16045,19.04347],[-98.16055,19.04331],[-98.16056,19.0433],[-98.16056,19.04324],[-98.16056,19.04316],[-98.16053,19.04306],[-98.16056,19.04282],[-98.16092,19.04117],[-98.16064,19.04099],[-98.16047,19.04089],[-98.16028,19.04082],[-98.16008,19.04079],[-98.15988,19.04081],[-98.15954,19.04089],[-98.15919,19.04089],[-98.15876,19.04083],[-98.15825,19.04077],[-98.15787,19.04175],[-98.15729,19.04318],[-98.15921,19.04407],[-98.16023,19.044]]]]}},{"type":"Feature","properties":{"cp":72373,"nombre":"CP 72373"},"geometry":{"type":"Polygon","coordinates":[[[-98.17359,19.03604],[-98.17325,19.03817],[-98.17307,19.03935],[-98.17397,19.03931],[-98.17396,19.03941],[-98.17438,19.03945],[-98.17436,19.03957],[-98.1757,19.03977],[-98.17539,19.04169],[-98.17467,19.0418],[-98.17377,19.04211],[-98.17258,19.04251],[-98.16989,19.04289],[-98.1681,19.04316],[-98.16816,19.04363],[-98.1696,19.04352],[-98.17104,19.04344],[-98.17105,19.04382],[-98.1712,19.04433],[-98.17249,19.04424],[-98.17262,19.04334],[-98.17953,19.04287],[-98.1809,19.04302],[-98.18366,19.03792],[-98.18416,19.03707],[-98.18248,19.0362],[-98.18248,19.0362],[-98.18038,19.03517],[-98.17893,19.03448],[-98.17816,19.03597],[-98.17907,19.03643],[-98.17888,19.03758],[-98.17765,19.03739],[-98.17655,19.03687],[-98.17647,19.03679],[-98.17466,19.03621],[-98.17359,19.03604]]]}},{"type":"Feature","properties":{"cp":72992,"nombre":"CP 72992"},"geometry":{"type":"Polygon","coordinates":[[[-98.11226,19.02519],[-98.11226,19.02519],[-98.11129,19.02438],[-98.11067,19.0237],[-98.10873,19.02356],[-98.10752,19.02365],[-98.1064,19.02329],[-98.10548,19.02287],[-98.10529,19.02352],[-98.10527,19.02442],[-98.10552,19.02557],[-98.1056,19.02664],[-98.10523,19.02859],[-98.10502,19.02972],[-98.10519,19.03105],[-98.10518,19.03133],[-98.10495,19.03164],[-98.10481,19.03153],[-98.10462,19.03152],[-98.10446,19.03162],[-98.10432,19.03167],[-98.10404,19.03207],[-98.10365,19.032],[-98.10331,19.03194],[-98.1029,19.03165],[-98.10248,19.03165],[-98.10208,19.03176],[-98.10191,19.03198],[-98.10182,19.03237],[-98.10183,19.03273],[-98.10194,19.03314],[-98.10203,19.03343],[-98.10203,19.03362],[-98.10198,19.03381],[-98.10179,19.0341],[-98.10182,19.0343],[-98.10196,19.03431],[-98.10209,19.03438],[-98.10219,19.0348],[-98.10215,19.03508],[-98.10216,19.03546],[-98.10222,19.03558],[-98.10243,19.03574],[-98.10253,19.03592],[-98.10269,19.03601],[-98.10268,19.03611],[-98.10263,19.0362],[-98.10248,19.03629],[-98.10239,19.03642],[-98.10239,19.03661],[-98.10247,19.03673],[-98.10255,19.03689],[-98.10231,19.03712],[-98.10198,19.03763],[-98.10172,19.03787],[-98.10147,19.03786],[-98.10125,19.03772],[-98.10101,19.03749],[-98.10078,19.03745],[-98.1006,19.03759],[-98.10042,19.03794],[-98.10038,19.03815],[-98.10044,19.03834],[-98.10041,19.03852],[-98.10034,19.03865],[-98.10016,19.0387],[-98.09995,19.03869],[-98.09981,19.03857],[-98.09965,19.03841],[-98.09942,19.03822],[-98.09916,19.03808],[-98.09897,19.03801],[-98.09878,19.03804],[-98.09858,19.03813],[-98.09838,19.03828],[-98.09831,19.03845],[-98.09811,19.03893],[-98.09801,19.03914],[-98.09789,19.03926],[-98.09758,19.03937],[-98.09716,19.03951],[-98.09696,19.03954],[-98.09672,19.03965],[-98.09654,19.03981],[-98.09639,19.03988],[-98.09623,19.03985],[-98.09613,19.03979],[-98.09608,19.03961],[-98.09608,19.03938],[-98.09608,19.03927],[-98.09601,19.03911],[-98.09597,19.039],[-98.09603,19.03889],[-98.09618,19.03877],[-98.09638,19.03861],[-98.09641,19.03842],[-98.09639,19.03829],[-98.09627,19.03821],[-98.09612,19.03817],[-98.09592,19.03813],[-98.09572,19.0382],[-98.09528,19.0383],[-98.0953,19.03779],[-98.09542,19.03738],[-98.09514,19.03685],[-98.09486,19.03621],[-98.09465,19.03573],[-98.0941,19.03544],[-98.09355,19.03515],[-98.0932,19.03489],[-98.09288,19.03454],[-98.09271,19.03403],[-98.09252,19.03357],[-98.09245,19.03305],[-98.09264,19.03256],[-98.09277,19.03219],[-98.09273,19.03189],[-98.09245,19.03146],[-98.09176,19.03079],[-98.0912,19.03023],[-98.09088,19.02922],[-98.09079,19.02832],[-98.09101,19.02735],[-98.09122,19.02633],[-98.09159,19.02548],[-98.09176,19.02481],[-98.09183,19.02398],[-98.09183,19.02326],[-98.0914,19.02306],[-98.09019,19.02292],[-98.08868,19.02338],[-98.08728,19.02443],[-98.08597,19.02585],[-98.08481,19.02667],[-98.0835,19.02718],[-98.08307,19.02731],[-98.08162,19.02713],[-98.0807,19.02736],[-98.07939,19.02722],[-98.07755,19.02654],[-98.07597,19.02609],[-98.07536,19.02597],[-98.07443,19.02555],[-98.07375,19.02541],[-98.07307,19.02528],[-98.07261,19.02562],[-98.07244,19.02628],[-98.07225,19.0269],[-98.07188,19.02761],[-98.07171,19.02814],[-98.07184,19.02862],[-98.07217,19.02917],[-98.07251,19.02965],[-98.07295,19.03033],[-98.07319,19.03093],[-98.07347,19.0317],[-98.07243,19.03472],[-98.07189,19.03647],[-98.07173,19.03681],[-98.07155,19.03739],[-98.07135,19.03816],[-98.07122,19.03853],[-98.0711,19.03857],[-98.07103,19.03876],[-98.07094,19.03891],[-98.07084,19.03903],[-98.07083,19.03918],[-98.07097,19.03936],[-98.07098,19.03949],[-98.07097,19.0396],[-98.07089,19.03991],[-98.0707,19.04038],[-98.07079,19.04083],[-98.07083,19.04123],[-98.07083,19.04123],[-98.07083,19.04123],[-98.07079,19.04132],[-98.07079,19.04144],[-98.07105,19.04143],[-98.0712,19.04145],[-98.07139,19.04155],[-98.0716,19.04168],[-98.07163,19.04176],[-98.07159,19.04185],[-98.07146,19.04199],[-98.07132,19.0422],[-98.07126,19.04235],[-98.07114,19.04288],[-98.07104,19.04301],[-98.07082,19.04312],[-98.0706,19.04324],[-98.07047,19.04339],[-98.0703,19.04354],[-98.07003,19.04369],[-98.06981,19.04377],[-98.0698,19.04377],[-98.0698,19.04377],[-98.06977,19.04437],[-98.0697,19.04457],[-98.06954,19.04469],[-98.06936,19.04479],[-98.06922,19.04498],[-98.06912,19.04503],[-98.06895,19.04513],[-98.06881,19.0455],[-98.06872,19.04582],[-98.06871,19.04596],[-98.06822,19.04744],[-98.06773,19.04896],[-98.06733,19.0501],[-98.06704,19.05099],[-98.06704,19.05099],[-98.06704,19.05099],[-98.06859,19.05141],[-98.06919,19.05158],[-98.07013,19.05179],[-98.07097,19.05206],[-98.07135,19.05117],[-98.0719,19.04978],[-98.07249,19.04824],[-98.0731,19.04689],[-98.07337,19.04616],[-98.07424,19.04461],[-98.07427,19.04407],[-98.07551,19.04401],[-98.07661,19.04396],[-98.07873,19.04389],[-98.07882,19.04389],[-98.07936,19.04387],[-98.07936,19.04387],[-98.07955,19.04323],[-98.07925,19.04324],[-98.07957,19.04223],[-98.08014,19.0409],[-98.08019,19.04059],[-98.08058,19.04055],[-98.08094,19.04055],[-98.08119,19.04053],[-98.08135,19.0404],[-98.08146,19.0402],[-98.08155,19.03999],[-98.0817,19.03991],[-98.0819,19.03989],[-98.08211,19.03984],[-98.08242,19.03983],[-98.08267,19.03995],[-98.0829,19.04],[-98.08309,19.03994],[-98.08333,19.03993],[-98.08383,19.03992],[-98.08405,19.03978],[-98.08418,19.03957],[-98.0844,19.03938],[-98.08457,19.03965],[-98.08453,19.03987],[-98.08452,19.04026],[-98.08446,19.04043],[-98.08432,19.04067],[-98.08424,19.0409],[-98.08425,19.0411],[-98.0844,19.04147],[-98.08461,19.04203],[-98.08496,19.04277],[-98.08521,19.04375],[-98.08517,19.04409],[-98.08685,19.04431],[-98.08815,19.04445],[-98.0909,19.04464],[-98.09215,19.04472],[-98.09397,19.04469],[-98.0956,19.04457],[-98.09598,19.04325],[-98.09624,19.04265],[-98.0965,19.04106],[-98.09851,19.04162],[-98.09955,19.04183],[-98.10111,19.04197],[-98.10093,19.04241],[-98.10061,19.04268],[-98.10041,19.0429],[-98.10032,19.04311],[-98.10027,19.04333],[-98.10226,19.04364],[-98.10544,19.04229],[-98.10796,19.04249],[-98.10866,19.04255],[-98.10891,19.04155],[-98.10906,19.04076],[-98.10945,19.039],[-98.10975,19.03789],[-98.11017,19.03658],[-98.1102,19.03634],[-98.11019,19.0361],[-98.11021,19.03574],[-98.1103,19.03539],[-98.11071,19.03436],[-98.11088,19.03331],[-98.1111,19.03205],[-98.11113,19.03079],[-98.11113,19.02981],[-98.11113,19.02917],[-98.11113,19.02816],[-98.11144,19.02718],[-98.1119,19.02606],[-98.11226,19.02519],[-98.11226,19.02519]]]}},{"type":"Feature","properties":{"cp":72985,"nombre":"CP 72985"},"geometry":{"type":"Polygon","coordinates":[[[-98.00571,19.06928],[-98.00571,19.06928],[-98.00573,19.06941],[-98.00573,19.06941],[-98.00574,19.06949],[-98.00578,19.06969],[-98.00579,19.07],[-98.0057,19.07051],[-98.00563,19.07068],[-98.00554,19.07092],[-98.00556,19.07133],[-98.00556,19.07135],[-98.00564,19.07166],[-98.00564,19.07166],[-98.00564,19.07187],[-98.00564,19.07187],[-98.00564,19.07194],[-98.00564,19.07194],[-98.00564,19.07218],[-98.00568,19.07234],[-98.00571,19.07249],[-98.00567,19.07284],[-98.00564,19.07313],[-98.00563,19.07325],[-98.00562,19.07339],[-98.00536,19.07386],[-98.00535,19.07388],[-98.00522,19.07408],[-98.00524,19.07425],[-98.00534,19.07454],[-98.00551,19.07479],[-98.00557,19.07489],[-98.00561,19.07495],[-98.00576,19.07538],[-98.00582,19.07563],[-98.00583,19.0757],[-98.00584,19.07579],[-98.00569,19.07598],[-98.00552,19.07624],[-98.00551,19.07627],[-98.00545,19.07642],[-98.00542,19.0766],[-98.00545,19.07676],[-98.00555,19.07703],[-98.00575,19.07741],[-98.00581,19.07752],[-98.00582,19.07754],[-98.00631,19.07749],[-98.00639,19.07751],[-98.00648,19.07754],[-98.00656,19.07772],[-98.00657,19.07774],[-98.00672,19.07801],[-98.00678,19.0781],[-98.00683,19.07817],[-98.00692,19.07825],[-98.00692,19.07831],[-98.00693,19.07837],[-98.0069,19.07867],[-98.0069,19.07871],[-98.00689,19.07881],[-98.00693,19.07891],[-98.00693,19.07892],[-98.00699,19.07919],[-98.00703,19.07937],[-98.00703,19.07941],[-98.00704,19.07949],[-98.00704,19.07954],[-98.0071,19.08002],[-98.00713,19.08011],[-98.00716,19.08018],[-98.00722,19.08026],[-98.00726,19.08031],[-98.00726,19.0804],[-98.00725,19.08049],[-98.00725,19.0806],[-98.00725,19.0807],[-98.00718,19.08077],[-98.00718,19.08078],[-98.00717,19.08088],[-98.00717,19.08088],[-98.00713,19.08094],[-98.00711,19.081],[-98.00708,19.08105],[-98.00705,19.08112],[-98.007,19.08123],[-98.00696,19.08137],[-98.00694,19.08146],[-98.00704,19.08154],[-98.00715,19.08162],[-98.00715,19.08169],[-98.0071,19.08175],[-98.00708,19.08177],[-98.00699,19.08179],[-98.00694,19.082],[-98.00673,19.08214],[-98.00673,19.08214],[-98.00673,19.08214],[-98.00646,19.08233],[-98.00618,19.08256],[-98.00614,19.08264],[-98.00609,19.08278],[-98.00598,19.08306],[-98.00595,19.08311],[-98.00594,19.08317],[-98.00584,19.08345],[-98.00571,19.08389],[-98.00567,19.08403],[-98.0057,19.08423],[-98.00565,19.08432],[-98.00565,19.08432],[-98.00565,19.08432],[-98.00571,19.08447],[-98.00573,19.08462],[-98.00579,19.08479],[-98.00579,19.0848],[-98.0058,19.08483],[-98.00595,19.08521],[-98.00599,19.0853],[-98.00608,19.08552],[-98.00604,19.08572],[-98.00599,19.08578],[-98.00595,19.08584],[-98.00594,19.08594],[-98.00594,19.08594],[-98.00594,19.08594],[-98.00605,19.08607],[-98.00614,19.08628],[-98.00617,19.08636],[-98.00611,19.08645],[-98.00609,19.08649],[-98.006,19.08657],[-98.00588,19.08669],[-98.00583,19.08675],[-98.00582,19.08676],[-98.00582,19.08679],[-98.00582,19.08694],[-98.00582,19.08707],[-98.00582,19.08715],[-98.0059,19.08727],[-98.00617,19.08756],[-98.00628,19.08764],[-98.00629,19.08765],[-98.0063,19.08765],[-98.00638,19.08779],[-98.00639,19.0878],[-98.00641,19.08787],[-98.00643,19.08795],[-98.00653,19.08859],[-98.00658,19.08887],[-98.0066,19.08902],[-98.00676,19.08941],[-98.00685,19.0896],[-98.00685,19.0896],[-98.00686,19.08983],[-98.00698,19.09],[-98.00701,19.09013],[-98.00707,19.09036],[-98.00711,19.09044],[-98.00715,19.09053],[-98.00719,19.09054],[-98.00724,19.09055],[-98.00733,19.09055],[-98.00742,19.09062],[-98.00746,19.09069],[-98.00751,19.09078],[-98.00757,19.09086],[-98.00758,19.09088],[-98.00769,19.09106],[-98.0078,19.09125],[-98.00783,19.09136],[-98.00784,19.09142],[-98.00787,19.09156],[-98.00784,19.09172],[-98.00773,19.09189],[-98.0077,19.09199],[-98.0077,19.09203],[-98.00769,19.09206],[-98.00767,19.09212],[-98.00766,19.09216],[-98.00764,19.09222],[-98.00757,19.09237],[-98.00747,19.0927],[-98.00747,19.0927],[-98.00752,19.09289],[-98.00754,19.093],[-98.00762,19.09344],[-98.00756,19.09375],[-98.00756,19.09375],[-98.00736,19.09392],[-98.00732,19.09421],[-98.00741,19.09482],[-98.00741,19.09502],[-98.0074,19.09519],[-98.00733,19.09527],[-98.00726,19.09535],[-98.00717,19.09546],[-98.00708,19.09577],[-98.00689,19.09619],[-98.00687,19.09623],[-98.00669,19.09656],[-98.00658,19.09668],[-98.00647,19.0968],[-98.00642,19.09686],[-98.00641,19.09686],[-98.0064,19.09688],[-98.00633,19.09696],[-98.00625,19.0971],[-98.00625,19.09717],[-98.00626,19.0972],[-98.00626,19.09727],[-98.00626,19.09741],[-98.00624,19.09746],[-98.00623,19.0975],[-98.00613,19.09763],[-98.00611,19.09765],[-98.00599,19.09778],[-98.0059,19.09787],[-98.00589,19.09806],[-98.00588,19.09814],[-98.00586,19.09821],[-98.00581,19.0984],[-98.00569,19.09878],[-98.00567,19.09894],[-98.00565,19.09902],[-98.00563,19.09921],[-98.00557,19.09954],[-98.0055,19.09975],[-98.00542,19.10003],[-98.00527,19.10015],[-98.00526,19.10017],[-98.00525,19.10033],[-98.00507,19.10044],[-98.00494,19.10054],[-98.00488,19.10063],[-98.00483,19.10071],[-98.00474,19.10084],[-98.0047,19.10105],[-98.0047,19.10118],[-98.00469,19.10124],[-98.00469,19.10124],[-98.00462,19.10135],[-98.0043,19.10169],[-98.00513,19.10242],[-98.00565,19.10286],[-98.0058,19.10298],[-98.00606,19.10321],[-98.00619,19.10333],[-98.00641,19.10353],[-98.00646,19.10356],[-98.0066,19.10365],[-98.00709,19.1041],[-98.00819,19.10505],[-98.00824,19.1051],[-98.00877,19.10557],[-98.00897,19.10574],[-98.00922,19.10595],[-98.01012,19.10676],[-98.01024,19.10686],[-98.01084,19.10736],[-98.01087,19.10739],[-98.01103,19.10752],[-98.01116,19.1076],[-98.01151,19.10757],[-98.01199,19.1076],[-98.01234,19.10762],[-98.01249,19.10763],[-98.01249,19.10763],[-98.01266,19.1066],[-98.01273,19.10616],[-98.01321,19.10627],[-98.01321,19.10627],[-98.01322,19.10617],[-98.01325,19.10598],[-98.0136,19.10597],[-98.01373,19.10596],[-98.01381,19.1053],[-98.01383,19.10518],[-98.01395,19.1044],[-98.01417,19.10445],[-98.01418,19.10445],[-98.01426,19.10447],[-98.01426,19.10447],[-98.01426,19.10447],[-98.01442,19.10448],[-98.01494,19.10453],[-98.01547,19.10461],[-98.01551,19.10461],[-98.01569,19.10461],[-98.01569,19.10461],[-98.01573,19.10449],[-98.01573,19.10449],[-98.01582,19.10436],[-98.01589,19.10421],[-98.01589,19.10421],[-98.01656,19.10398],[-98.01701,19.10363],[-98.01706,19.1036],[-98.01724,19.10348],[-98.01732,19.10338],[-98.01735,19.10325],[-98.01746,19.10326],[-98.01753,19.10337],[-98.01758,19.10345],[-98.01754,19.10354],[-98.01751,19.10362],[-98.01745,19.1037],[-98.01745,19.1037],[-98.01743,19.10377],[-98.01741,19.10381],[-98.01746,19.10402],[-98.01744,19.10424],[-98.01743,19.10433],[-98.01743,19.10434],[-98.01743,19.10434],[-98.01742,19.10435],[-98.01736,19.10483],[-98.01729,19.10517],[-98.01726,19.10522],[-98.01717,19.10539],[-98.01703,19.10564],[-98.01705,19.10577],[-98.01705,19.10577],[-98.01705,19.10585],[-98.01706,19.10588],[-98.01707,19.10622],[-98.0171,19.1064],[-98.01711,19.10652],[-98.01716,19.10671],[-98.01711,19.10679],[-98.0171,19.10682],[-98.01709,19.107],[-98.01708,19.10747],[-98.01708,19.10747],[-98.01718,19.10767],[-98.01728,19.10796],[-98.0173,19.10807],[-98.01733,19.10819],[-98.01732,19.10838],[-98.01731,19.10845],[-98.01722,19.10863],[-98.0172,19.10899],[-98.01719,19.10914],[-98.01718,19.10921],[-98.01714,19.10934],[-98.01714,19.10934],[-98.01697,19.10952],[-98.01677,19.10961],[-98.01672,19.10963],[-98.01666,19.10967],[-98.01655,19.10973],[-98.01643,19.10987],[-98.01642,19.1099],[-98.01633,19.11021],[-98.0163,19.11025],[-98.01621,19.11039],[-98.01618,19.11049],[-98.01614,19.1106],[-98.01617,19.11079],[-98.01618,19.11089],[-98.01628,19.11117],[-98.01632,19.11128],[-98.01632,19.1113],[-98.01638,19.11186],[-98.01638,19.11205],[-98.01638,19.11216],[-98.01639,19.11228],[-98.01641,19.11245],[-98.01633,19.11268],[-98.0163,19.11283],[-98.01636,19.11309],[-98.01648,19.11326],[-98.01656,19.11337],[-98.01658,19.11341],[-98.01663,19.11388],[-98.01676,19.11398],[-98.01692,19.11417],[-98.01706,19.11439],[-98.01722,19.11473],[-98.01734,19.11531],[-98.01743,19.11566],[-98.01754,19.11605],[-98.01754,19.11624],[-98.01742,19.11644],[-98.01735,19.11672],[-98.01732,19.11707],[-98.01732,19.11709],[-98.01732,19.11709],[-98.01731,19.1171],[-98.01712,19.11726],[-98.01714,19.11741],[-98.01717,19.11764],[-98.01733,19.11811],[-98.0174,19.11838],[-98.01746,19.11863],[-98.01753,19.11895],[-98.01755,19.11902],[-98.01755,19.11909],[-98.01758,19.11937],[-98.01755,19.1197],[-98.01762,19.12005],[-98.01792,19.12069],[-98.01797,19.1208],[-98.01827,19.12142],[-98.0183,19.12147],[-98.01836,19.12159],[-98.01886,19.1225],[-98.01915,19.12304],[-98.01937,19.12342],[-98.01939,19.1235],[-98.01955,19.12405],[-98.0197,19.12458],[-98.01976,19.12481],[-98.01999,19.12566],[-98.02009,19.12614],[-98.02018,19.12654],[-98.02018,19.12662],[-98.02018,19.12663],[-98.02018,19.12663],[-98.01997,19.12763],[-98.01999,19.12776],[-98.01998,19.12832],[-98.01998,19.12848],[-98.01997,19.12865],[-98.02003,19.12883],[-98.02008,19.129],[-98.02018,19.12933],[-98.02014,19.12985],[-98.02015,19.12989],[-98.02036,19.13048],[-98.02042,19.13065],[-98.02055,19.131],[-98.02056,19.13101],[-98.02057,19.13104],[-98.02061,19.13163],[-98.02033,19.13204],[-98.02013,19.13232],[-98.02017,19.13241],[-98.02021,19.13286],[-98.02023,19.13291],[-98.02027,19.13305],[-98.02036,19.13342],[-98.02057,19.13395],[-98.02068,19.13421],[-98.02157,19.1357],[-98.02157,19.1357],[-98.02158,19.13595],[-98.02182,19.13686],[-98.02189,19.13703],[-98.02195,19.1372],[-98.02175,19.13757],[-98.02154,19.13795],[-98.02147,19.13841],[-98.02137,19.13901],[-98.02111,19.13956],[-98.02102,19.14002],[-98.02127,19.14074],[-98.02134,19.14116],[-98.02134,19.14116],[-98.02132,19.14142],[-98.02141,19.14205],[-98.02141,19.14215],[-98.02141,19.14215],[-98.02155,19.14257],[-98.02156,19.14257],[-98.02158,19.14284],[-98.02174,19.14354],[-98.02175,19.14382],[-98.02186,19.14402],[-98.02209,19.14444],[-98.02237,19.14526],[-98.02242,19.1454],[-98.02442,19.1454],[-98.02442,19.1454],[-98.026,19.14543],[-98.02731,19.14535],[-98.02869,19.14579],[-98.02868,19.14596],[-98.02869,19.14579],[-98.02875,19.14559],[-98.02895,19.14496],[-98.02943,19.14413],[-98.02946,19.14394],[-98.0295,19.14364],[-98.02959,19.14306],[-98.02946,19.14256],[-98.02948,19.1425],[-98.02958,19.14204],[-98.02962,19.14081],[-98.0297,19.14021],[-98.0297,19.14017],[-98.0297,19.14017],[-98.02982,19.14008],[-98.02982,19.14008],[-98.03005,19.13934],[-98.03047,19.1387],[-98.03054,19.13859],[-98.03058,19.13856],[-98.03081,19.13837],[-98.03132,19.13783],[-98.03168,19.13744],[-98.03186,19.13745],[-98.03196,19.13713],[-98.03199,19.13704],[-98.03199,19.13704],[-98.03242,19.13661],[-98.03248,19.13652],[-98.03244,19.13641],[-98.03236,19.13618],[-98.03208,19.13546],[-98.03208,19.13546],[-98.03205,19.13513],[-98.03205,19.13513],[-98.03205,19.13513],[-98.03221,19.13471],[-98.03236,19.13393],[-98.03277,19.1321],[-98.0344,19.13185],[-98.03413,19.13036],[-98.03466,19.12894],[-98.03459,19.12757],[-98.03478,19.12634],[-98.03478,19.12558],[-98.035,19.12519],[-98.03532,19.12458],[-98.0358,19.12266],[-98.03621,19.11952],[-98.03645,19.11803],[-98.03684,19.11735],[-98.03759,19.11723],[-98.03858,19.11701],[-98.03912,19.11618],[-98.03999,19.11536],[-98.04042,19.11472],[-98.04055,19.11424],[-98.04122,19.11275],[-98.04224,19.11094],[-98.04265,19.10953],[-98.04289,19.1087],[-98.04345,19.10776],[-98.04379,19.10699],[-98.04435,19.10667],[-98.04493,19.10605],[-98.04558,19.10593],[-98.04606,19.10555],[-98.04669,19.10475],[-98.04674,19.10468],[-98.04701,19.10401],[-98.04689,19.10282],[-98.04691,19.10154],[-98.04691,19.10079],[-98.04662,19.09926],[-98.0473,19.0963],[-98.04708,19.09543],[-98.04703,19.0942],[-98.04682,19.09301],[-98.04652,19.09189],[-98.04631,19.09047],[-98.04682,19.08896],[-98.04643,19.08729],[-98.04652,19.08436],[-98.04652,19.08024],[-98.04553,19.07825],[-98.04507,19.07752],[-98.04471,19.07672],[-98.04471,19.0762],[-98.04439,19.07549],[-98.0443,19.07523],[-98.04464,19.07503],[-98.04483,19.07469],[-98.04466,19.07427],[-98.04427,19.07379],[-98.04413,19.07308],[-98.04405,19.07221],[-98.0437,19.0714],[-98.04351,19.0708],[-98.04351,19.07023],[-98.04349,19.06997],[-98.03876,19.07293],[-98.03879,19.07187],[-98.03882,19.07105],[-98.03887,19.07025],[-98.03899,19.06975],[-98.03896,19.06942],[-98.03868,19.06887],[-98.03825,19.06835],[-98.03781,19.06802],[-98.03718,19.06774],[-98.03685,19.0676],[-98.03663,19.06741],[-98.03644,19.0671],[-98.03624,19.06704],[-98.03611,19.06701],[-98.03597,19.06679],[-98.03583,19.06669],[-98.03569,19.06661],[-98.03565,19.06653],[-98.03565,19.06635],[-98.03568,19.06618],[-98.03564,19.06608],[-98.03544,19.0659],[-98.03538,19.06579],[-98.03529,19.06541],[-98.03514,19.06527],[-98.03484,19.06514],[-98.03465,19.06497],[-98.03448,19.06473],[-98.03406,19.06445],[-98.03383,19.06419],[-98.03367,19.06385],[-98.0335,19.06354],[-98.03331,19.06343],[-98.03308,19.06305],[-98.03279,19.06254],[-98.0324,19.06216],[-98.03236,19.06196],[-98.03234,19.06179],[-98.03239,19.06135],[-98.03253,19.06106],[-98.03264,19.06088],[-98.03264,19.06072],[-98.03263,19.06053],[-98.0327,19.06033],[-98.0328,19.06003],[-98.03282,19.05961],[-98.03285,19.0587],[-98.03274,19.05814],[-98.03276,19.05743],[-98.03266,19.05686],[-98.03251,19.05636],[-98.03226,19.05575],[-98.03067,19.05378],[-98.03009,19.05318],[-98.02967,19.05238],[-98.02929,19.05203],[-98.02897,19.05165],[-98.02895,19.05139],[-98.02879,19.05053],[-98.02738,19.04841],[-98.02738,19.04841],[-98.02395,19.04742],[-98.01701,19.04538],[-98.01125,19.04373],[-98.01122,19.04396],[-98.01122,19.04396],[-98.01122,19.04396],[-98.01122,19.04396],[-98.01132,19.04446],[-98.01139,19.04472],[-98.01143,19.04476],[-98.01153,19.04479],[-98.01165,19.04483],[-98.01173,19.04489],[-98.0117,19.04523],[-98.01167,19.04541],[-98.01166,19.04555],[-98.01166,19.04555],[-98.01166,19.04555],[-98.01166,19.04555],[-98.01166,19.04555],[-98.01174,19.04577],[-98.01183,19.04603],[-98.01212,19.04669],[-98.01233,19.04762],[-98.01239,19.04813],[-98.01227,19.04859],[-98.01227,19.04859],[-98.01227,19.04859],[-98.01227,19.04859],[-98.01228,19.04878],[-98.01229,19.04899],[-98.01229,19.04911],[-98.01227,19.04938],[-98.01227,19.04938],[-98.01227,19.04938],[-98.01232,19.04944],[-98.0124,19.0495],[-98.01263,19.0498],[-98.01269,19.0499],[-98.01271,19.04997],[-98.01259,19.05052],[-98.01254,19.05068],[-98.01254,19.05068],[-98.01254,19.05068],[-98.01254,19.05068],[-98.01258,19.05081],[-98.01246,19.05127],[-98.01241,19.05151],[-98.01241,19.05151],[-98.01241,19.05151],[-98.01241,19.05151],[-98.01241,19.05151],[-98.01248,19.05187],[-98.01267,19.05264],[-98.01277,19.05286],[-98.01353,19.05382],[-98.01389,19.05426],[-98.01388,19.05449],[-98.01384,19.05476],[-98.01384,19.05476],[-98.01384,19.05476],[-98.01384,19.05476],[-98.01387,19.055],[-98.01389,19.05518],[-98.01395,19.05543],[-98.01403,19.05548],[-98.01405,19.0556],[-98.01411,19.05581],[-98.01412,19.05594],[-98.0141,19.05614],[-98.0141,19.05614],[-98.0141,19.05614],[-98.01415,19.05628],[-98.0143,19.05638],[-98.01445,19.05655],[-98.01464,19.05669],[-98.01482,19.05677],[-98.01498,19.05683],[-98.01507,19.05701],[-98.01515,19.05711],[-98.01534,19.05713],[-98.01539,19.05722],[-98.01543,19.05733],[-98.01544,19.0575],[-98.01554,19.05757],[-98.01563,19.05772],[-98.01565,19.05792],[-98.01533,19.05821],[-98.01525,19.05839],[-98.01525,19.05839],[-98.01525,19.05839],[-98.01525,19.05839],[-98.0153,19.05856],[-98.01541,19.05863],[-98.01549,19.05869],[-98.0156,19.05876],[-98.0158,19.05873],[-98.01592,19.0587],[-98.01591,19.05877],[-98.0159,19.0589],[-98.0159,19.0589],[-98.0159,19.0589],[-98.0159,19.0589],[-98.0159,19.0589],[-98.01595,19.05913],[-98.01589,19.05933],[-98.01581,19.05969],[-98.01581,19.05986],[-98.01581,19.05986],[-98.01581,19.05986],[-98.01581,19.05986],[-98.01586,19.05993],[-98.01599,19.06024],[-98.01616,19.0608],[-98.01634,19.06121],[-98.01671,19.06125],[-98.01689,19.06128],[-98.01689,19.06128],[-98.01617,19.06182],[-98.01551,19.06226],[-98.01461,19.06274],[-98.01294,19.06341],[-98.01087,19.06412],[-98.01053,19.06419],[-98.00898,19.06473],[-98.00836,19.06493],[-98.00802,19.06502],[-98.00769,19.0651],[-98.00745,19.06515],[-98.0071,19.06525],[-98.0065,19.06546],[-98.0064,19.06607],[-98.00633,19.06649],[-98.00631,19.06655],[-98.00631,19.06655],[-98.00631,19.06655],[-98.00631,19.06655],[-98.00631,19.06655],[-98.00632,19.06664],[-98.0063,19.0667],[-98.00627,19.06674],[-98.00627,19.06674],[-98.00627,19.06674],[-98.00627,19.06674],[-98.00627,19.06674],[-98.00627,19.06684],[-98.00629,19.06692],[-98.00627,19.06702],[-98.00619,19.06717],[-98.00614,19.06745],[-98.00613,19.06783],[-98.00609,19.06825],[-98.00604,19.06837],[-98.00597,19.06848],[-98.00585,19.06864],[-98.00575,19.06881],[-98.00568,19.06893],[-98.00562,19.06906],[-98.00562,19.06906],[-98.00562,19.06906],[-98.00562,19.06906],[-98.00563,19.06919],[-98.00571,19.06928]]]}},{"type":"Feature","properties":{"cp":72270,"nombre":"CP 72270"},"geometry":{"type":"Polygon","coordinates":[[[-98.16689,19.0583],[-98.16831,19.05913],[-98.16854,19.05925],[-98.16872,19.05902],[-98.16996,19.05993],[-98.17155,19.06117],[-98.17173,19.06004],[-98.17169,19.05982],[-98.17152,19.05957],[-98.16994,19.05758],[-98.17026,19.05732],[-98.17091,19.05678],[-98.17168,19.0561],[-98.17185,19.05581],[-98.17213,19.05616],[-98.1723,19.05633],[-98.17267,19.05686],[-98.17288,19.05717],[-98.173,19.05719],[-98.17311,19.05701],[-98.17351,19.05671],[-98.17387,19.05642],[-98.17405,19.0564],[-98.17416,19.05648],[-98.1744,19.05692],[-98.17462,19.05732],[-98.17475,19.05743],[-98.1749,19.05716],[-98.17507,19.05692],[-98.17524,19.05662],[-98.17547,19.05623],[-98.17564,19.05585],[-98.17586,19.05594],[-98.17615,19.05546],[-98.17756,19.05596],[-98.17768,19.05602],[-98.17794,19.05578],[-98.17797,19.05567],[-98.178,19.05549],[-98.1781,19.05533],[-98.1783,19.05513],[-98.17842,19.05493],[-98.17839,19.05468],[-98.17836,19.0541],[-98.17837,19.05343],[-98.17842,19.05311],[-98.17842,19.05289],[-98.17835,19.05273],[-98.17834,19.05258],[-98.17834,19.05236],[-98.17839,19.05221],[-98.17846,19.05212],[-98.17856,19.05205],[-98.17884,19.052],[-98.17939,19.05179],[-98.17976,19.05168],[-98.17976,19.05168],[-98.17976,19.05168],[-98.17966,19.05031],[-98.17953,19.04944],[-98.17817,19.04958],[-98.17787,19.05022],[-98.17768,19.05058],[-98.17767,19.0507],[-98.17752,19.05076],[-98.17744,19.05054],[-98.17718,19.05083],[-98.17689,19.05121],[-98.17646,19.05177],[-98.17629,19.05197],[-98.17585,19.05157],[-98.17569,19.05142],[-98.17565,19.05139],[-98.1759,19.05081],[-98.17494,19.0502],[-98.17468,19.05075],[-98.17395,19.05171],[-98.17314,19.05147],[-98.17273,19.05145],[-98.17252,19.05102],[-98.17503,19.04895],[-98.17492,19.04713],[-98.1749,19.04645],[-98.1749,19.04645],[-98.17489,19.0454],[-98.17393,19.04561],[-98.17309,19.04631],[-98.17309,19.04631],[-98.17237,19.04687],[-98.17182,19.04733],[-98.17061,19.04632],[-98.16994,19.04699],[-98.16835,19.04707],[-98.16734,19.04781],[-98.16596,19.04881],[-98.16529,19.04833],[-98.16419,19.0477],[-98.16303,19.04907],[-98.16233,19.04998],[-98.16233,19.04998],[-98.16331,19.0507],[-98.1672,19.05363],[-98.16713,19.05435],[-98.16628,19.05513],[-98.16508,19.05625],[-98.16693,19.05765],[-98.16689,19.0583]]]}},{"type":"Feature","properties":{"cp":72400,"nombre":"CP 72400"},"geometry":{"type":"MultiPolygon","coordinates":[[[[-98.22809,19.04046],[-98.22644,19.04337],[-98.22807,19.04416],[-98.22807,19.04416],[-98.2241,19.04535],[-98.22059,19.04657],[-98.21992,19.04775],[-98.21923,19.04898],[-98.22057,19.04964],[-98.22062,19.04958],[-98.22276,19.04953],[-98.22276,19.04953],[-98.22416,19.04951],[-98.2244,19.04965],[-98.22444,19.04767],[-98.22577,19.04827],[-98.22625,19.04748],[-98.22784,19.04828],[-98.22944,19.04909],[-98.22989,19.04823],[-98.23037,19.04743],[-98.23156,19.04801],[-98.23262,19.04857],[-98.23324,19.04776],[-98.23409,19.04664],[-98.2369,19.04298],[-98.23702,19.04282],[-98.23716,19.04263],[-98.23767,19.04204],[-98.23728,19.04176],[-98.23706,19.04132],[-98.23681,19.0409],[-98.23639,19.04043],[-98.2363,19.04031],[-98.23621,19.0403],[-98.23598,19.04038],[-98.23562,19.04047],[-98.23528,19.04062],[-98.23503,19.04066],[-98.23471,19.04072],[-98.23461,19.04073],[-98.23435,19.04075],[-98.23413,19.04074],[-98.23401,19.0406],[-98.23393,19.04033],[-98.23389,19.03997],[-98.23389,19.0393],[-98.23388,19.03893],[-98.23378,19.03878],[-98.23349,19.03853],[-98.23323,19.03832],[-98.23295,19.03812],[-98.23262,19.03795],[-98.23228,19.03782],[-98.23192,19.0377],[-98.23192,19.0377],[-98.23188,19.03783],[-98.23179,19.03809],[-98.2316,19.03848],[-98.23151,19.03867],[-98.23123,19.03926],[-98.23115,19.03924],[-98.23078,19.03903],[-98.23021,19.03872],[-98.2294,19.03815],[-98.22853,19.03969],[-98.22793,19.03937],[-98.22804,19.0392],[-98.22789,19.0391],[-98.22843,19.03816],[-98.22831,19.0381],[-98.22803,19.03797],[-98.22773,19.03786],[-98.22732,19.03875],[-98.2273,19.03908],[-98.2272,19.03964],[-98.22823,19.04021],[-98.22809,19.04046]]],[[[-98.2242,19.04015],[-98.22581,19.04094],[-98.22622,19.04016],[-98.22462,19.03938],[-98.2242,19.04015]]]]}},{"type":"Feature","properties":{"cp":72140,"nombre":"CP 72140"},"geometry":{"type":"Polygon","coordinates":[[[-98.21877,19.05514],[-98.21786,19.05523],[-98.21709,19.056],[-98.21658,19.05647],[-98.21616,19.05686],[-98.21649,19.05707],[-98.21684,19.05743],[-98.21723,19.05775],[-98.2174,19.05839],[-98.21753,19.05826],[-98.2179,19.05783],[-98.21828,19.05808],[-98.21845,19.05851],[-98.21867,19.05894],[-98.2188,19.05906],[-98.21841,19.05959],[-98.21988,19.06033],[-98.21963,19.06065],[-98.21986,19.06103],[-98.22007,19.0614],[-98.22027,19.06185],[-98.22039,19.06218],[-98.22059,19.0629],[-98.22072,19.06314],[-98.22085,19.06336],[-98.22093,19.06305],[-98.22104,19.06254],[-98.22112,19.06221],[-98.22184,19.06337],[-98.22237,19.06423],[-98.22408,19.06709],[-98.22408,19.06709],[-98.22651,19.07119],[-98.22721,19.07269],[-98.22773,19.07386],[-98.22789,19.07424],[-98.22786,19.07459],[-98.22776,19.07583],[-98.22776,19.0762],[-98.22758,19.0767],[-98.2274,19.07719],[-98.22723,19.07749],[-98.22697,19.07788],[-98.22679,19.07809],[-98.22806,19.07949],[-98.22817,19.07956],[-98.22833,19.07965],[-98.22833,19.07965],[-98.22825,19.07895],[-98.22825,19.07895],[-98.23032,19.07449],[-98.23045,19.0742],[-98.23061,19.07385],[-98.23109,19.07282],[-98.23217,19.07328],[-98.23279,19.07356],[-98.23266,19.07287],[-98.23266,19.07287],[-98.23259,19.07241],[-98.23259,19.07241],[-98.23274,19.07127],[-98.23274,19.07127],[-98.2324,19.07126],[-98.23234,19.07044],[-98.23234,19.07044],[-98.23204,19.07011],[-98.23179,19.06983],[-98.23157,19.06947],[-98.23104,19.0689],[-98.23094,19.0687],[-98.23094,19.0687],[-98.23111,19.06832],[-98.23106,19.06756],[-98.23106,19.06756],[-98.23094,19.06665],[-98.23094,19.06665],[-98.23083,19.0663],[-98.23083,19.0663],[-98.23011,19.06493],[-98.23011,19.06493],[-98.23075,19.06381],[-98.23131,19.06278],[-98.22817,19.06092],[-98.22425,19.05914],[-98.22385,19.05891],[-98.22341,19.05858],[-98.22245,19.05785],[-98.2208,19.0566],[-98.22033,19.05624],[-98.21877,19.05514]]]}},{"type":"Feature","properties":{"cp":72430,"nombre":"CP 72430"},"geometry":{"type":"MultiPolygon","coordinates":[[[[-98.22325,19.02159],[-98.22326,19.02189],[-98.2231,19.02253],[-98.22293,19.02272],[-98.2227,19.02272],[-98.22248,19.02254],[-98.22231,19.02231],[-98.22212,19.02228],[-98.22213,19.02243],[-98.222,19.02257],[-98.22169,19.02268],[-98.22138,19.02278],[-98.22111,19.02277],[-98.22071,19.02257],[-98.22062,19.02236],[-98.2207,19.02207],[-98.22071,19.02179],[-98.22034,19.02159],[-98.22004,19.02154],[-98.21965,19.02144],[-98.21921,19.02144],[-98.21889,19.02143],[-98.21846,19.02152],[-98.2182,19.02169],[-98.21794,19.022],[-98.21771,19.02216],[-98.21731,19.022],[-98.21706,19.02189],[-98.21691,19.0218],[-98.21671,19.02224],[-98.21656,19.02276],[-98.21656,19.02307],[-98.21661,19.02349],[-98.21668,19.02375],[-98.2166,19.02406],[-98.21646,19.02436],[-98.21615,19.02456],[-98.21583,19.02473],[-98.21541,19.02499],[-98.21491,19.02526],[-98.21444,19.02558],[-98.21392,19.02595],[-98.21368,19.02602],[-98.21385,19.02652],[-98.21501,19.02985],[-98.21548,19.02903],[-98.21769,19.03019],[-98.21769,19.03019],[-98.21783,19.03006],[-98.2195,19.03097],[-98.22029,19.03141],[-98.21973,19.03221],[-98.22067,19.03282],[-98.22023,19.03342],[-98.22057,19.03365],[-98.221,19.03303],[-98.22201,19.03367],[-98.22245,19.03306],[-98.2235,19.03159],[-98.22402,19.03206],[-98.22517,19.03104],[-98.22513,19.03091],[-98.22513,19.03079],[-98.22513,19.03079],[-98.22513,19.03079],[-98.22466,19.03018],[-98.22435,19.02993],[-98.22386,19.02939],[-98.22389,19.02898],[-98.2239,19.02884],[-98.22413,19.02801],[-98.22421,19.02771],[-98.2243,19.02708],[-98.22436,19.02633],[-98.22433,19.02599],[-98.22431,19.0257],[-98.22407,19.02558],[-98.2238,19.02589],[-98.22351,19.02574],[-98.22339,19.02572],[-98.2233,19.02609],[-98.22324,19.02632],[-98.22298,19.02626],[-98.22263,19.02625],[-98.2223,19.02629],[-98.22203,19.02631],[-98.22163,19.02627],[-98.22199,19.02583],[-98.22176,19.02564],[-98.22245,19.02448],[-98.22372,19.02231],[-98.22464,19.02232],[-98.22449,19.0221],[-98.22365,19.02144],[-98.22325,19.02159]]],[[[-98.22362,19.03676],[-98.22413,19.03726],[-98.22512,19.03656],[-98.22501,19.03586],[-98.22423,19.03638],[-98.22362,19.03676]]]]}},{"type":"Feature","properties":{"cp":72620,"nombre":"CP 72620"},"geometry":{"type":"Polygon","coordinates":[[[-98.31659,19.18221],[-98.31669,19.18198],[-98.3167,19.18195],[-98.31687,19.18164],[-98.32059,19.17477],[-98.32059,19.17477],[-98.321,19.17401],[-98.32198,19.17221],[-98.32264,19.17097],[-98.32269,19.17089],[-98.32318,19.16994],[-98.32349,19.16935],[-98.32371,19.16891],[-98.32377,19.16885],[-98.32379,19.16882],[-98.3217,19.16662],[-98.32085,19.16566],[-98.31986,19.16466],[-98.31865,19.16346],[-98.31837,19.16302],[-98.31825,19.16267],[-98.31821,19.16242],[-98.31819,19.16204],[-98.31817,19.16168],[-98.31812,19.16167],[-98.31812,19.16164],[-98.31793,19.16159],[-98.31739,19.16147],[-98.31669,19.1613],[-98.31661,19.16125],[-98.31514,19.15968],[-98.31514,19.15969],[-98.31514,19.15969],[-98.31259,19.15696],[-98.31167,19.15597],[-98.31106,19.15532],[-98.31071,19.15494],[-98.31021,19.1544],[-98.30906,19.15582],[-98.30901,19.15588],[-98.30805,19.15709],[-98.30703,19.15838],[-98.30758,19.16039],[-98.30637,19.16234],[-98.30634,19.1624],[-98.30598,19.16303],[-98.30578,19.16338],[-98.30569,19.16353],[-98.30547,19.16391],[-98.30518,19.16443],[-98.30485,19.16498],[-98.3041,19.16461],[-98.30357,19.16436],[-98.30313,19.16415],[-98.30272,19.16395],[-98.30227,19.16374],[-98.30151,19.16338],[-98.30138,19.16332],[-98.29973,19.1625],[-98.29807,19.1617],[-98.29798,19.16187],[-98.29792,19.16199],[-98.29789,19.16203],[-98.29786,19.16207],[-98.2976,19.16258],[-98.29757,19.16264],[-98.297,19.16371],[-98.29698,19.16374],[-98.29741,19.16453],[-98.29746,19.16459],[-98.29792,19.16526],[-98.29798,19.16535],[-98.29803,19.16543],[-98.29815,19.1656],[-98.2982,19.16567],[-98.29832,19.16584],[-98.29834,19.16587],[-98.29836,19.16591],[-98.2986,19.16624],[-98.29861,19.16626],[-98.29864,19.16631],[-98.29872,19.16642],[-98.29884,19.1666],[-98.29891,19.1667],[-98.29908,19.16695],[-98.29913,19.16703],[-98.29921,19.16714],[-98.29932,19.16732],[-98.29936,19.16737],[-98.29937,19.16739],[-98.29949,19.16756],[-98.29961,19.16773],[-98.29976,19.16795],[-98.30002,19.16832],[-98.30031,19.16871],[-98.30043,19.16887],[-98.30047,19.16891],[-98.30054,19.16899],[-98.30061,19.16906],[-98.30109,19.16958],[-98.30136,19.16984],[-98.30194,19.17034],[-98.30208,19.17046],[-98.31659,19.18221]]]}},{"type":"Feature","properties":{"cp":72440,"nombre":"CP 72440"},"geometry":{"type":"Polygon","coordinates":[[[-98.21874,19.01375],[-98.21639,19.01276],[-98.21452,19.01624],[-98.21195,19.021],[-98.2119,19.02109],[-98.2119,19.02109],[-98.21251,19.0228],[-98.21368,19.02602],[-98.21392,19.02595],[-98.21444,19.02558],[-98.21491,19.02526],[-98.21541,19.02499],[-98.21583,19.02473],[-98.21615,19.02456],[-98.21646,19.02436],[-98.2166,19.02406],[-98.21668,19.02375],[-98.21661,19.02349],[-98.21656,19.02307],[-98.21656,19.02276],[-98.21671,19.02224],[-98.21691,19.0218],[-98.21706,19.02189],[-98.21731,19.022],[-98.21771,19.02216],[-98.21794,19.022],[-98.2182,19.02169],[-98.21846,19.02152],[-98.21889,19.02143],[-98.21921,19.02144],[-98.21965,19.02144],[-98.22004,19.02154],[-98.22034,19.02159],[-98.22071,19.02179],[-98.2207,19.02207],[-98.22062,19.02236],[-98.22071,19.02257],[-98.22111,19.02277],[-98.22138,19.02278],[-98.22169,19.02268],[-98.222,19.02257],[-98.22213,19.02243],[-98.22212,19.02228],[-98.22231,19.02231],[-98.22248,19.02254],[-98.2227,19.02272],[-98.22293,19.02272],[-98.2231,19.02253],[-98.22326,19.02189],[-98.22325,19.02159],[-98.22333,19.02138],[-98.22364,19.02096],[-98.22382,19.0205],[-98.22385,19.02014],[-98.22385,19.02014],[-98.22374,19.01987],[-98.2234,19.01956],[-98.22322,19.01936],[-98.22302,19.0192],[-98.2228,19.01912],[-98.22254,19.01912],[-98.22264,19.019],[-98.22337,19.01779],[-98.22363,19.01733],[-98.22344,19.01722],[-98.22245,19.01671],[-98.22133,19.01608],[-98.21995,19.01529],[-98.22014,19.01499],[-98.21843,19.01427],[-98.21874,19.01375]]]}},{"type":"Feature","properties":{"cp":72773,"nombre":"CP 72773"},"geometry":{"type":"Polygon","coordinates":[[[-98.28762,19.07567],[-98.28651,19.07364],[-98.28622,19.07322],[-98.28583,19.0728],[-98.28547,19.07258],[-98.28515,19.07237],[-98.28461,19.07216],[-98.28347,19.07193],[-98.2829,19.07182],[-98.28058,19.07138],[-98.27918,19.07112],[-98.2791,19.07132],[-98.27808,19.07275],[-98.27856,19.07304],[-98.27769,19.07486],[-98.27785,19.07488],[-98.27828,19.07501],[-98.27925,19.07597],[-98.27967,19.07646],[-98.28762,19.07567]]]}},{"type":"Feature","properties":{"cp":72774,"nombre":"CP 72774"},"geometry":{"type":"Polygon","coordinates":[[[-98.27769,19.07486],[-98.27856,19.07304],[-98.27808,19.07275],[-98.2791,19.07132],[-98.27918,19.07112],[-98.27872,19.07097],[-98.27827,19.07072],[-98.27778,19.07033],[-98.27753,19.07001],[-98.27723,19.06952],[-98.27708,19.06906],[-98.27702,19.06879],[-98.27698,19.0686],[-98.27698,19.0686],[-98.27698,19.0686],[-98.27303,19.06956],[-98.27303,19.06956],[-98.27265,19.06966],[-98.27051,19.06998],[-98.27033,19.06999],[-98.27016,19.07007],[-98.26916,19.07072],[-98.26995,19.07176],[-98.27041,19.07218],[-98.27089,19.07257],[-98.27148,19.07291],[-98.27225,19.07339],[-98.27298,19.07366],[-98.27358,19.07391],[-98.27409,19.07431],[-98.27455,19.07458],[-98.27484,19.07469],[-98.27529,19.07478],[-98.27573,19.07483],[-98.27729,19.0748],[-98.27769,19.07486],[-98.27769,19.07486]]]}},{"type":"Feature","properties":{"cp":72768,"nombre":"CP 72768"},"geometry":{"type":"Polygon","coordinates":[[[-98.30213,19.08324],[-98.30387,19.08136],[-98.30429,19.08084],[-98.30306,19.07993],[-98.30234,19.07944],[-98.3022,19.07929],[-98.3017,19.07901],[-98.30043,19.07857],[-98.29948,19.07822],[-98.29848,19.0779],[-98.29916,19.07717],[-98.29877,19.07689],[-98.29911,19.07643],[-98.29889,19.07632],[-98.29839,19.07582],[-98.29734,19.07471],[-98.29686,19.07421],[-98.29686,19.07421],[-98.29666,19.07436],[-98.29649,19.07447],[-98.29617,19.07463],[-98.29586,19.07475],[-98.29548,19.07486],[-98.29515,19.07492],[-98.29396,19.07501],[-98.28855,19.07556],[-98.28974,19.07779],[-98.29028,19.07785],[-98.29083,19.07808],[-98.29083,19.07808],[-98.29083,19.07808],[-98.29116,19.07886],[-98.29133,19.07902],[-98.29196,19.07845],[-98.29203,19.07838],[-98.29238,19.07803],[-98.29238,19.07803],[-98.29301,19.0784],[-98.29371,19.07883],[-98.29422,19.07936],[-98.29432,19.07946],[-98.29438,19.07951],[-98.29466,19.07983],[-98.29473,19.07992],[-98.29506,19.08032],[-98.29533,19.08066],[-98.29565,19.08105],[-98.29583,19.08128],[-98.29598,19.08143],[-98.29619,19.08154],[-98.29632,19.08161],[-98.29636,19.08162],[-98.297,19.08187],[-98.29755,19.08206],[-98.29832,19.08237],[-98.29885,19.08263],[-98.29926,19.0829],[-98.29979,19.08328],[-98.29981,19.0833],[-98.30018,19.08358],[-98.30018,19.08358],[-98.30071,19.08398],[-98.30119,19.08442],[-98.30175,19.08503],[-98.30174,19.08466],[-98.30158,19.08382],[-98.30213,19.08324]]]}},{"type":"Feature","properties":{"cp":72987,"nombre":"CP 72987"},"geometry":{"type":"Polygon","coordinates":[[[-98.01082,19.00432],[-98.01141,19.00655],[-98.0116,19.00751],[-98.01214,19.00875],[-98.01262,19.00985],[-98.01306,19.01062],[-98.0134,19.01149],[-98.01364,19.01268],[-98.01407,19.01355],[-98.01485,19.01401],[-98.01543,19.01451],[-98.01587,19.01529],[-98.01606,19.01593],[-98.0164,19.0174],[-98.01712,19.01804],[-98.01809,19.01845],[-98.01877,19.019],[-98.01945,19.02051],[-98.01993,19.02262],[-98.02066,19.02472],[-98.02158,19.02628],[-98.0225,19.02706],[-98.02356,19.0277],[-98.02449,19.02815],[-98.02449,19.02815],[-98.02461,19.02793],[-98.02484,19.02752],[-98.02505,19.02712],[-98.02514,19.02699],[-98.02544,19.02667],[-98.02586,19.02683],[-98.02649,19.02692],[-98.02649,19.02651],[-98.02648,19.0263],[-98.02646,19.02599],[-98.02744,19.02599],[-98.02741,19.02548],[-98.0274,19.02516],[-98.02739,19.02498],[-98.02801,19.02488],[-98.0284,19.02482],[-98.0288,19.02474],[-98.02903,19.02468],[-98.02961,19.0245],[-98.03,19.02438],[-98.03056,19.02412],[-98.03073,19.02438],[-98.03086,19.02458],[-98.03097,19.02474],[-98.03115,19.02503],[-98.03121,19.02518],[-98.03132,19.02545],[-98.03136,19.02557],[-98.03138,19.02573],[-98.03137,19.02588],[-98.03136,19.02599],[-98.03136,19.02599],[-98.03154,19.02581],[-98.03178,19.02534],[-98.03195,19.02516],[-98.03213,19.02517],[-98.03319,19.02594],[-98.03464,19.02763],[-98.03549,19.02813],[-98.03685,19.02891],[-98.03721,19.02911],[-98.03733,19.02926],[-98.03751,19.02966],[-98.03771,19.02974],[-98.0384,19.03003],[-98.03859,19.0302],[-98.03882,19.03053],[-98.03908,19.03058],[-98.03912,19.03032],[-98.03921,19.0297],[-98.0391,19.02947],[-98.0391,19.02921],[-98.03916,19.0289],[-98.03931,19.02842],[-98.03944,19.02816],[-98.03956,19.0279],[-98.03977,19.02781],[-98.04012,19.02802],[-98.04052,19.02802],[-98.04069,19.02809],[-98.04102,19.02821],[-98.04137,19.02818],[-98.04168,19.02811],[-98.04192,19.02806],[-98.04222,19.02781],[-98.04238,19.02778],[-98.04255,19.02773],[-98.0428,19.02752],[-98.04293,19.0273],[-98.0431,19.02722],[-98.04348,19.02703],[-98.0441,19.0268],[-98.04497,19.0266],[-98.04631,19.0262],[-98.04775,19.02535],[-98.0493,19.02478],[-98.05049,19.02451],[-98.05107,19.02482],[-98.0515,19.0255],[-98.05222,19.02662],[-98.05301,19.02719],[-98.05453,19.0279],[-98.0558,19.02764],[-98.0577,19.02707],[-98.05939,19.02657],[-98.06057,19.02635],[-98.06133,19.02665],[-98.06214,19.02756],[-98.0629,19.02889],[-98.06336,19.02982],[-98.06414,19.02884],[-98.06486,19.0277],[-98.06535,19.02646],[-98.06559,19.02518],[-98.06569,19.02431],[-98.06544,19.02289],[-98.06559,19.0223],[-98.06602,19.02106],[-98.06617,19.02024],[-98.06617,19.01923],[-98.06598,19.01836],[-98.06583,19.01763],[-98.06564,19.01616],[-98.06588,19.01451],[-98.06578,19.01323],[-98.06588,19.01122],[-98.06564,19.00998],[-98.06515,19.00774],[-98.06496,19.00623],[-98.06598,19.00431],[-98.06617,19.00339],[-98.06627,19.00248],[-98.06627,19.00156],[-98.06627,19.00042],[-98.06656,18.99945],[-98.06714,18.99808],[-98.06772,18.9968],[-98.06803,18.99567],[-98.06778,18.99537],[-98.06732,18.99365],[-98.06697,18.9939],[-98.06678,18.99389],[-98.06657,18.99389],[-98.06641,18.99393],[-98.06632,18.99406],[-98.06628,18.99419],[-98.06624,18.9943],[-98.06586,18.99452],[-98.06586,18.99452],[-98.06586,18.99452],[-98.06578,18.99456],[-98.06538,18.99496],[-98.06512,18.99526],[-98.06487,18.9954],[-98.06452,18.99548],[-98.06408,18.99546],[-98.06353,18.99547],[-98.06311,18.99565],[-98.06301,18.99569],[-98.06292,18.99574],[-98.06243,18.99599],[-98.06228,18.99601],[-98.06191,18.99608],[-98.06164,18.99599],[-98.06163,18.99599],[-98.06162,18.99598],[-98.0609,18.99573],[-98.06037,18.99608],[-98.0602,18.99595],[-98.06001,18.99581],[-98.05932,18.99592],[-98.05884,18.99605],[-98.05884,18.99605],[-98.05869,18.99626],[-98.05859,18.99649],[-98.05855,18.99659],[-98.05852,18.99668],[-98.05846,18.99685],[-98.0584,18.9969],[-98.05832,18.99697],[-98.0581,18.99701],[-98.05767,18.99697],[-98.05757,18.99688],[-98.05747,18.9968],[-98.05735,18.99671],[-98.05729,18.99667],[-98.05714,18.99659],[-98.05706,18.99656],[-98.0562,18.99666],[-98.05531,18.99687],[-98.05531,18.99687],[-98.05497,18.99711],[-98.0546,18.99737],[-98.05449,18.99746],[-98.05408,18.9978],[-98.05384,18.99835],[-98.05353,18.99901],[-98.05347,18.99914],[-98.05346,18.99915],[-98.05315,18.99956],[-98.0531,18.9999],[-98.05307,19.00014],[-98.05298,19.00037],[-98.05294,19.00047],[-98.05275,19.00082],[-98.05265,19.00095],[-98.05257,19.00099],[-98.05251,19.00103],[-98.05247,19.00104],[-98.05238,19.00108],[-98.05214,19.00121],[-98.05218,19.00131],[-98.05223,19.00145],[-98.05226,19.00165],[-98.05223,19.00174],[-98.0522,19.00186],[-98.05207,19.0021],[-98.05206,19.0021],[-98.05159,19.00226],[-98.05097,19.00242],[-98.05097,19.00242],[-98.05097,19.00242],[-98.05084,19.00249],[-98.0506,19.0026],[-98.0505,19.00264],[-98.05026,19.00275],[-98.05023,19.00276],[-98.04998,19.00283],[-98.04967,19.00292],[-98.04905,19.00306],[-98.04839,19.00325],[-98.04825,19.00329],[-98.04784,19.00335],[-98.04749,19.00341],[-98.04724,19.00341],[-98.04689,19.00341],[-98.04603,19.00342],[-98.04577,19.00346],[-98.04473,19.00364],[-98.04409,19.00379],[-98.04336,19.0039],[-98.04289,19.00391],[-98.04268,19.00392],[-98.04208,19.00389],[-98.04158,19.00386],[-98.04141,19.004],[-98.04137,19.00403],[-98.04112,19.00453],[-98.04087,19.00486],[-98.04072,19.00495],[-98.04054,19.00505],[-98.04048,19.00509],[-98.04033,19.00519],[-98.04028,19.00515],[-98.03999,19.0049],[-98.03997,19.00466],[-98.03997,19.00453],[-98.04006,19.00436],[-98.04013,19.00425],[-98.04013,19.00413],[-98.04013,19.00386],[-98.04007,19.00336],[-98.04,19.00331],[-98.03963,19.003],[-98.03887,19.00275],[-98.0386,19.00265],[-98.03705,19.00248],[-98.03598,19.00196],[-98.03409,19.00051],[-98.03352,19.0001],[-98.03286,18.99961],[-98.03281,18.99955],[-98.03211,18.9988],[-98.03139,18.99765],[-98.03054,18.99626],[-98.03015,18.99491],[-98.02996,18.9944],[-98.02931,18.99375],[-98.02822,18.99309],[-98.02765,18.99271],[-98.02701,18.99212],[-98.02672,18.99176],[-98.02637,18.99166],[-98.02612,18.99149],[-98.02603,18.99119],[-98.02603,18.99119],[-98.02611,18.99094],[-98.02611,18.99094],[-98.02587,18.99044],[-98.0255,18.99002],[-98.02533,18.98989],[-98.02486,18.9895],[-98.02344,18.98855],[-98.02272,18.98824],[-98.02234,18.98795],[-98.02208,18.98765],[-98.02177,18.98734],[-98.0214,18.98714],[-98.02108,18.98702],[-98.0208,18.98676],[-98.02029,18.98632],[-98.02015,18.98549],[-98.02011,18.9848],[-98.02008,18.98401],[-98.01999,18.98314],[-98.01999,18.98314],[-98.02011,18.98259],[-98.02011,18.98259],[-98.02006,18.98247],[-98.01772,18.98217],[-98.01604,18.98203],[-98.01604,18.98203],[-98.0161,18.98243],[-98.0161,18.98273],[-98.01607,18.98309],[-98.01609,18.98376],[-98.01616,18.9841],[-98.01616,18.98414],[-98.01617,18.98431],[-98.01619,18.98465],[-98.01621,18.98495],[-98.01621,18.98495],[-98.01642,18.98516],[-98.01671,18.98545],[-98.01711,18.98564],[-98.01728,18.98569],[-98.01748,18.9857],[-98.01761,18.98572],[-98.01769,18.98573],[-98.01778,18.98578],[-98.01784,18.98587],[-98.01787,18.98598],[-98.01789,18.98606],[-98.01785,18.98619],[-98.01783,18.98627],[-98.01778,18.98642],[-98.01795,18.98696],[-98.01821,18.98745],[-98.01823,18.98748],[-98.01844,18.98792],[-98.01864,18.98829],[-98.01869,18.98839],[-98.01883,18.98865],[-98.01885,18.98893],[-98.01868,18.98929],[-98.01848,18.9897],[-98.01816,18.99017],[-98.01812,18.99026],[-98.01806,18.99043],[-98.01796,18.99082],[-98.0179,18.99117],[-98.01788,18.99127],[-98.01784,18.99139],[-98.01773,18.99168],[-98.017,18.99247],[-98.01669,18.99281],[-98.01632,18.99333],[-98.01604,18.99373],[-98.01553,18.99438],[-98.01515,18.99485],[-98.01424,18.99528],[-98.01327,18.99535],[-98.01225,18.99513],[-98.01118,18.9947],[-98.01078,18.99453],[-98.01058,18.99443],[-98.00987,18.99407],[-98.00962,18.99387],[-98.00928,18.99361],[-98.00909,18.99331],[-98.00902,18.99327],[-98.00874,18.99312],[-98.00819,18.99292],[-98.00793,18.99282],[-98.00769,18.99273],[-98.00769,18.99273],[-98.00741,18.99271],[-98.00708,18.99268],[-98.00708,18.99268],[-98.00716,18.99288],[-98.00729,18.99317],[-98.00738,18.99332],[-98.00747,18.99347],[-98.00754,18.99367],[-98.00755,18.9937],[-98.00774,18.99403],[-98.00782,18.99426],[-98.00796,18.99469],[-98.00796,18.9947],[-98.00795,18.99478],[-98.00792,18.995],[-98.00785,18.99528],[-98.0078,18.99548],[-98.00776,18.9957],[-98.00785,18.99589],[-98.00785,18.99589],[-98.00801,18.99595],[-98.00815,18.99601],[-98.00817,18.99602],[-98.00839,18.99619],[-98.00843,18.99638],[-98.00838,18.99652],[-98.00834,18.99663],[-98.00837,18.99687],[-98.00837,18.99687],[-98.00846,18.99716],[-98.00855,18.99731],[-98.00868,18.99754],[-98.00877,18.9977],[-98.00893,18.99799],[-98.00909,18.99845],[-98.00911,18.99869],[-98.00911,18.99871],[-98.00911,18.9989],[-98.00912,18.99912],[-98.0105,19.00018],[-98.01274,19.00195],[-98.01279,19.00216],[-98.0128,19.00217],[-98.01281,19.0022],[-98.01287,19.00243],[-98.01287,19.00247],[-98.01287,19.00276],[-98.0128,19.00303],[-98.0128,19.00304],[-98.01265,19.00321],[-98.01244,19.00346],[-98.0124,19.0035],[-98.01236,19.00355],[-98.01201,19.00404],[-98.01149,19.00476],[-98.01149,19.00476],[-98.01144,19.00471],[-98.01085,19.00434],[-98.01082,19.00432]]]}},{"type":"Feature","properties":{"cp":72520,"nombre":"CP 72520"},"geometry":{"type":"Polygon","coordinates":[[[-98.18408,19.0208],[-98.18218,19.01932],[-98.18191,19.01911],[-98.18084,19.01834],[-98.18117,19.01779],[-98.18148,19.01713],[-98.1796,19.01581],[-98.17802,19.01474],[-98.17826,19.01462],[-98.17848,19.01442],[-98.17864,19.01412],[-98.17876,19.01377],[-98.17887,19.01308],[-98.17897,19.01269],[-98.17927,19.01221],[-98.17851,19.01229],[-98.17779,19.01234],[-98.17692,19.01196],[-98.17689,19.01209],[-98.17659,19.01198],[-98.17629,19.01192],[-98.17604,19.01192],[-98.17585,19.01184],[-98.17574,19.01188],[-98.17544,19.0117],[-98.17524,19.01133],[-98.17492,19.01144],[-98.17463,19.01159],[-98.17455,19.01169],[-98.17452,19.01094],[-98.17384,19.01008],[-98.17361,19.01025],[-98.1733,19.00973],[-98.17301,19.00932],[-98.17242,19.00877],[-98.17192,19.00832],[-98.16973,19.01],[-98.16966,19.00924],[-98.16943,19.0086],[-98.16897,19.00832],[-98.16743,19.00823],[-98.16725,19.00798],[-98.16683,19.0075],[-98.1664,19.00733],[-98.16611,19.00721],[-98.16599,19.00703],[-98.16585,19.00689],[-98.16557,19.00693],[-98.16527,19.00716],[-98.16482,19.00731],[-98.16439,19.00736],[-98.16386,19.00743],[-98.16339,19.0075],[-98.16306,19.00764],[-98.16263,19.00791],[-98.16234,19.00824],[-98.16203,19.00859],[-98.16172,19.00885],[-98.16119,19.00917],[-98.16084,19.00959],[-98.16053,19.01011],[-98.16384,19.01366],[-98.16417,19.01417],[-98.16454,19.01459],[-98.16493,19.01522],[-98.16523,19.01574],[-98.16534,19.01604],[-98.16545,19.01665],[-98.16583,19.017],[-98.16617,19.01725],[-98.16627,19.01754],[-98.16649,19.018],[-98.16664,19.01814],[-98.16709,19.01848],[-98.16731,19.01884],[-98.16744,19.01901],[-98.16761,19.0191],[-98.16799,19.01923],[-98.16824,19.0194],[-98.1684,19.0195],[-98.1687,19.01923],[-98.1691,19.01908],[-98.1695,19.01894],[-98.16974,19.01897],[-98.17131,19.0191],[-98.1716,19.01939],[-98.17194,19.01947],[-98.17233,19.0195],[-98.17266,19.01963],[-98.173,19.01951],[-98.17346,19.01927],[-98.17378,19.01896],[-98.17386,19.01854],[-98.17404,19.01815],[-98.17424,19.01788],[-98.17456,19.01764],[-98.175,19.01735],[-98.17546,19.01776],[-98.17576,19.01823],[-98.17689,19.02082],[-98.1783,19.024],[-98.17966,19.02674],[-98.18155,19.02606],[-98.18235,19.02495],[-98.1819,19.02492],[-98.182,19.02419],[-98.18162,19.02399],[-98.18212,19.022],[-98.18358,19.02286],[-98.18385,19.02191],[-98.18408,19.0208]]]}},{"type":"Feature","properties":{"cp":72564,"nombre":"CP 72564"},"geometry":{"type":"Polygon","coordinates":[[[-98.17192,19.00832],[-98.17242,19.00877],[-98.17301,19.00932],[-98.1733,19.00973],[-98.17361,19.01025],[-98.17384,19.01008],[-98.17452,19.01094],[-98.17455,19.01169],[-98.17463,19.01159],[-98.17492,19.01144],[-98.17524,19.01133],[-98.17544,19.0117],[-98.17574,19.01188],[-98.17585,19.01184],[-98.17604,19.01192],[-98.17629,19.01192],[-98.17659,19.01198],[-98.17689,19.01209],[-98.17692,19.01196],[-98.17779,19.01234],[-98.17851,19.01229],[-98.17927,19.01221],[-98.17987,19.0113],[-98.17999,19.01107],[-98.18023,19.01049],[-98.18056,19.0098],[-98.1807,19.0096],[-98.18103,19.00935],[-98.18049,19.00917],[-98.18009,19.00897],[-98.18001,19.00887],[-98.17999,19.00873],[-98.18008,19.00728],[-98.1801,19.00677],[-98.17997,19.00643],[-98.17993,19.00617],[-98.18,19.00596],[-98.17992,19.00594],[-98.17978,19.00605],[-98.17962,19.0061],[-98.17946,19.00612],[-98.17932,19.00608],[-98.17922,19.00599],[-98.1792,19.00585],[-98.17914,19.00579],[-98.17899,19.00576],[-98.17885,19.00579],[-98.17871,19.00579],[-98.17832,19.00618],[-98.17789,19.00664],[-98.1771,19.00606],[-98.17639,19.00557],[-98.17496,19.00674],[-98.17473,19.00649],[-98.17339,19.00754],[-98.1726,19.0082],[-98.17253,19.00823],[-98.17246,19.00821],[-98.1723,19.00813],[-98.17223,19.00812],[-98.17217,19.00812],[-98.17212,19.00815],[-98.17205,19.00821],[-98.17192,19.00832]]]}},{"type":"Feature","properties":{"cp":72575,"nombre":"CP 72575"},"geometry":{"type":"MultiPolygon","coordinates":[[[[-98.18292,19.00735],[-98.18197,19.00691],[-98.18093,19.00647],[-98.18114,19.00581],[-98.18104,19.00572],[-98.18089,19.0057],[-98.18071,19.00575],[-98.18035,19.00592],[-98.18009,19.00582],[-98.18025,19.0055],[-98.1803,19.00521],[-98.18028,19.00461],[-98.1803,19.00406],[-98.18031,19.00384],[-98.18045,19.00357],[-98.18073,19.00331],[-98.18101,19.00307],[-98.1812,19.00289],[-98.18129,19.00276],[-98.18137,19.00261],[-98.18141,19.0024],[-98.18139,19.00224],[-98.18133,19.00206],[-98.18119,19.00184],[-98.18074,19.00136],[-98.18054,19.00116],[-98.1804,19.00088],[-98.18039,19.00077],[-98.18039,19.00063],[-98.18041,19.00043],[-98.18054,19.00004],[-98.18032,19.00001],[-98.18015,19],[-98.17954,19.00017],[-98.17945,19.00015],[-98.1793,19.00005],[-98.17918,18.99997],[-98.17908,18.99995],[-98.17885,19.00001],[-98.17842,19.00016],[-98.17835,19.00023],[-98.17833,19.00013],[-98.17702,19.00049],[-98.17496,19.00096],[-98.17472,19.00115],[-98.1712,19.00214],[-98.17126,19.00181],[-98.1713,19.00117],[-98.17132,19.00044],[-98.1714,18.9995],[-98.17067,18.99945],[-98.17058,19.00062],[-98.17059,19.00113],[-98.17046,19.00228],[-98.17038,19.00262],[-98.17038,19.00262],[-98.1706,19.00283],[-98.17473,19.00649],[-98.17496,19.00674],[-98.17639,19.00557],[-98.1771,19.00606],[-98.17789,19.00664],[-98.17832,19.00618],[-98.17871,19.00579],[-98.17885,19.00579],[-98.17899,19.00576],[-98.17914,19.00579],[-98.1792,19.00585],[-98.17922,19.00599],[-98.17932,19.00608],[-98.17946,19.00612],[-98.17962,19.0061],[-98.17978,19.00605],[-98.17992,19.00594],[-98.18,19.00596],[-98.17993,19.00617],[-98.17997,19.00643],[-98.1801,19.00677],[-98.18008,19.00728],[-98.17999,19.00873],[-98.18001,19.00887],[-98.18009,19.00897],[-98.18049,19.00917],[-98.18103,19.00935],[-98.1813,19.00911],[-98.18146,19.00893],[-98.18155,19.00868],[-98.18162,19.00848],[-98.18171,19.00835],[-98.18179,19.00826],[-98.18228,19.00787],[-98.18275,19.00749],[-98.18292,19.00735]]],[[[-98.18098,18.99877],[-98.17969,18.99915],[-98.17933,18.99922],[-98.17951,18.9998],[-98.18052,18.99951],[-98.18044,18.99927],[-98.18075,18.99918],[-98.18087,18.9992],[-98.18093,18.99904],[-98.18098,18.99877]]]]}},{"type":"Feature","properties":{"cp":72764,"nombre":"CP 72764"},"geometry":{"type":"MultiPolygon","coordinates":[[[[-98.32758,19.05567],[-98.32515,19.05643],[-98.32629,19.05694],[-98.32599,19.05739],[-98.32587,19.05738],[-98.32535,19.05816],[-98.32508,19.05804],[-98.32401,19.05992],[-98.32306,19.06164],[-98.32386,19.06201],[-98.32232,19.06262],[-98.3211,19.06311],[-98.32068,19.06332],[-98.32053,19.06342],[-98.32041,19.06353],[-98.31992,19.06451],[-98.31942,19.06549],[-98.31897,19.06642],[-98.32044,19.06632],[-98.32047,19.06707],[-98.32125,19.06699],[-98.32177,19.0669],[-98.32109,19.06831],[-98.32074,19.06903],[-98.32178,19.0695],[-98.3223,19.06851],[-98.32261,19.06856],[-98.32365,19.06648],[-98.32453,19.06632],[-98.32522,19.06602],[-98.32539,19.06626],[-98.32853,19.06726],[-98.32976,19.06419],[-98.32976,19.06419],[-98.32998,19.06431],[-98.33004,19.06494],[-98.33007,19.06504],[-98.33038,19.06551],[-98.33041,19.06578],[-98.33226,19.0663],[-98.33278,19.06645],[-98.33274,19.06614],[-98.33274,19.06614],[-98.33274,19.06614],[-98.33275,19.06598],[-98.33286,19.06578],[-98.33301,19.06559],[-98.33382,19.0649],[-98.33367,19.06391],[-98.33367,19.06391],[-98.33393,19.06353],[-98.3341,19.06345],[-98.33426,19.06335],[-98.33439,19.06325],[-98.33448,19.06312],[-98.33461,19.06304],[-98.33473,19.06301],[-98.335,19.06298],[-98.33518,19.06295],[-98.3353,19.0629],[-98.33535,19.06277],[-98.33536,19.06204],[-98.33567,19.06138],[-98.33579,19.06129],[-98.33626,19.06121],[-98.33646,19.06069],[-98.33723,19.06042],[-98.33787,19.0602],[-98.33862,19.06037],[-98.3388,19.06051],[-98.33883,19.0606],[-98.33891,19.06065],[-98.3391,19.06067],[-98.33933,19.0607],[-98.33952,19.06078],[-98.33965,19.06086],[-98.33979,19.06084],[-98.33992,19.06049],[-98.33997,19.06031],[-98.34003,19.06013],[-98.34015,19.06002],[-98.34033,19.05995],[-98.34052,19.0599],[-98.34079,19.05988],[-98.34087,19.05968],[-98.34043,19.0596],[-98.34066,19.05869],[-98.34047,19.05874],[-98.33967,19.05898],[-98.33915,19.05911],[-98.33906,19.05905],[-98.33885,19.05904],[-98.33858,19.05905],[-98.33791,19.05916],[-98.33788,19.05904],[-98.33685,19.05856],[-98.33656,19.05889],[-98.33597,19.05863],[-98.33589,19.05873],[-98.33499,19.05831],[-98.33507,19.05817],[-98.33442,19.05783],[-98.33392,19.05873],[-98.33348,19.05858],[-98.33041,19.05749],[-98.33053,19.05723],[-98.32995,19.05698],[-98.33025,19.05646],[-98.32948,19.05614],[-98.32927,19.05649],[-98.32758,19.05567]]],[[[-98.31697,19.07274],[-98.31754,19.07197],[-98.31809,19.07121],[-98.31711,19.07058],[-98.31713,19.07032],[-98.31716,19.07007],[-98.3172,19.06983],[-98.31735,19.06955],[-98.31859,19.06718],[-98.31317,19.06473],[-98.31158,19.06401],[-98.31075,19.06558],[-98.30959,19.06789],[-98.3112,19.06861],[-98.31078,19.06944],[-98.3142,19.07098],[-98.31573,19.07166],[-98.31599,19.07193],[-98.31637,19.07228],[-98.31697,19.07274]]],[[[-98.32346,19.06877],[-98.32296,19.06972],[-98.32324,19.06984],[-98.32376,19.06882],[-98.32346,19.06877]]]]}},{"type":"Feature","properties":{"cp":72765,"nombre":"CP 72765"},"geometry":{"type":"Polygon","coordinates":[[[-98.34049,19.07745],[-98.34066,19.07702],[-98.34077,19.07635],[-98.34094,19.07586],[-98.34122,19.07541],[-98.3414,19.07519],[-98.33815,19.07382],[-98.33819,19.07367],[-98.33834,19.07331],[-98.33833,19.07286],[-98.33831,19.07274],[-98.33846,19.07255],[-98.33867,19.07237],[-98.33877,19.07209],[-98.33867,19.07176],[-98.33859,19.07148],[-98.3386,19.07134],[-98.33878,19.07109],[-98.33908,19.07085],[-98.33935,19.07062],[-98.33976,19.07005],[-98.33986,19.06938],[-98.33978,19.0688],[-98.33948,19.06826],[-98.33944,19.06799],[-98.3395,19.06774],[-98.3395,19.06751],[-98.33938,19.06726],[-98.33927,19.06695],[-98.33936,19.06654],[-98.33944,19.06633],[-98.33948,19.0661],[-98.3395,19.06596],[-98.33555,19.06448],[-98.33367,19.06391],[-98.33367,19.06391],[-98.33382,19.0649],[-98.33301,19.06559],[-98.33286,19.06578],[-98.33275,19.06598],[-98.33274,19.06614],[-98.33274,19.06614],[-98.33274,19.06614],[-98.33278,19.06645],[-98.33226,19.0663],[-98.33041,19.06578],[-98.33038,19.06551],[-98.33007,19.06504],[-98.33004,19.06494],[-98.32998,19.06431],[-98.32976,19.06419],[-98.32976,19.06419],[-98.32853,19.06726],[-98.32539,19.06626],[-98.32522,19.06602],[-98.32453,19.06632],[-98.32365,19.06648],[-98.32261,19.06856],[-98.3223,19.06851],[-98.32178,19.0695],[-98.32074,19.06903],[-98.32109,19.06831],[-98.32177,19.0669],[-98.32125,19.06699],[-98.32047,19.06707],[-98.32044,19.06632],[-98.31897,19.06642],[-98.31859,19.06718],[-98.31735,19.06955],[-98.3172,19.06983],[-98.31716,19.07007],[-98.31713,19.07032],[-98.31711,19.07058],[-98.31809,19.07121],[-98.31754,19.07197],[-98.31697,19.07274],[-98.31697,19.07274],[-98.31729,19.07297],[-98.31729,19.07297],[-98.31729,19.07297],[-98.31996,19.07498],[-98.32172,19.07621],[-98.32506,19.07836],[-98.32685,19.07494],[-98.32988,19.07672],[-98.3316,19.07781],[-98.3323,19.07846],[-98.33259,19.07872],[-98.33489,19.08034],[-98.33529,19.08004],[-98.33556,19.08003],[-98.33593,19.08015],[-98.33647,19.08012],[-98.33731,19.07998],[-98.33784,19.07979],[-98.3384,19.07952],[-98.33914,19.07883],[-98.33958,19.07831],[-98.3401,19.07793],[-98.34049,19.07745]],[[-98.32346,19.06877],[-98.32376,19.06882],[-98.32324,19.06984],[-98.32296,19.06972],[-98.32346,19.06877]]]}},{"type":"Feature","properties":{"cp":72310,"nombre":"CP 72310"},"geometry":{"type":"Polygon","coordinates":[[[-98.13864,19.06158],[-98.13864,19.06158],[-98.13901,19.06117],[-98.13955,19.06062],[-98.14004,19.06015],[-98.14039,19.0598],[-98.14077,19.05938],[-98.141,19.05913],[-98.14122,19.05886],[-98.14142,19.05857],[-98.14158,19.0583],[-98.14199,19.05771],[-98.14238,19.05719],[-98.14238,19.05719],[-98.14238,19.05719],[-98.14175,19.05685],[-98.1416,19.0568],[-98.14146,19.0568],[-98.14136,19.05682],[-98.14165,19.05636],[-98.14178,19.05606],[-98.14192,19.05591],[-98.14195,19.05574],[-98.14204,19.05563],[-98.14225,19.05554],[-98.14245,19.05554],[-98.14259,19.05562],[-98.14277,19.05573],[-98.14295,19.05573],[-98.14311,19.05568],[-98.14329,19.05558],[-98.14341,19.05548],[-98.14348,19.05528],[-98.1436,19.05507],[-98.14384,19.05494],[-98.14413,19.05502],[-98.14437,19.05515],[-98.14454,19.05515],[-98.14469,19.055],[-98.14493,19.05469],[-98.1451,19.05429],[-98.14548,19.05438],[-98.14596,19.05453],[-98.1463,19.05439],[-98.1465,19.05414],[-98.14668,19.05375],[-98.14692,19.05355],[-98.14739,19.05338],[-98.14753,19.05329],[-98.14765,19.05326],[-98.14777,19.05326],[-98.14786,19.05328],[-98.14792,19.05333],[-98.14797,19.05342],[-98.14805,19.0535],[-98.14818,19.05357],[-98.14829,19.05359],[-98.14842,19.05353],[-98.14857,19.05339],[-98.14867,19.05323],[-98.14881,19.05308],[-98.14897,19.05302],[-98.14916,19.05304],[-98.14941,19.05304],[-98.14956,19.05301],[-98.14968,19.05288],[-98.14975,19.0527],[-98.14979,19.05264],[-98.15008,19.05241],[-98.15037,19.0522],[-98.1505,19.05206],[-98.1506,19.05183],[-98.15069,19.0517],[-98.15074,19.05166],[-98.15096,19.05159],[-98.1514,19.05148],[-98.15158,19.05139],[-98.15163,19.05134],[-98.15177,19.05119],[-98.15195,19.05105],[-98.1521,19.05088],[-98.15219,19.05076],[-98.15229,19.05069],[-98.15253,19.05048],[-98.15291,19.0502],[-98.15307,19.05011],[-98.15325,19.05007],[-98.15343,19.05005],[-98.15371,19.04998],[-98.15402,19.04976],[-98.15352,19.04905],[-98.15299,19.04828],[-98.14982,19.04798],[-98.14716,19.0476],[-98.14716,19.04742],[-98.14732,19.04188],[-98.14189,19.04192],[-98.14087,19.04192],[-98.13985,19.04194],[-98.1384,19.04227],[-98.13663,19.04266],[-98.13525,19.04298],[-98.13379,19.04328],[-98.13358,19.04332],[-98.13341,19.04337],[-98.13324,19.04338],[-98.13298,19.04342],[-98.13263,19.04335],[-98.13264,19.04344],[-98.13253,19.04382],[-98.13222,19.04414],[-98.1321,19.04432],[-98.13202,19.04445],[-98.13207,19.04457],[-98.13211,19.04486],[-98.13208,19.04508],[-98.13195,19.04529],[-98.13194,19.04558],[-98.13175,19.04577],[-98.13147,19.04597],[-98.13146,19.04616],[-98.13141,19.04656],[-98.13115,19.04681],[-98.13099,19.04674],[-98.13067,19.04682],[-98.13037,19.04687],[-98.13018,19.04725],[-98.13017,19.04733],[-98.13012,19.0474],[-98.13002,19.04743],[-98.12991,19.04747],[-98.1298,19.04758],[-98.12967,19.04773],[-98.12912,19.04818],[-98.12861,19.04847],[-98.12808,19.04867],[-98.12793,19.04879],[-98.12778,19.04871],[-98.12751,19.0486],[-98.12694,19.04838],[-98.12578,19.04793],[-98.1249,19.04759],[-98.12384,19.04715],[-98.12405,19.04676],[-98.12432,19.04629],[-98.12462,19.04575],[-98.12367,19.04533],[-98.12306,19.04578],[-98.12103,19.04605],[-98.12108,19.04591],[-98.11975,19.04603],[-98.1199,19.04528],[-98.11922,19.0454],[-98.11868,19.0457],[-98.11827,19.04614],[-98.1174,19.04708],[-98.11705,19.04747],[-98.11667,19.04792],[-98.11643,19.04841],[-98.11622,19.04913],[-98.11612,19.0499],[-98.11589,19.05156],[-98.11556,19.05408],[-98.11538,19.05407],[-98.11477,19.0541],[-98.11416,19.05411],[-98.11416,19.05411],[-98.11381,19.05493],[-98.11325,19.0558],[-98.11245,19.05721],[-98.11275,19.05744],[-98.11378,19.05808],[-98.11456,19.05855],[-98.11527,19.05898],[-98.11591,19.0595],[-98.11492,19.06015],[-98.11477,19.06048],[-98.11462,19.06086],[-98.11456,19.06099],[-98.1143,19.06112],[-98.11422,19.06115],[-98.11389,19.06132],[-98.11364,19.06144],[-98.11353,19.0615],[-98.1131,19.06175],[-98.11258,19.06221],[-98.11231,19.06247],[-98.11214,19.06263],[-98.11205,19.06268],[-98.11102,19.06333],[-98.10976,19.06452],[-98.10927,19.06528],[-98.10913,19.06554],[-98.11579,19.06691],[-98.11876,19.06746],[-98.1208,19.06785],[-98.12237,19.06815],[-98.12326,19.06832],[-98.12442,19.06855],[-98.1252,19.0687],[-98.12678,19.06911],[-98.12735,19.06934],[-98.12876,19.0698],[-98.12982,19.07016],[-98.1303,19.07031],[-98.1303,19.07031],[-98.13066,19.06993],[-98.13176,19.06854],[-98.13214,19.06799],[-98.13242,19.06796],[-98.13316,19.06793],[-98.13387,19.06784],[-98.13494,19.0673],[-98.13668,19.06556],[-98.13686,19.06527],[-98.13712,19.06492],[-98.13734,19.06452],[-98.13751,19.06408],[-98.1378,19.0634],[-98.13811,19.06263],[-98.13843,19.0619],[-98.13864,19.06158]]]}},{"type":"Feature","properties":{"cp":72309,"nombre":"CP 72309"},"geometry":{"type":"Polygon","coordinates":[[[-98.14752,19.05987],[-98.14752,19.05987],[-98.14757,19.0595],[-98.14771,19.05936],[-98.14786,19.05924],[-98.1481,19.05919],[-98.14819,19.05916],[-98.14825,19.0591],[-98.14822,19.05902],[-98.14816,19.05891],[-98.14818,19.05878],[-98.14823,19.05866],[-98.14843,19.0585],[-98.14866,19.05806],[-98.14881,19.05779],[-98.14891,19.05763],[-98.14888,19.0575],[-98.149,19.05732],[-98.14905,19.05713],[-98.14916,19.05701],[-98.14923,19.05687],[-98.1494,19.0568],[-98.14969,19.05674],[-98.14984,19.05668],[-98.15084,19.05585],[-98.15104,19.05548],[-98.15113,19.05524],[-98.15115,19.05501],[-98.15121,19.0545],[-98.1513,19.05428],[-98.15131,19.05405],[-98.15141,19.05385],[-98.15172,19.05351],[-98.15201,19.05324],[-98.15212,19.0531],[-98.15212,19.05298],[-98.15198,19.05292],[-98.15187,19.05281],[-98.15174,19.05248],[-98.15174,19.05227],[-98.15174,19.05205],[-98.15179,19.05192],[-98.15203,19.05178],[-98.15215,19.05156],[-98.15214,19.05131],[-98.1521,19.05088],[-98.15195,19.05105],[-98.15177,19.05119],[-98.15163,19.05134],[-98.15158,19.05139],[-98.1514,19.05148],[-98.15096,19.05159],[-98.15074,19.05166],[-98.15069,19.0517],[-98.1506,19.05183],[-98.1505,19.05206],[-98.15037,19.0522],[-98.15008,19.05241],[-98.14979,19.05264],[-98.14975,19.0527],[-98.14968,19.05288],[-98.14956,19.05301],[-98.14941,19.05304],[-98.14916,19.05304],[-98.14897,19.05302],[-98.14881,19.05308],[-98.14867,19.05323],[-98.14857,19.05339],[-98.14842,19.05353],[-98.14829,19.05359],[-98.14818,19.05357],[-98.14805,19.0535],[-98.14797,19.05342],[-98.14792,19.05333],[-98.14786,19.05328],[-98.14777,19.05326],[-98.14765,19.05326],[-98.14753,19.05329],[-98.14739,19.05338],[-98.14692,19.05355],[-98.14668,19.05375],[-98.1465,19.05414],[-98.1463,19.05439],[-98.14596,19.05453],[-98.14548,19.05438],[-98.1451,19.05429],[-98.14493,19.05469],[-98.14469,19.055],[-98.14454,19.05515],[-98.14437,19.05515],[-98.14413,19.05502],[-98.14384,19.05494],[-98.1436,19.05507],[-98.14348,19.05528],[-98.14341,19.05548],[-98.14329,19.05558],[-98.14311,19.05568],[-98.14295,19.05573],[-98.14277,19.05573],[-98.14259,19.05562],[-98.14245,19.05554],[-98.14225,19.05554],[-98.14204,19.05563],[-98.14195,19.05574],[-98.14192,19.05591],[-98.14178,19.05606],[-98.14165,19.05636],[-98.14136,19.05682],[-98.14146,19.0568],[-98.1416,19.0568],[-98.14175,19.05685],[-98.14238,19.05719],[-98.14238,19.05719],[-98.14513,19.05898],[-98.14589,19.05943],[-98.14676,19.05972],[-98.1472,19.05982],[-98.14752,19.05987],[-98.14752,19.05987]]]}},{"type":"Feature","properties":{"cp":72300,"nombre":"CP 72300"},"geometry":{"type":"Polygon","coordinates":[[[-98.16508,19.05625],[-98.16628,19.05513],[-98.16713,19.05435],[-98.1672,19.05363],[-98.16331,19.0507],[-98.16233,19.04998],[-98.16233,19.04998],[-98.1591,19.05415],[-98.15779,19.05344],[-98.15804,19.05288],[-98.15822,19.0518],[-98.15808,19.05144],[-98.15836,19.05102],[-98.15835,19.05069],[-98.1584,19.05033],[-98.15853,19.05005],[-98.15845,19.04943],[-98.15788,19.04935],[-98.15785,19.04909],[-98.15808,19.04897],[-98.15819,19.04875],[-98.1582,19.04854],[-98.15797,19.04824],[-98.15779,19.04747],[-98.15771,19.04735],[-98.15748,19.04738],[-98.15734,19.04765],[-98.15708,19.04807],[-98.15674,19.04844],[-98.15636,19.04875],[-98.15572,19.04908],[-98.15529,19.04924],[-98.15507,19.04927],[-98.15491,19.0492],[-98.15471,19.0491],[-98.15454,19.04912],[-98.15417,19.04944],[-98.15411,19.04959],[-98.15402,19.04976],[-98.15371,19.04998],[-98.15343,19.05005],[-98.15325,19.05007],[-98.15307,19.05011],[-98.15291,19.0502],[-98.15253,19.05048],[-98.15229,19.05069],[-98.15219,19.05076],[-98.1521,19.05088],[-98.15214,19.05131],[-98.15215,19.05156],[-98.15203,19.05178],[-98.15179,19.05192],[-98.15174,19.05205],[-98.15174,19.05227],[-98.15174,19.05248],[-98.15187,19.05281],[-98.15198,19.05292],[-98.15212,19.05298],[-98.15212,19.0531],[-98.15201,19.05324],[-98.15172,19.05351],[-98.15141,19.05385],[-98.15131,19.05405],[-98.1513,19.05428],[-98.15121,19.0545],[-98.15115,19.05501],[-98.15113,19.05524],[-98.15104,19.05548],[-98.15084,19.05585],[-98.15476,19.05798],[-98.15487,19.05693],[-98.15513,19.05661],[-98.15725,19.05414],[-98.15832,19.05559],[-98.15832,19.05559],[-98.15872,19.0551],[-98.15918,19.05449],[-98.15918,19.05449],[-98.15935,19.05427],[-98.16176,19.05557],[-98.16446,19.05685],[-98.16508,19.05625]]]}},{"type":"Feature","properties":{"cp":72229,"nombre":"CP 72229"},"geometry":{"type":"Polygon","coordinates":[[[-98.14069,19.07393],[-98.13087,19.0705],[-98.1303,19.07031],[-98.1303,19.07031],[-98.12982,19.07016],[-98.12876,19.0698],[-98.12735,19.06934],[-98.12678,19.06911],[-98.1252,19.0687],[-98.12442,19.06855],[-98.12326,19.06832],[-98.12237,19.06815],[-98.1208,19.06785],[-98.11876,19.06746],[-98.11579,19.06691],[-98.10913,19.06554],[-98.10913,19.06554],[-98.10893,19.0659],[-98.10813,19.06631],[-98.10754,19.06739],[-98.1069,19.06856],[-98.10642,19.06992],[-98.10642,19.06992],[-98.10642,19.06992],[-98.10646,19.07063],[-98.106,19.07081],[-98.10607,19.07142],[-98.10534,19.07167],[-98.10502,19.07241],[-98.10501,19.07403],[-98.1043,19.07418],[-98.10373,19.07468],[-98.10223,19.07481],[-98.10192,19.07584],[-98.10182,19.07573],[-98.10171,19.07562],[-98.10105,19.07521],[-98.10085,19.07527],[-98.10029,19.07562],[-98.09983,19.07524],[-98.09956,19.07501],[-98.09894,19.07567],[-98.09766,19.0772],[-98.09613,19.07981],[-98.09538,19.08101],[-98.09487,19.08165],[-98.09446,19.08191],[-98.09411,19.08225],[-98.09373,19.08213],[-98.0937,19.08211],[-98.09403,19.08162],[-98.09443,19.08105],[-98.09421,19.081],[-98.0941,19.08095],[-98.09383,19.08077],[-98.09367,19.08072],[-98.09209,19.07953],[-98.09176,19.07992],[-98.09145,19.08008],[-98.09134,19.08015],[-98.09126,19.08014],[-98.09113,19.08005],[-98.09093,19.07992],[-98.09058,19.07975],[-98.09051,19.07972],[-98.09041,19.07993],[-98.09038,19.08004],[-98.09034,19.08011],[-98.09028,19.0801],[-98.08896,19.07962],[-98.08675,19.07883],[-98.0868,19.07875],[-98.08665,19.07873],[-98.08657,19.07898],[-98.08633,19.07918],[-98.08628,19.07936],[-98.08633,19.0797],[-98.08605,19.08063],[-98.08589,19.08117],[-98.08598,19.08145],[-98.08593,19.08178],[-98.08608,19.08231],[-98.0864,19.08318],[-98.0864,19.08318],[-98.08628,19.08412],[-98.08623,19.08464],[-98.08636,19.08496],[-98.08608,19.08552],[-98.08577,19.08638],[-98.08555,19.08696],[-98.08512,19.08743],[-98.08509,19.08782],[-98.08492,19.08843],[-98.08472,19.08913],[-98.08485,19.08977],[-98.08475,19.09032],[-98.08445,19.09082],[-98.08444,19.09113],[-98.0847,19.09123],[-98.08479,19.09148],[-98.08444,19.09186],[-98.08423,19.09255],[-98.08412,19.09299],[-98.08351,19.09399],[-98.08335,19.09511],[-98.08301,19.09602],[-98.08219,19.09797],[-98.0818,19.09843],[-98.08146,19.0992],[-98.08119,19.09994],[-98.08072,19.1011],[-98.08011,19.10209],[-98.0793,19.10344],[-98.07879,19.10481],[-98.0786,19.10515],[-98.07838,19.1053],[-98.07818,19.10545],[-98.078,19.10566],[-98.07792,19.10592],[-98.07786,19.10625],[-98.07774,19.10658],[-98.07749,19.10687],[-98.07724,19.10704],[-98.07712,19.10715],[-98.07707,19.10731],[-98.07677,19.10782],[-98.07647,19.10799],[-98.07631,19.10812],[-98.07625,19.10835],[-98.07622,19.10872],[-98.07622,19.1091],[-98.07622,19.10979],[-98.07611,19.11012],[-98.07607,19.11025],[-98.07616,19.11087],[-98.07621,19.11128],[-98.07616,19.11177],[-98.0762,19.11203],[-98.07638,19.1122],[-98.07648,19.11236],[-98.07657,19.11259],[-98.07652,19.11278],[-98.07631,19.11315],[-98.0761,19.11375],[-98.07574,19.11424],[-98.07567,19.11446],[-98.0756,19.11465],[-98.0755,19.11483],[-98.0755,19.11499],[-98.07542,19.11518],[-98.0753,19.11538],[-98.0749,19.11567],[-98.07456,19.11598],[-98.07448,19.11612],[-98.07445,19.11643],[-98.07446,19.11659],[-98.07465,19.11665],[-98.07513,19.11686],[-98.07564,19.11704],[-98.07579,19.11699],[-98.07647,19.1172],[-98.07629,19.11781],[-98.07632,19.11793],[-98.07814,19.11934],[-98.07835,19.11952],[-98.07839,19.11971],[-98.07832,19.11989],[-98.07817,19.12],[-98.07807,19.12016],[-98.07799,19.12034],[-98.07802,19.12049],[-98.07809,19.12052],[-98.07821,19.12046],[-98.07828,19.12042],[-98.07851,19.12029],[-98.07852,19.12152],[-98.07869,19.12242],[-98.08008,19.12284],[-98.0802,19.12289],[-98.08025,19.12295],[-98.08022,19.12304],[-98.08008,19.12321],[-98.07984,19.12344],[-98.07974,19.12355],[-98.07976,19.12364],[-98.07984,19.1237],[-98.08054,19.12389],[-98.08081,19.12387],[-98.08112,19.12382],[-98.08233,19.12413],[-98.08248,19.12415],[-98.08257,19.12429],[-98.08264,19.12441],[-98.08291,19.12447],[-98.08301,19.12444],[-98.08314,19.12429],[-98.08323,19.12406],[-98.08329,19.1239],[-98.08347,19.12379],[-98.08365,19.12384],[-98.08373,19.12401],[-98.08368,19.12422],[-98.08362,19.12434],[-98.08363,19.12445],[-98.08371,19.12449],[-98.08381,19.12446],[-98.08398,19.12437],[-98.08419,19.12425],[-98.08431,19.1241],[-98.08453,19.12386],[-98.08494,19.12365],[-98.08549,19.12328],[-98.08577,19.12302],[-98.08658,19.12324],[-98.08745,19.12351],[-98.08756,19.12354],[-98.08763,19.12348],[-98.08776,19.12333],[-98.08796,19.12304],[-98.08822,19.12279],[-98.0885,19.12273],[-98.08874,19.12277],[-98.08883,19.12284],[-98.08907,19.12286],[-98.08936,19.12286],[-98.08945,19.12295],[-98.08942,19.12306],[-98.08933,19.12315],[-98.08932,19.12324],[-98.08936,19.12329],[-98.08952,19.12333],[-98.08958,19.12336],[-98.08961,19.1234],[-98.08956,19.12348],[-98.08944,19.12358],[-98.08947,19.1237],[-98.08954,19.12379],[-98.08965,19.12384],[-98.08971,19.12394],[-98.08967,19.12409],[-98.08961,19.12428],[-98.08967,19.12439],[-98.08974,19.12443],[-98.08982,19.12456],[-98.08986,19.12477],[-98.08995,19.1249],[-98.0899,19.12502],[-98.08973,19.1251],[-98.08952,19.12515],[-98.08942,19.12519],[-98.08941,19.12531],[-98.08943,19.12543],[-98.08953,19.12549],[-98.08961,19.12561],[-98.08954,19.1258],[-98.08936,19.12609],[-98.08926,19.12632],[-98.08929,19.12649],[-98.08937,19.12653],[-98.08944,19.12651],[-98.08953,19.12642],[-98.08968,19.12647],[-98.08962,19.12667],[-98.08932,19.12685],[-98.08895,19.12707],[-98.08886,19.1272],[-98.08886,19.1273],[-98.0889,19.12738],[-98.08898,19.12744],[-98.08911,19.12756],[-98.08921,19.12761],[-98.08925,19.1277],[-98.08923,19.12781],[-98.08914,19.12786],[-98.08907,19.12791],[-98.0891,19.12797],[-98.0892,19.12803],[-98.08931,19.12817],[-98.08931,19.12828],[-98.08936,19.12845],[-98.08946,19.12855],[-98.08948,19.12865],[-98.08945,19.12871],[-98.08935,19.1288],[-98.08933,19.12886],[-98.08942,19.12892],[-98.08955,19.12895],[-98.08969,19.12903],[-98.08981,19.12918],[-98.08982,19.12947],[-98.08968,19.12976],[-98.08951,19.12991],[-98.08947,19.13015],[-98.08986,19.13011],[-98.09017,19.13015],[-98.09092,19.13042],[-98.09136,19.13058],[-98.0916,19.13051],[-98.0918,19.13052],[-98.09197,19.13051],[-98.09219,19.13044],[-98.09235,19.13021],[-98.09237,19.13013],[-98.09251,19.12946],[-98.09255,19.12896],[-98.09255,19.12844],[-98.09283,19.12764],[-98.09347,19.12686],[-98.09398,19.12595],[-98.09445,19.12491],[-98.09518,19.12422],[-98.09578,19.1237],[-98.09632,19.12313],[-98.09677,19.12251],[-98.09718,19.12161],[-98.09825,19.12047],[-98.09872,19.11955],[-98.09936,19.11881],[-98.09936,19.11881],[-98.10024,19.11758],[-98.10086,19.11657],[-98.10154,19.11585],[-98.10242,19.11511],[-98.10276,19.11437],[-98.10302,19.1141],[-98.10331,19.1135],[-98.1037,19.11321],[-98.1042,19.11269],[-98.10455,19.11238],[-98.10501,19.11195],[-98.10543,19.11144],[-98.10576,19.11125],[-98.10597,19.11111],[-98.10622,19.11099],[-98.10641,19.11085],[-98.1066,19.11069],[-98.10679,19.1106],[-98.10701,19.11021],[-98.10731,19.10999],[-98.10768,19.10981],[-98.10788,19.10976],[-98.10806,19.10963],[-98.10814,19.10946],[-98.1082,19.10932],[-98.1083,19.10909],[-98.10837,19.10886],[-98.10852,19.10867],[-98.10863,19.1085],[-98.10882,19.10825],[-98.10893,19.10807],[-98.10893,19.10775],[-98.10895,19.10751],[-98.10901,19.10739],[-98.10912,19.10731],[-98.10929,19.10724],[-98.10949,19.10716],[-98.10961,19.10713],[-98.10971,19.10709],[-98.10974,19.10696],[-98.10971,19.10682],[-98.10973,19.10665],[-98.10995,19.10653],[-98.11014,19.10652],[-98.11027,19.10647],[-98.11032,19.10636],[-98.11032,19.10624],[-98.11036,19.10604],[-98.11047,19.10593],[-98.11047,19.1057],[-98.11042,19.10557],[-98.11027,19.10537],[-98.11029,19.10526],[-98.11034,19.10516],[-98.11047,19.1051],[-98.11051,19.10499],[-98.11046,19.10487],[-98.11035,19.10476],[-98.11033,19.10467],[-98.11038,19.1046],[-98.11051,19.10457],[-98.11071,19.10447],[-98.1109,19.10407],[-98.1111,19.10373],[-98.11124,19.10328],[-98.1113,19.10294],[-98.11132,19.10258],[-98.11117,19.10222],[-98.1112,19.10197],[-98.11132,19.10183],[-98.1114,19.10167],[-98.11139,19.1014],[-98.1116,19.10095],[-98.11189,19.10068],[-98.11237,19.10024],[-98.11265,19.09995],[-98.11287,19.09987],[-98.11301,19.09981],[-98.11303,19.09969],[-98.11297,19.09952],[-98.11281,19.09941],[-98.11272,19.09936],[-98.11276,19.09924],[-98.11283,19.09919],[-98.113,19.09904],[-98.11296,19.09858],[-98.113,19.09839],[-98.11309,19.09835],[-98.11318,19.09826],[-98.11324,19.09806],[-98.11326,19.09779],[-98.11339,19.09754],[-98.11355,19.0974],[-98.11378,19.09731],[-98.11411,19.0973],[-98.11432,19.09728],[-98.11444,19.09717],[-98.11451,19.09705],[-98.11479,19.09674],[-98.11509,19.09663],[-98.11532,19.09649],[-98.11561,19.09617],[-98.11571,19.09582],[-98.11567,19.09533],[-98.11568,19.0951],[-98.11581,19.09482],[-98.11597,19.09441],[-98.11597,19.09407],[-98.11609,19.0938],[-98.11622,19.09355],[-98.11636,19.09328],[-98.11654,19.09291],[-98.11665,19.09276],[-98.11671,19.09255],[-98.11668,19.09239],[-98.1166,19.09218],[-98.11659,19.09194],[-98.11659,19.09176],[-98.11672,19.09156],[-98.11692,19.09142],[-98.11702,19.09129],[-98.11695,19.09112],[-98.11694,19.09097],[-98.11705,19.09089],[-98.11717,19.09075],[-98.11718,19.09062],[-98.11705,19.09032],[-98.11695,19.09008],[-98.11695,19.08984],[-98.11705,19.08964],[-98.11716,19.0895],[-98.11736,19.08915],[-98.11755,19.0886],[-98.11763,19.08834],[-98.11769,19.08785],[-98.11785,19.08773],[-98.11805,19.08762],[-98.11816,19.08743],[-98.11819,19.08725],[-98.11816,19.08686],[-98.11807,19.0866],[-98.11808,19.08646],[-98.1182,19.08633],[-98.11837,19.08618],[-98.11842,19.08601],[-98.11839,19.08577],[-98.11834,19.08548],[-98.11831,19.08535],[-98.11835,19.08523],[-98.11844,19.08515],[-98.11853,19.0851],[-98.11859,19.08508],[-98.11861,19.08503],[-98.11859,19.08497],[-98.11853,19.08493],[-98.11847,19.08487],[-98.11847,19.08478],[-98.11854,19.08469],[-98.1187,19.08462],[-98.11877,19.08448],[-98.11877,19.08434],[-98.1187,19.08422],[-98.11859,19.08409],[-98.11852,19.08395],[-98.11839,19.08366],[-98.11834,19.08345],[-98.11835,19.08334],[-98.11842,19.08326],[-98.11864,19.08314],[-98.11874,19.083],[-98.11876,19.08287],[-98.11873,19.08276],[-98.11868,19.08263],[-98.11869,19.08254],[-98.11877,19.08249],[-98.11886,19.08248],[-98.11899,19.0825],[-98.11909,19.08249],[-98.11919,19.08239],[-98.11916,19.0823],[-98.11907,19.08221],[-98.11901,19.08207],[-98.11901,19.0819],[-98.11915,19.08179],[-98.11934,19.08179],[-98.11958,19.08181],[-98.11969,19.0818],[-98.11982,19.08173],[-98.11984,19.08162],[-98.11968,19.08146],[-98.11953,19.08121],[-98.11946,19.08109],[-98.11937,19.0809],[-98.11941,19.08073],[-98.11947,19.08064],[-98.1196,19.08054],[-98.11976,19.08036],[-98.11981,19.08018],[-98.11981,19.07994],[-98.11982,19.0797],[-98.11986,19.07944],[-98.12009,19.07905],[-98.12034,19.07879],[-98.12056,19.0787],[-98.12081,19.07867],[-98.12098,19.07864],[-98.12106,19.07861],[-98.1212,19.07864],[-98.12136,19.07857],[-98.12153,19.07839],[-98.12165,19.07819],[-98.12168,19.07794],[-98.12181,19.07755],[-98.12214,19.07703],[-98.12236,19.07659],[-98.12257,19.07627],[-98.12279,19.07608],[-98.12293,19.0758],[-98.12296,19.07548],[-98.12299,19.07507],[-98.12359,19.07445],[-98.12414,19.07419],[-98.12448,19.07403],[-98.12483,19.07373],[-98.12493,19.07336],[-98.12518,19.07359],[-98.12583,19.07396],[-98.12668,19.07443],[-98.12575,19.07577],[-98.1252,19.07659],[-98.12521,19.07669],[-98.12546,19.07685],[-98.12564,19.07689],[-98.12589,19.07696],[-98.1263,19.07721],[-98.12652,19.07742],[-98.1266,19.07742],[-98.12674,19.07741],[-98.12697,19.07749],[-98.1275,19.07781],[-98.12765,19.07789],[-98.12774,19.07788],[-98.12811,19.07804],[-98.12819,19.07799],[-98.12854,19.07817],[-98.12896,19.07833],[-98.13039,19.07894],[-98.13141,19.07935],[-98.13175,19.0795],[-98.13249,19.07982],[-98.13362,19.08027],[-98.13424,19.08059],[-98.1356,19.08122],[-98.13592,19.08136],[-98.13715,19.07904],[-98.13759,19.07826],[-98.13796,19.07793],[-98.14175,19.07432],[-98.14085,19.07399],[-98.14069,19.07393],[-98.14069,19.07393]]]}},{"type":"Feature","properties":{"cp":72940,"nombre":"CP 72940"},"geometry":{"type":"MultiPolygon","coordinates":[[[[-98.08947,19.13015],[-98.08951,19.12991],[-98.08968,19.12976],[-98.08982,19.12947],[-98.08981,19.12918],[-98.08969,19.12903],[-98.08955,19.12895],[-98.08942,19.12892],[-98.08933,19.12886],[-98.08935,19.1288],[-98.08945,19.12871],[-98.08948,19.12865],[-98.08946,19.12855],[-98.08936,19.12845],[-98.08931,19.12828],[-98.08931,19.12817],[-98.0892,19.12803],[-98.0891,19.12797],[-98.08907,19.12791],[-98.08914,19.12786],[-98.08923,19.12781],[-98.08925,19.1277],[-98.08921,19.12761],[-98.08911,19.12756],[-98.08898,19.12744],[-98.0889,19.12738],[-98.08886,19.1273],[-98.08886,19.1272],[-98.08895,19.12707],[-98.08932,19.12685],[-98.08962,19.12667],[-98.08968,19.12647],[-98.08953,19.12642],[-98.08944,19.12651],[-98.08937,19.12653],[-98.08929,19.12649],[-98.08926,19.12632],[-98.08936,19.12609],[-98.08954,19.1258],[-98.08961,19.12561],[-98.08953,19.12549],[-98.08943,19.12543],[-98.08941,19.12531],[-98.08942,19.12519],[-98.08952,19.12515],[-98.08973,19.1251],[-98.0899,19.12502],[-98.08995,19.1249],[-98.08986,19.12477],[-98.08982,19.12456],[-98.08974,19.12443],[-98.08967,19.12439],[-98.08961,19.12428],[-98.08967,19.12409],[-98.08971,19.12394],[-98.08965,19.12384],[-98.08954,19.12379],[-98.08947,19.1237],[-98.08944,19.12358],[-98.08956,19.12348],[-98.08961,19.1234],[-98.08958,19.12336],[-98.08952,19.12333],[-98.08936,19.12329],[-98.08932,19.12324],[-98.08933,19.12315],[-98.08942,19.12306],[-98.08945,19.12295],[-98.08936,19.12286],[-98.08907,19.12286],[-98.08883,19.12284],[-98.08874,19.12277],[-98.0885,19.12273],[-98.08822,19.12279],[-98.08796,19.12304],[-98.08776,19.12333],[-98.08763,19.12348],[-98.08756,19.12354],[-98.08745,19.12351],[-98.08658,19.12324],[-98.08577,19.12302],[-98.08549,19.12328],[-98.08494,19.12365],[-98.08453,19.12386],[-98.08431,19.1241],[-98.08419,19.12425],[-98.08398,19.12437],[-98.08381,19.12446],[-98.08371,19.12449],[-98.08363,19.12445],[-98.08362,19.12434],[-98.08368,19.12422],[-98.08373,19.12401],[-98.08365,19.12384],[-98.08347,19.12379],[-98.08329,19.1239],[-98.08323,19.12406],[-98.08314,19.12429],[-98.08301,19.12444],[-98.08291,19.12447],[-98.08264,19.12441],[-98.08257,19.12429],[-98.08248,19.12415],[-98.08233,19.12413],[-98.08112,19.12382],[-98.08081,19.12387],[-98.08054,19.12389],[-98.07984,19.1237],[-98.07976,19.12364],[-98.07974,19.12355],[-98.07984,19.12344],[-98.08008,19.12321],[-98.08022,19.12304],[-98.08025,19.12295],[-98.0802,19.12289],[-98.08008,19.12284],[-98.07869,19.12242],[-98.07852,19.12152],[-98.07851,19.12029],[-98.07828,19.12042],[-98.07821,19.12046],[-98.07809,19.12052],[-98.07802,19.12049],[-98.07799,19.12034],[-98.07807,19.12016],[-98.07817,19.12],[-98.07832,19.11989],[-98.07839,19.11971],[-98.07835,19.11952],[-98.07814,19.11934],[-98.07632,19.11793],[-98.07629,19.11781],[-98.07647,19.1172],[-98.07579,19.11699],[-98.07564,19.11704],[-98.07513,19.11686],[-98.07465,19.11665],[-98.07446,19.11659],[-98.07445,19.11643],[-98.07448,19.11612],[-98.07456,19.11598],[-98.0749,19.11567],[-98.0753,19.11538],[-98.07542,19.11518],[-98.0755,19.11499],[-98.0755,19.11483],[-98.0756,19.11465],[-98.07567,19.11446],[-98.07574,19.11424],[-98.0761,19.11375],[-98.07631,19.11315],[-98.07652,19.11278],[-98.07657,19.11259],[-98.07648,19.11236],[-98.07638,19.1122],[-98.0762,19.11203],[-98.07616,19.11177],[-98.07621,19.11128],[-98.07616,19.11087],[-98.07607,19.11025],[-98.07611,19.11012],[-98.07622,19.10979],[-98.07622,19.1091],[-98.07622,19.10872],[-98.07625,19.10835],[-98.07631,19.10812],[-98.07647,19.10799],[-98.07677,19.10782],[-98.07707,19.10731],[-98.07712,19.10715],[-98.07724,19.10704],[-98.07749,19.10687],[-98.07774,19.10658],[-98.07786,19.10625],[-98.07792,19.10592],[-98.078,19.10566],[-98.07818,19.10545],[-98.07838,19.1053],[-98.0786,19.10515],[-98.07879,19.10481],[-98.0793,19.10344],[-98.08011,19.10209],[-98.08072,19.1011],[-98.08119,19.09994],[-98.08146,19.0992],[-98.0818,19.09843],[-98.08219,19.09797],[-98.08301,19.09602],[-98.08335,19.09511],[-98.08351,19.09399],[-98.08412,19.09299],[-98.08423,19.09255],[-98.08444,19.09186],[-98.08479,19.09148],[-98.0847,19.09123],[-98.08444,19.09113],[-98.0843,19.0914],[-98.08415,19.09159],[-98.08397,19.09166],[-98.08322,19.09276],[-98.08291,19.09336],[-98.08243,19.09378],[-98.08193,19.09417],[-98.08137,19.09436],[-98.08099,19.09452],[-98.08054,19.0949],[-98.07707,19.09367],[-98.07642,19.09477],[-98.07624,19.09482],[-98.07391,19.09457],[-98.07192,19.09443],[-98.07186,19.09452],[-98.07177,19.09463],[-98.07163,19.09474],[-98.07153,19.09486],[-98.07141,19.09502],[-98.07122,19.09535],[-98.07113,19.09541],[-98.07093,19.09547],[-98.07069,19.09557],[-98.07042,19.09574],[-98.07023,19.09595],[-98.07004,19.09625],[-98.07,19.0965],[-98.06999,19.0969],[-98.06996,19.09763],[-98.06997,19.09783],[-98.07003,19.09798],[-98.07006,19.09806],[-98.07004,19.09815],[-98.06991,19.09833],[-98.0699,19.0984],[-98.06986,19.0985],[-98.06978,19.09853],[-98.06956,19.09852],[-98.06929,19.09849],[-98.06897,19.09859],[-98.06885,19.09876],[-98.06876,19.09904],[-98.06868,19.09923],[-98.06863,19.09929],[-98.06835,19.09945],[-98.06806,19.09966],[-98.06782,19.09986],[-98.06777,19.09999],[-98.06769,19.10012],[-98.06755,19.1002],[-98.0673,19.10035],[-98.06708,19.10058],[-98.06709,19.10064],[-98.06713,19.1007],[-98.06723,19.10075],[-98.06739,19.10072],[-98.0675,19.1007],[-98.0676,19.10074],[-98.06763,19.10082],[-98.06758,19.10099],[-98.06743,19.10125],[-98.06733,19.10141],[-98.0673,19.10158],[-98.06724,19.10169],[-98.06714,19.10171],[-98.06697,19.10167],[-98.06685,19.10169],[-98.06678,19.10177],[-98.06677,19.10194],[-98.06671,19.10219],[-98.06662,19.1023],[-98.06648,19.10234],[-98.06624,19.1024],[-98.06612,19.1025],[-98.06604,19.10265],[-98.06602,19.10284],[-98.06607,19.10299],[-98.06612,19.10304],[-98.06619,19.10305],[-98.0663,19.10302],[-98.0665,19.103],[-98.06664,19.10305],[-98.06665,19.10315],[-98.06641,19.10332],[-98.06626,19.10351],[-98.06623,19.10364],[-98.06617,19.10367],[-98.06612,19.10367],[-98.06602,19.10363],[-98.06587,19.10365],[-98.06573,19.10374],[-98.0656,19.10397],[-98.06545,19.1043],[-98.0654,19.10448],[-98.06526,19.10461],[-98.06516,19.10463],[-98.06508,19.10461],[-98.06498,19.10454],[-98.06492,19.10451],[-98.06486,19.10452],[-98.06477,19.10464],[-98.06473,19.10479],[-98.06463,19.1049],[-98.0644,19.10502],[-98.06422,19.10516],[-98.06406,19.10532],[-98.06395,19.10556],[-98.06391,19.10589],[-98.06381,19.10597],[-98.06366,19.10618],[-98.06357,19.10645],[-98.0636,19.1066],[-98.06368,19.10669],[-98.06368,19.1068],[-98.0636,19.10693],[-98.06338,19.10721],[-98.06333,19.10741],[-98.06331,19.10759],[-98.0633,19.10773],[-98.06334,19.10779],[-98.06332,19.10785],[-98.06323,19.10788],[-98.06308,19.10788],[-98.06192,19.10833],[-98.06131,19.10869],[-98.06046,19.109],[-98.05978,19.10931],[-98.05865,19.10995],[-98.05837,19.11024],[-98.05805,19.11049],[-98.05776,19.11076],[-98.05765,19.11092],[-98.05761,19.11107],[-98.05753,19.11111],[-98.05737,19.11112],[-98.05724,19.11118],[-98.05726,19.11135],[-98.05731,19.11161],[-98.05713,19.11206],[-98.05681,19.11243],[-98.05673,19.11264],[-98.05657,19.11277],[-98.05652,19.1129],[-98.05648,19.1133],[-98.05644,19.11367],[-98.05631,19.11398],[-98.05633,19.11416],[-98.05625,19.11433],[-98.05601,19.11453],[-98.05598,19.11492],[-98.05582,19.11525],[-98.05573,19.11557],[-98.05583,19.11585],[-98.05576,19.11625],[-98.05566,19.11649],[-98.05564,19.11685],[-98.05573,19.11697],[-98.05588,19.11717],[-98.05593,19.11736],[-98.05588,19.1176],[-98.05581,19.1178],[-98.05586,19.11794],[-98.05587,19.11817],[-98.05565,19.11851],[-98.05536,19.11892],[-98.05511,19.11945],[-98.05503,19.11968],[-98.05478,19.12021],[-98.05454,19.12046],[-98.05414,19.12069],[-98.0538,19.12069],[-98.05335,19.12062],[-98.05299,19.12062],[-98.05284,19.12061],[-98.05265,19.12051],[-98.05232,19.12032],[-98.05191,19.12],[-98.05169,19.11959],[-98.05165,19.11929],[-98.05173,19.11916],[-98.05193,19.1191],[-98.05187,19.11872],[-98.05179,19.11832],[-98.05187,19.11808],[-98.05191,19.11777],[-98.05176,19.11751],[-98.05176,19.11751],[-98.05176,19.11751],[-98.05173,19.11753],[-98.05157,19.11762],[-98.05139,19.11764],[-98.05115,19.11759],[-98.05103,19.11757],[-98.05103,19.11757],[-98.05103,19.11757],[-98.05102,19.1176],[-98.05096,19.1177],[-98.05091,19.11779],[-98.05085,19.11789],[-98.05069,19.11795],[-98.05067,19.11795],[-98.05043,19.11791],[-98.05028,19.11791],[-98.05024,19.11791],[-98.05017,19.11792],[-98.05014,19.11792],[-98.05008,19.11794],[-98.05002,19.11795],[-98.04991,19.11798],[-98.04988,19.11799],[-98.04981,19.11801],[-98.04978,19.11806],[-98.04975,19.11809],[-98.04975,19.11814],[-98.04975,19.11821],[-98.0498,19.11828],[-98.04982,19.11832],[-98.04985,19.11837],[-98.0499,19.11844],[-98.04994,19.11853],[-98.0499,19.11862],[-98.04986,19.11866],[-98.04982,19.1187],[-98.0497,19.1187],[-98.04966,19.1187],[-98.04956,19.1187],[-98.04949,19.11868],[-98.04945,19.11868],[-98.04941,19.11867],[-98.04932,19.11866],[-98.04926,19.11866],[-98.04923,19.11866],[-98.04923,19.11866],[-98.04923,19.11867],[-98.04922,19.11871],[-98.04922,19.11882],[-98.04921,19.11894],[-98.04922,19.11897],[-98.04927,19.11913],[-98.04928,19.11923],[-98.04928,19.11926],[-98.04927,19.11926],[-98.04922,19.11926],[-98.04919,19.11925],[-98.04912,19.11924],[-98.04889,19.11919],[-98.0488,19.11915],[-98.0488,19.11915],[-98.0488,19.11922],[-98.0488,19.11924],[-98.04874,19.11937],[-98.04863,19.11945],[-98.04851,19.11946],[-98.0484,19.11939],[-98.04836,19.11936],[-98.04834,19.11935],[-98.04832,19.11927],[-98.04831,19.11926],[-98.0482,19.1191],[-98.04818,19.11908],[-98.04809,19.1191],[-98.04809,19.1191],[-98.04809,19.1191],[-98.048,19.11922],[-98.04794,19.11929],[-98.04791,19.11933],[-98.04783,19.11941],[-98.0478,19.11944],[-98.04776,19.11948],[-98.04771,19.11954],[-98.0476,19.11959],[-98.04755,19.11958],[-98.04754,19.11958],[-98.04746,19.11954],[-98.04746,19.11954],[-98.0474,19.11953],[-98.04732,19.11952],[-98.04721,19.11952],[-98.04721,19.11952],[-98.04718,19.11955],[-98.04714,19.11961],[-98.04706,19.11968],[-98.04701,19.11973],[-98.04695,19.1198],[-98.04695,19.1198],[-98.04696,19.11984],[-98.04697,19.11996],[-98.04701,19.12002],[-98.04706,19.12008],[-98.0471,19.12013],[-98.0472,19.12025],[-98.04727,19.12036],[-98.04727,19.12046],[-98.0472,19.12048],[-98.04695,19.12052],[-98.0468,19.12054],[-98.04677,19.12055],[-98.04675,19.12055],[-98.04654,19.12061],[-98.04643,19.12062],[-98.0464,19.12062],[-98.04634,19.12062],[-98.04618,19.12062],[-98.04615,19.12068],[-98.04614,19.12069],[-98.04611,19.12083],[-98.04607,19.12102],[-98.04595,19.12105],[-98.0459,19.12105],[-98.04582,19.12104],[-98.04575,19.12101],[-98.04571,19.12099],[-98.04559,19.12098],[-98.04557,19.121],[-98.04554,19.12103],[-98.04545,19.12121],[-98.04541,19.12129],[-98.0454,19.12135],[-98.0454,19.12136],[-98.04534,19.12142],[-98.04526,19.12152],[-98.04526,19.12156],[-98.04526,19.12161],[-98.04528,19.12169],[-98.04529,19.12171],[-98.04524,19.12174],[-98.04516,19.12175],[-98.04514,19.12174],[-98.04505,19.12172],[-98.04485,19.12169],[-98.04482,19.12169],[-98.04482,19.12169],[-98.04464,19.12171],[-98.04455,19.12183],[-98.04446,19.12206],[-98.04428,19.12234],[-98.04422,19.12239],[-98.04417,19.12244],[-98.04408,19.12249],[-98.04403,19.12253],[-98.04401,19.12282],[-98.044,19.12294],[-98.04399,19.12307],[-98.04398,19.12322],[-98.04396,19.12352],[-98.04397,19.12365],[-98.04397,19.12375],[-98.04395,19.12402],[-98.04394,19.12413],[-98.04388,19.12428],[-98.04384,19.12438],[-98.04385,19.12455],[-98.04386,19.12465],[-98.04383,19.12473],[-98.04378,19.12488],[-98.04377,19.12502],[-98.04376,19.12509],[-98.04432,19.12567],[-98.04471,19.12608],[-98.04479,19.12619],[-98.04508,19.12659],[-98.04493,19.12676],[-98.04465,19.12717],[-98.0447,19.12738],[-98.04467,19.12746],[-98.04463,19.12756],[-98.04458,19.12768],[-98.04457,19.1277],[-98.04445,19.12778],[-98.04428,19.12778],[-98.04421,19.12777],[-98.04413,19.12776],[-98.04402,19.12775],[-98.0439,19.12769],[-98.04383,19.12765],[-98.04377,19.12769],[-98.04371,19.12774],[-98.04364,19.12787],[-98.04363,19.12802],[-98.04351,19.1282],[-98.04334,19.12826],[-98.04327,19.12827],[-98.0432,19.12829],[-98.04314,19.12827],[-98.04305,19.12824],[-98.04284,19.12813],[-98.04273,19.12808],[-98.04273,19.12808],[-98.04227,19.12841],[-98.04202,19.12866],[-98.04198,19.1287],[-98.04177,19.12894],[-98.04155,19.12923],[-98.0414,19.12944],[-98.04121,19.1297],[-98.04074,19.12998],[-98.04056,19.12991],[-98.03968,19.12953],[-98.03967,19.12952],[-98.03964,19.12951],[-98.03953,19.12965],[-98.03935,19.12989],[-98.03923,19.13021],[-98.03918,19.13044],[-98.03908,19.13071],[-98.03897,19.131],[-98.03882,19.13133],[-98.03878,19.1314],[-98.03863,19.13167],[-98.03833,19.13203],[-98.0379,19.13254],[-98.03767,19.13298],[-98.03727,19.13371],[-98.03702,19.13406],[-98.03676,19.13442],[-98.0367,19.13454],[-98.03667,19.13459],[-98.03657,19.13472],[-98.03653,19.13479],[-98.03649,19.13483],[-98.03637,19.13499],[-98.03613,19.13524],[-98.03609,19.13523],[-98.03387,19.13486],[-98.03313,19.13477],[-98.03307,19.13477],[-98.03251,19.13475],[-98.03248,19.13474],[-98.03221,19.13471],[-98.03221,19.13471],[-98.03221,19.13471],[-98.03205,19.13513],[-98.03205,19.13513],[-98.03205,19.13513],[-98.03208,19.13546],[-98.03208,19.13546],[-98.03236,19.13618],[-98.03244,19.13641],[-98.03248,19.13652],[-98.03242,19.13661],[-98.03199,19.13704],[-98.03199,19.13704],[-98.03196,19.13713],[-98.03186,19.13745],[-98.03168,19.13744],[-98.03132,19.13783],[-98.03081,19.13837],[-98.03058,19.13856],[-98.03054,19.13859],[-98.03047,19.1387],[-98.03005,19.13934],[-98.02982,19.14008],[-98.02982,19.14008],[-98.0297,19.14017],[-98.0297,19.14017],[-98.0297,19.14021],[-98.02962,19.14081],[-98.02958,19.14204],[-98.02948,19.1425],[-98.02946,19.14256],[-98.02959,19.14306],[-98.0295,19.14364],[-98.02946,19.14394],[-98.02943,19.14413],[-98.02895,19.14496],[-98.02875,19.14559],[-98.02869,19.14579],[-98.02868,19.14596],[-98.02865,19.14645],[-98.02859,19.14675],[-98.02851,19.14702],[-98.0285,19.14703],[-98.0285,19.14705],[-98.02835,19.14756],[-98.02828,19.1479],[-98.02826,19.14798],[-98.02805,19.14873],[-98.02799,19.14904],[-98.02781,19.1496],[-98.02769,19.1501],[-98.0277,19.15024],[-98.02772,19.15063],[-98.02792,19.15074],[-98.03098,19.1504],[-98.03105,19.15013],[-98.03111,19.14992],[-98.03123,19.14946],[-98.0313,19.14922],[-98.03146,19.14884],[-98.03152,19.1487],[-98.03156,19.14863],[-98.03163,19.14853],[-98.03163,19.14853],[-98.03186,19.14867],[-98.03192,19.1487],[-98.03223,19.1485],[-98.03234,19.14827],[-98.03244,19.14809],[-98.03246,19.14793],[-98.03253,19.14758],[-98.03266,19.14715],[-98.03274,19.14692],[-98.03302,19.14646],[-98.03303,19.14644],[-98.0331,19.14629],[-98.03318,19.14611],[-98.03334,19.14593],[-98.03374,19.14547],[-98.03398,19.14529],[-98.0344,19.14514],[-98.03453,19.1451],[-98.03477,19.1444],[-98.03485,19.14402],[-98.03488,19.14389],[-98.03508,19.14359],[-98.0352,19.14341],[-98.0352,19.14341],[-98.03576,19.1435],[-98.03579,19.14357],[-98.03592,19.14389],[-98.03615,19.14415],[-98.03641,19.14433],[-98.03646,19.14437],[-98.03646,19.14437],[-98.03646,19.14437],[-98.03684,19.14473],[-98.0371,19.14504],[-98.03719,19.14532],[-98.03726,19.14539],[-98.03754,19.14562],[-98.03751,19.14585],[-98.03747,19.14609],[-98.03742,19.14636],[-98.03728,19.14686],[-98.03728,19.14686],[-98.03728,19.1472],[-98.03728,19.14739],[-98.03736,19.14753],[-98.03747,19.1477],[-98.03764,19.14805],[-98.03757,19.14843],[-98.03738,19.14868],[-98.03736,19.14873],[-98.03727,19.1489],[-98.03719,19.14903],[-98.03707,19.14921],[-98.03709,19.14953],[-98.0371,19.14973],[-98.03713,19.14985],[-98.0372,19.15009],[-98.03719,19.1503],[-98.03719,19.15035],[-98.03719,19.15053],[-98.03719,19.15067],[-98.03708,19.15124],[-98.03701,19.15168],[-98.03692,19.15198],[-98.03686,19.15213],[-98.03681,19.15219],[-98.03662,19.15244],[-98.03654,19.15256],[-98.03637,19.15281],[-98.0363,19.15291],[-98.03622,19.15304],[-98.03614,19.1533],[-98.0361,19.15351],[-98.03608,19.15362],[-98.0361,19.1539],[-98.03612,19.15419],[-98.03602,19.15476],[-98.03579,19.15565],[-98.03569,19.15574],[-98.03545,19.15597],[-98.03541,19.15609],[-98.03533,19.15633],[-98.03535,19.15665],[-98.03536,19.15666],[-98.03538,19.15675],[-98.03544,19.157],[-98.03551,19.15732],[-98.03556,19.15756],[-98.03561,19.15781],[-98.03564,19.15792],[-98.03591,19.1585],[-98.03599,19.15857],[-98.0362,19.15871],[-98.0362,19.15871],[-98.03619,19.15909],[-98.03619,19.15918],[-98.03619,19.15918],[-98.03626,19.15965],[-98.0365,19.16013],[-98.03639,19.16079],[-98.03627,19.1614],[-98.03619,19.16175],[-98.03613,19.16184],[-98.03589,19.16223],[-98.03536,19.16254],[-98.03502,19.16294],[-98.03484,19.16356],[-98.03479,19.16368],[-98.03464,19.164],[-98.0345,19.16435],[-98.03429,19.16481],[-98.03416,19.16517],[-98.03403,19.16547],[-98.03398,19.16559],[-98.03396,19.16585],[-98.03395,19.16607],[-98.03394,19.16668],[-98.03388,19.16722],[-98.03387,19.16728],[-98.03389,19.16762],[-98.0339,19.16782],[-98.034,19.16823],[-98.03416,19.16857],[-98.03432,19.16892],[-98.03467,19.16956],[-98.03467,19.16956],[-98.03451,19.16985],[-98.0344,19.17005],[-98.0344,19.17021],[-98.0344,19.17041],[-98.03435,19.17064],[-98.0343,19.17082],[-98.03403,19.17148],[-98.03388,19.17172],[-98.03432,19.17218],[-98.034,19.17253],[-98.03442,19.17401],[-98.03479,19.17532],[-98.03479,19.17558],[-98.03479,19.17728],[-98.03468,19.18022],[-98.03494,19.18024],[-98.03504,19.18024],[-98.03504,19.18024],[-98.03509,19.1803],[-98.03518,19.1804],[-98.03525,19.18052],[-98.03529,19.18062],[-98.03532,19.18067],[-98.03544,19.18089],[-98.0355,19.18103],[-98.0355,19.18104],[-98.0355,19.18104],[-98.03551,19.18115],[-98.03552,19.1812],[-98.03552,19.18138],[-98.03554,19.18161],[-98.03554,19.18183],[-98.03553,19.18193],[-98.03552,19.18216],[-98.03552,19.18232],[-98.03552,19.18237],[-98.03558,19.18257],[-98.03565,19.18272],[-98.03571,19.18278],[-98.0357,19.18289],[-98.0357,19.18293],[-98.0357,19.18294],[-98.03576,19.18303],[-98.03576,19.18303],[-98.03572,19.18315],[-98.03569,19.18324],[-98.03568,19.18328],[-98.03569,19.18333],[-98.0357,19.18339],[-98.03572,19.1835],[-98.03577,19.18353],[-98.03578,19.18357],[-98.0358,19.18361],[-98.03579,19.18365],[-98.03579,19.18368],[-98.03577,19.18378],[-98.03576,19.1838],[-98.03579,19.18388],[-98.03585,19.18395],[-98.03593,19.18401],[-98.03598,19.18408],[-98.03599,19.18412],[-98.03599,19.18416],[-98.03601,19.18423],[-98.0361,19.18432],[-98.03618,19.18441],[-98.0363,19.18449],[-98.03636,19.18452],[-98.03644,19.18456],[-98.03656,19.18458],[-98.03668,19.18463],[-98.0367,19.18466],[-98.03674,19.18471],[-98.03675,19.18488],[-98.03675,19.1849],[-98.03675,19.18499],[-98.03681,19.18518],[-98.0368,19.18529],[-98.03679,19.18541],[-98.03678,19.1855],[-98.03675,19.18567],[-98.03673,19.18581],[-98.03662,19.18587],[-98.03662,19.18587],[-98.03662,19.18593],[-98.03663,19.18599],[-98.03663,19.186],[-98.03664,19.18611],[-98.03659,19.18623],[-98.03658,19.18626],[-98.03658,19.18631],[-98.03651,19.18644],[-98.03645,19.18659],[-98.03659,19.18672],[-98.03659,19.18672],[-98.03659,19.18672],[-98.03657,19.18673],[-98.03636,19.18684],[-98.03626,19.18692],[-98.0362,19.18698],[-98.0362,19.18698],[-98.03618,19.18711],[-98.03619,19.18728],[-98.03624,19.18737],[-98.03626,19.18741],[-98.03617,19.18761],[-98.03608,19.18774],[-98.03593,19.18793],[-98.0359,19.18808],[-98.0359,19.18812],[-98.03589,19.18822],[-98.03588,19.1883],[-98.0358,19.18846],[-98.03574,19.18861],[-98.03572,19.18879],[-98.03567,19.18882],[-98.03564,19.18884],[-98.0356,19.18895],[-98.03559,19.18912],[-98.03555,19.18942],[-98.03549,19.18979],[-98.03545,19.1901],[-98.03549,19.19015],[-98.0356,19.19015],[-98.03574,19.19015],[-98.03592,19.19012],[-98.03602,19.1901],[-98.03618,19.19012],[-98.03635,19.19019],[-98.03642,19.19026],[-98.03652,19.19035],[-98.03654,19.1905],[-98.03644,19.19078],[-98.03631,19.19095],[-98.0362,19.19098],[-98.03605,19.19129],[-98.036,19.19146],[-98.03597,19.19157],[-98.03593,19.19161],[-98.0359,19.19165],[-98.03583,19.19166],[-98.03579,19.19167],[-98.0356,19.19169],[-98.0354,19.19182],[-98.03538,19.19183],[-98.03528,19.19199],[-98.03524,19.19206],[-98.03513,19.19229],[-98.03506,19.19243],[-98.03483,19.19268],[-98.03481,19.19273],[-98.03476,19.19292],[-98.03476,19.19292],[-98.03469,19.19298],[-98.03458,19.19299],[-98.03454,19.193],[-98.03443,19.19304],[-98.03403,19.19304],[-98.03401,19.19304],[-98.03393,19.19306],[-98.03388,19.1931],[-98.03386,19.19312],[-98.03386,19.19315],[-98.03387,19.1932],[-98.03395,19.19333],[-98.03399,19.19341],[-98.034,19.19345],[-98.03403,19.1936],[-98.0339,19.19383],[-98.03388,19.19394],[-98.03388,19.19394],[-98.03368,19.1938],[-98.03368,19.1938],[-98.03291,19.19256],[-98.03249,19.19189],[-98.03141,19.19074],[-98.03107,19.19059],[-98.03105,19.19059],[-98.03077,19.19065],[-98.03073,19.19072],[-98.03077,19.19081],[-98.03078,19.19087],[-98.0308,19.19094],[-98.03086,19.19106],[-98.0309,19.19113],[-98.03095,19.19127],[-98.03103,19.19144],[-98.03119,19.19182],[-98.03122,19.19224],[-98.03122,19.19227],[-98.03122,19.19227],[-98.0312,19.19241],[-98.03115,19.19261],[-98.03115,19.19261],[-98.03105,19.19265],[-98.03095,19.19277],[-98.03082,19.19293],[-98.03075,19.19296],[-98.03052,19.19308],[-98.03049,19.19315],[-98.03034,19.1935],[-98.03015,19.19397],[-98.03011,19.19453],[-98.03008,19.19465],[-98.02996,19.19517],[-98.02986,19.19541],[-98.02977,19.19563],[-98.02952,19.19596],[-98.0292,19.19638],[-98.02879,19.19691],[-98.02852,19.19731],[-98.02837,19.19755],[-98.02795,19.19822],[-98.02794,19.19845],[-98.02791,19.19882],[-98.02754,19.19927],[-98.02754,19.19928],[-98.02704,19.19989],[-98.02685,19.2003],[-98.02682,19.20038],[-98.02686,19.20055],[-98.02693,19.20077],[-98.02692,19.2012],[-98.02688,19.20225],[-98.0268,19.20249],[-98.02666,19.20291],[-98.02636,19.20335],[-98.02607,19.20376],[-98.02564,19.20407],[-98.02564,19.20407],[-98.02524,19.20422],[-98.02473,19.20442],[-98.02409,19.20461],[-98.02366,19.20527],[-98.02323,19.20577],[-98.02318,19.20582],[-98.02275,19.20633],[-98.02226,19.20669],[-98.02221,19.20673],[-98.02173,19.20678],[-98.02056,19.20748],[-98.0203,19.20824],[-98.02023,19.20844],[-98.02044,19.20905],[-98.02052,19.20953],[-98.02085,19.20964],[-98.02093,19.20968],[-98.02116,19.20981],[-98.02117,19.20984],[-98.02134,19.21016],[-98.02164,19.21019],[-98.02184,19.21022],[-98.02199,19.21063],[-98.02232,19.2109],[-98.02283,19.21133],[-98.02388,19.21208],[-98.02456,19.21269],[-98.02718,19.2148],[-98.02776,19.21557],[-98.02808,19.21603],[-98.02835,19.21641],[-98.02872,19.21716],[-98.02877,19.21725],[-98.02911,19.21762],[-98.0299,19.21846],[-98.02992,19.2185],[-98.03031,19.21914],[-98.03058,19.21975],[-98.03077,19.22019],[-98.03102,19.22087],[-98.031,19.22099],[-98.03093,19.22143],[-98.03088,19.22159],[-98.03072,19.22207],[-98.03069,19.22255],[-98.03067,19.22291],[-98.03071,19.22367],[-98.03079,19.22445],[-98.03083,19.22483],[-98.03091,19.22543],[-98.03103,19.22631],[-98.03149,19.22744],[-98.03224,19.2282],[-98.03206,19.22857],[-98.03197,19.22873],[-98.03192,19.22914],[-98.03169,19.23094],[-98.03523,19.22413],[-98.03506,19.2235],[-98.035,19.22278],[-98.035,19.22245],[-98.03482,19.22219],[-98.03485,19.22201],[-98.03484,19.22184],[-98.03493,19.22163],[-98.03494,19.22145],[-98.03491,19.22126],[-98.03493,19.22098],[-98.03486,19.22073],[-98.03485,19.22057],[-98.03484,19.22027],[-98.0345,19.21942],[-98.03453,19.21908],[-98.03462,19.21877],[-98.03506,19.21813],[-98.03546,19.21795],[-98.03575,19.21763],[-98.03663,19.21672],[-98.03702,19.2161],[-98.03717,19.2148],[-98.03732,19.21302],[-98.03755,19.21229],[-98.03822,19.21052],[-98.03843,19.20867],[-98.03894,19.20692],[-98.03941,19.20559],[-98.03979,19.20469],[-98.04069,19.20391],[-98.04206,19.20345],[-98.04345,19.20286],[-98.04463,19.20167],[-98.04579,19.20002],[-98.04674,19.19834],[-98.04762,19.19681],[-98.04857,19.19606],[-98.0496,19.19504],[-98.05037,19.19365],[-98.05112,19.19209],[-98.05192,19.19083],[-98.05228,19.18969],[-98.05248,19.18862],[-98.05276,19.18777],[-98.05325,19.18665],[-98.05374,19.18526],[-98.05485,19.18317],[-98.05562,19.18125],[-98.05621,19.17994],[-98.05657,19.1785],[-98.05691,19.17724],[-98.05673,19.17649],[-98.05632,19.17525],[-98.05549,19.17284],[-98.05565,19.17131],[-98.0558,19.17031],[-98.05601,19.16951],[-98.0558,19.16878],[-98.0558,19.1679],[-98.05624,19.1671],[-98.0565,19.16555],[-98.05609,19.16453],[-98.05603,19.16404],[-98.05619,19.1635],[-98.05647,19.16319],[-98.05659,19.16274],[-98.05656,19.16229],[-98.05643,19.16168],[-98.05651,19.16135],[-98.05697,19.16059],[-98.0576,19.16011],[-98.05786,19.15983],[-98.0584,19.15929],[-98.05907,19.15884],[-98.05999,19.15823],[-98.06053,19.15785],[-98.06091,19.1578],[-98.06112,19.15801],[-98.06105,19.15846],[-98.06085,19.15916],[-98.06073,19.15966],[-98.06059,19.16015],[-98.06077,19.16062],[-98.06103,19.16073],[-98.06126,19.16067],[-98.06163,19.16038],[-98.06197,19.16025],[-98.06213,19.16],[-98.06244,19.15972],[-98.06284,19.15955],[-98.06318,19.15924],[-98.06376,19.15874],[-98.06466,19.15819],[-98.06562,19.15739],[-98.06562,19.15689],[-98.06578,19.15651],[-98.066,19.15631],[-98.06629,19.15622],[-98.06656,19.15623],[-98.06705,19.15639],[-98.06741,19.15638],[-98.06769,19.1562],[-98.06803,19.15602],[-98.06847,19.156],[-98.06884,19.15605],[-98.06912,19.15623],[-98.06943,19.15622],[-98.0698,19.156],[-98.07003,19.15589],[-98.07057,19.15536],[-98.07157,19.15448],[-98.07209,19.15416],[-98.07262,19.15379],[-98.07323,19.15352],[-98.07399,19.15322],[-98.07439,19.15307],[-98.07473,19.15286],[-98.07493,19.15265],[-98.07558,19.15226],[-98.07602,19.15188],[-98.07636,19.15146],[-98.07661,19.151],[-98.07686,19.15053],[-98.07709,19.15023],[-98.07749,19.15005],[-98.07807,19.14992],[-98.0785,19.14961],[-98.07878,19.14906],[-98.07892,19.14856],[-98.0791,19.14825],[-98.07953,19.14766],[-98.07977,19.14703],[-98.07989,19.14659],[-98.08019,19.14614],[-98.0803,19.14595],[-98.08053,19.14585],[-98.08084,19.14592],[-98.08111,19.14591],[-98.0813,19.14589],[-98.08147,19.14578],[-98.08158,19.1456],[-98.08175,19.14538],[-98.08188,19.14526],[-98.08206,19.14516],[-98.08216,19.14495],[-98.08216,19.14471],[-98.0822,19.14457],[-98.0823,19.14448],[-98.0825,19.14448],[-98.08275,19.14432],[-98.08304,19.14416],[-98.08315,19.14392],[-98.08325,19.14382],[-98.08347,19.14384],[-98.08363,19.14374],[-98.08378,19.14349],[-98.08389,19.14331],[-98.08402,19.14325],[-98.08419,19.14312],[-98.08428,19.14295],[-98.08439,19.14268],[-98.0845,19.1424],[-98.08453,19.14228],[-98.0847,19.14208],[-98.08492,19.14185],[-98.08506,19.14161],[-98.08529,19.1414],[-98.08541,19.14128],[-98.0854,19.14112],[-98.08537,19.14099],[-98.08521,19.14082],[-98.08518,19.14078],[-98.08526,19.14062],[-98.08547,19.14029],[-98.08531,19.14005],[-98.08511,19.13981],[-98.08503,19.13969],[-98.0851,19.13961],[-98.08531,19.13952],[-98.08537,19.13944],[-98.08537,19.13944],[-98.08532,19.13933],[-98.08527,19.13913],[-98.08532,19.13902],[-98.08532,19.13893],[-98.08527,19.1388],[-98.08519,19.13866],[-98.08516,19.13856],[-98.08519,19.13851],[-98.08526,19.13848],[-98.08538,19.13844],[-98.08554,19.13838],[-98.08564,19.13825],[-98.08583,19.13812],[-98.08601,19.13804],[-98.08628,19.13784],[-98.08639,19.13773],[-98.08642,19.13766],[-98.08641,19.13759],[-98.08635,19.13752],[-98.08631,19.13743],[-98.08644,19.13717],[-98.08658,19.13694],[-98.08657,19.13682],[-98.08652,19.13677],[-98.08643,19.13682],[-98.08636,19.13677],[-98.08634,19.13667],[-98.08641,19.1366],[-98.08657,19.13659],[-98.08693,19.13659],[-98.08708,19.13656],[-98.0871,19.13646],[-98.08704,19.13631],[-98.08694,19.13623],[-98.08691,19.13616],[-98.08708,19.13608],[-98.0873,19.13601],[-98.08753,19.13599],[-98.08767,19.13586],[-98.08786,19.13576],[-98.08809,19.13578],[-98.08824,19.13575],[-98.0883,19.13564],[-98.08819,19.13544],[-98.08811,19.13535],[-98.08813,19.13525],[-98.08824,19.13521],[-98.08838,19.13513],[-98.0884,19.13503],[-98.08836,19.13486],[-98.08822,19.13471],[-98.0882,19.13466],[-98.08829,19.13453],[-98.08851,19.13445],[-98.08855,19.13425],[-98.08858,19.13408],[-98.08878,19.13378],[-98.08899,19.13377],[-98.08914,19.13378],[-98.08925,19.13369],[-98.08922,19.13346],[-98.08914,19.13313],[-98.08894,19.1329],[-98.08889,19.13285],[-98.08885,19.13266],[-98.08907,19.13234],[-98.08907,19.13226],[-98.08891,19.13221],[-98.08878,19.13226],[-98.08868,19.13218],[-98.08869,19.13203],[-98.08881,19.13188],[-98.08899,19.1319],[-98.08931,19.13208],[-98.08952,19.13221],[-98.08963,19.13217],[-98.08965,19.13196],[-98.08952,19.13176],[-98.08937,19.1316],[-98.08924,19.13152],[-98.08923,19.13147],[-98.08926,19.13138],[-98.08942,19.13126],[-98.08957,19.13115],[-98.08963,19.13105],[-98.08963,19.13088],[-98.08966,19.13065],[-98.0897,19.13048],[-98.08968,19.13035],[-98.08956,19.13022],[-98.08947,19.13015]]],[[[-98.03169,19.23094],[-98.03169,19.23094],[-98.03169,19.23094],[-98.03169,19.23094]]]]}},{"type":"Feature","properties":{"cp":72943,"nombre":"CP 72943"},"geometry":{"type":"Polygon","coordinates":[[[-98.08665,19.07873],[-98.08646,19.07869],[-98.08608,19.07854],[-98.08208,19.07691],[-98.08205,19.0769],[-98.08038,19.07623],[-98.07998,19.07603],[-98.07933,19.07581],[-98.07927,19.07578],[-98.07743,19.07515],[-98.07748,19.07488],[-98.07755,19.07457],[-98.07751,19.07458],[-98.07479,19.07344],[-98.07468,19.07356],[-98.07468,19.07356],[-98.07463,19.07381],[-98.0746,19.074],[-98.07457,19.0743],[-98.0745,19.07454],[-98.07444,19.07478],[-98.07441,19.075],[-98.0744,19.07501],[-98.07435,19.07525],[-98.07433,19.07548],[-98.07432,19.07555],[-98.0743,19.07563],[-98.07428,19.07577],[-98.07423,19.07601],[-98.07419,19.07626],[-98.07414,19.07649],[-98.07406,19.07696],[-98.074,19.07722],[-98.07396,19.07736],[-98.07393,19.07746],[-98.07392,19.07753],[-98.07388,19.0777],[-98.07383,19.07797],[-98.07377,19.0782],[-98.07376,19.07844],[-98.07374,19.07852],[-98.07371,19.07866],[-98.07366,19.0789],[-98.07365,19.07896],[-98.07361,19.07918],[-98.07356,19.0794],[-98.07355,19.07942],[-98.07351,19.07964],[-98.07349,19.0797],[-98.07344,19.07988],[-98.07342,19.08001],[-98.07341,19.08011],[-98.07331,19.08035],[-98.07329,19.08038],[-98.07326,19.08044],[-98.07281,19.08042],[-98.07263,19.08041],[-98.07262,19.08042],[-98.07251,19.08042],[-98.07216,19.08041],[-98.07172,19.08039],[-98.07109,19.08036],[-98.07093,19.08036],[-98.07061,19.08058],[-98.07058,19.0808],[-98.07064,19.08096],[-98.07067,19.08104],[-98.07067,19.08104],[-98.07059,19.08146],[-98.07042,19.0817],[-98.07034,19.08175],[-98.07006,19.08192],[-98.06981,19.08197],[-98.06981,19.08197],[-98.06979,19.08199],[-98.06971,19.08215],[-98.06965,19.08225],[-98.0696,19.08234],[-98.06958,19.08254],[-98.0696,19.08262],[-98.06965,19.08287],[-98.06962,19.08333],[-98.0693,19.08395],[-98.06921,19.08414],[-98.06912,19.08432],[-98.06895,19.08451],[-98.06885,19.0846],[-98.06867,19.08497],[-98.06859,19.08506],[-98.06848,19.08518],[-98.06852,19.08536],[-98.06855,19.08548],[-98.06852,19.08574],[-98.0685,19.0858],[-98.06847,19.08597],[-98.06837,19.08626],[-98.06829,19.08642],[-98.06817,19.08669],[-98.06812,19.08687],[-98.06801,19.0873],[-98.0679,19.08797],[-98.06773,19.08824],[-98.06753,19.08847],[-98.06739,19.08875],[-98.06736,19.08879],[-98.0673,19.08888],[-98.06719,19.08902],[-98.06718,19.08918],[-98.06721,19.08928],[-98.0672,19.08934],[-98.0672,19.08947],[-98.0672,19.08947],[-98.06731,19.08962],[-98.06741,19.08976],[-98.06739,19.08994],[-98.06738,19.09011],[-98.06737,19.09018],[-98.06736,19.09027],[-98.06732,19.09033],[-98.06725,19.09037],[-98.06712,19.09037],[-98.06712,19.09037],[-98.06696,19.09033],[-98.0668,19.09031],[-98.06676,19.0903],[-98.06659,19.09025],[-98.06642,19.09021],[-98.06637,19.09021],[-98.06627,19.09021],[-98.06621,19.09025],[-98.06613,19.09037],[-98.06605,19.09046],[-98.06604,19.09061],[-98.06606,19.09072],[-98.06609,19.09074],[-98.06617,19.09078],[-98.06624,19.09081],[-98.06635,19.09086],[-98.06647,19.09092],[-98.0666,19.09097],[-98.06668,19.0911],[-98.06669,19.09121],[-98.06669,19.09134],[-98.06662,19.09142],[-98.06657,19.0915],[-98.06652,19.09156],[-98.06613,19.09184],[-98.06579,19.09187],[-98.06579,19.09187],[-98.0657,19.09259],[-98.06548,19.09285],[-98.06543,19.09291],[-98.0652,19.09306],[-98.0651,19.09314],[-98.06504,19.09322],[-98.06504,19.09323],[-98.06504,19.09331],[-98.06505,19.09336],[-98.06507,19.09342],[-98.06516,19.09353],[-98.06532,19.09363],[-98.06543,19.09369],[-98.06546,19.09372],[-98.06552,19.09377],[-98.0656,19.09387],[-98.06561,19.09389],[-98.06569,19.09403],[-98.06568,19.0943],[-98.06565,19.0946],[-98.06557,19.09469],[-98.06545,19.09481],[-98.06535,19.09491],[-98.06532,19.09507],[-98.06532,19.09511],[-98.06531,19.09525],[-98.06529,19.09529],[-98.06525,19.09537],[-98.06517,19.09544],[-98.06516,19.09546],[-98.06513,19.09552],[-98.06511,19.09559],[-98.06512,19.09575],[-98.0651,19.09587],[-98.0651,19.09587],[-98.06502,19.0959],[-98.065,19.09591],[-98.06488,19.09593],[-98.06477,19.09595],[-98.06475,19.09595],[-98.06453,19.09602],[-98.06443,19.09617],[-98.06441,19.09619],[-98.06439,19.09642],[-98.06439,19.09642],[-98.06439,19.09642],[-98.06421,19.09657],[-98.06398,19.09666],[-98.06377,19.09678],[-98.06373,19.09694],[-98.06368,19.09711],[-98.06361,19.09725],[-98.06359,19.09728],[-98.06344,19.09735],[-98.06289,19.09758],[-98.06288,19.09758],[-98.06288,19.09758],[-98.06257,19.09771],[-98.06216,19.09803],[-98.06205,19.09811],[-98.06171,19.0984],[-98.06163,19.0985],[-98.06158,19.09856],[-98.06149,19.09876],[-98.0613,19.09905],[-98.06117,19.09916],[-98.0611,19.09922],[-98.06069,19.09955],[-98.06068,19.09956],[-98.06049,19.09966],[-98.06031,19.09972],[-98.06015,19.09974],[-98.06014,19.09974],[-98.05999,19.09967],[-98.05987,19.09953],[-98.05982,19.09954],[-98.05959,19.09957],[-98.0595,19.0996],[-98.05939,19.09963],[-98.05921,19.09967],[-98.05902,19.09972],[-98.05881,19.09969],[-98.0588,19.09969],[-98.0588,19.09969],[-98.05879,19.09969],[-98.05871,19.09964],[-98.05852,19.09962],[-98.0585,19.09964],[-98.05842,19.0997],[-98.05838,19.09972],[-98.05833,19.09976],[-98.05829,19.09982],[-98.05827,19.09985],[-98.05826,19.09988],[-98.05824,19.09991],[-98.05814,19.1001],[-98.05809,19.10021],[-98.05796,19.10042],[-98.05793,19.10044],[-98.05784,19.10053],[-98.05784,19.10053],[-98.05784,19.10053],[-98.0573,19.10076],[-98.05715,19.10118],[-98.05712,19.10127],[-98.0571,19.10137],[-98.05704,19.10145],[-98.05696,19.10154],[-98.05685,19.1017],[-98.05685,19.1017],[-98.05675,19.10172],[-98.05663,19.10173],[-98.05661,19.10172],[-98.05639,19.1017],[-98.05631,19.10166],[-98.05625,19.10164],[-98.0562,19.10162],[-98.05606,19.10158],[-98.05587,19.10156],[-98.05575,19.10172],[-98.05569,19.10176],[-98.05568,19.10178],[-98.05567,19.10179],[-98.05562,19.10186],[-98.05562,19.10189],[-98.05562,19.10195],[-98.05567,19.10204],[-98.05573,19.10218],[-98.05571,19.10244],[-98.0557,19.10252],[-98.05572,19.10272],[-98.05568,19.10292],[-98.05568,19.10292],[-98.05567,19.10294],[-98.05564,19.10306],[-98.05561,19.10339],[-98.05543,19.10363],[-98.05534,19.10363],[-98.0553,19.10363],[-98.05517,19.10363],[-98.05493,19.10356],[-98.05483,19.10355],[-98.05471,19.10354],[-98.05464,19.10354],[-98.05458,19.10358],[-98.05456,19.10361],[-98.05452,19.10367],[-98.05449,19.10378],[-98.05445,19.10393],[-98.05439,19.10408],[-98.05434,19.1042],[-98.0543,19.10436],[-98.05429,19.10445],[-98.05426,19.1045],[-98.05421,19.10456],[-98.05421,19.10456],[-98.05412,19.10458],[-98.05407,19.10459],[-98.05397,19.10463],[-98.05391,19.10467],[-98.05387,19.10469],[-98.05388,19.10474],[-98.05389,19.10481],[-98.05392,19.10491],[-98.05393,19.10494],[-98.05393,19.10494],[-98.05389,19.10506],[-98.05378,19.10517],[-98.05366,19.10521],[-98.05353,19.10521],[-98.05352,19.10521],[-98.05351,19.1052],[-98.05328,19.10519],[-98.05318,19.10522],[-98.05291,19.10515],[-98.05284,19.10513],[-98.05284,19.10513],[-98.05275,19.10508],[-98.05269,19.10503],[-98.05253,19.10489],[-98.05246,19.10493],[-98.05236,19.105],[-98.05234,19.10503],[-98.05228,19.10512],[-98.05223,19.10531],[-98.05221,19.10537],[-98.0522,19.10546],[-98.05218,19.10566],[-98.05204,19.10589],[-98.05201,19.10593],[-98.05182,19.10617],[-98.05166,19.10625],[-98.05162,19.10628],[-98.05153,19.10611],[-98.05153,19.10611],[-98.05153,19.10582],[-98.05138,19.10578],[-98.05097,19.10584],[-98.05075,19.10645],[-98.05062,19.10679],[-98.05063,19.10699],[-98.05064,19.10718],[-98.05064,19.10721],[-98.05065,19.10729],[-98.05065,19.10738],[-98.05067,19.10746],[-98.05068,19.1075],[-98.05073,19.10769],[-98.05076,19.10778],[-98.0508,19.10798],[-98.05082,19.10829],[-98.0509,19.10833],[-98.05109,19.10859],[-98.05107,19.10869],[-98.05106,19.10872],[-98.05104,19.10876],[-98.05096,19.10888],[-98.05062,19.10935],[-98.05049,19.10942],[-98.05046,19.10942],[-98.05032,19.10945],[-98.05031,19.1095],[-98.0503,19.10955],[-98.0503,19.10956],[-98.05031,19.10964],[-98.05033,19.10968],[-98.05035,19.10972],[-98.05039,19.10986],[-98.05039,19.10987],[-98.05047,19.11001],[-98.05047,19.11001],[-98.05047,19.11001],[-98.05042,19.11007],[-98.05035,19.11014],[-98.0501,19.11029],[-98.05004,19.11039],[-98.05001,19.11043],[-98.05001,19.11049],[-98.05001,19.11049],[-98.05003,19.11055],[-98.05006,19.11056],[-98.05006,19.11056],[-98.05022,19.11067],[-98.05022,19.11067],[-98.05026,19.1107],[-98.05038,19.11077],[-98.05046,19.11078],[-98.05052,19.11079],[-98.05059,19.11083],[-98.05062,19.11085],[-98.05069,19.11104],[-98.0507,19.1111],[-98.0507,19.1112],[-98.05069,19.11131],[-98.05069,19.11133],[-98.05069,19.11136],[-98.05067,19.11149],[-98.05063,19.1116],[-98.05063,19.11162],[-98.05057,19.1118],[-98.05057,19.11184],[-98.05057,19.1119],[-98.0506,19.11199],[-98.05068,19.11207],[-98.05071,19.1121],[-98.05082,19.11218],[-98.05106,19.11232],[-98.05108,19.11234],[-98.05127,19.11252],[-98.05142,19.11274],[-98.0514,19.11281],[-98.0514,19.11286],[-98.05132,19.11292],[-98.05131,19.11293],[-98.05113,19.11302],[-98.05109,19.11302],[-98.05097,19.11303],[-98.05094,19.11305],[-98.05091,19.11307],[-98.05092,19.11314],[-98.05093,19.11316],[-98.05098,19.11322],[-98.05103,19.1133],[-98.05108,19.11336],[-98.05118,19.11344],[-98.05121,19.11347],[-98.05124,19.11351],[-98.0513,19.11358],[-98.05141,19.11376],[-98.05149,19.11382],[-98.05157,19.11389],[-98.05167,19.11396],[-98.05167,19.11396],[-98.05168,19.11412],[-98.05168,19.11416],[-98.05168,19.11427],[-98.05168,19.11427],[-98.05168,19.11427],[-98.05163,19.11436],[-98.05161,19.11445],[-98.0516,19.11449],[-98.05156,19.11468],[-98.05156,19.11468],[-98.05155,19.11468],[-98.05153,19.11474],[-98.05148,19.1148],[-98.05146,19.11488],[-98.05148,19.11495],[-98.05148,19.11496],[-98.05148,19.11502],[-98.05154,19.11506],[-98.05156,19.11507],[-98.05164,19.11507],[-98.05172,19.11507],[-98.05175,19.11506],[-98.05178,19.11506],[-98.05181,19.11502],[-98.05197,19.11501],[-98.05207,19.11501],[-98.05209,19.11502],[-98.05218,19.11507],[-98.05221,19.11517],[-98.05222,19.11524],[-98.05222,19.11533],[-98.0522,19.11537],[-98.05218,19.1154],[-98.05208,19.11554],[-98.052,19.11556],[-98.05199,19.11556],[-98.0519,19.11558],[-98.05185,19.11559],[-98.05178,19.1156],[-98.05166,19.11562],[-98.05149,19.11563],[-98.05142,19.11569],[-98.05142,19.11574],[-98.05142,19.11578],[-98.0515,19.11587],[-98.0516,19.11593],[-98.05168,19.11597],[-98.05174,19.11602],[-98.0518,19.11606],[-98.0518,19.11606],[-98.05181,19.11611],[-98.05181,19.11615],[-98.05181,19.11634],[-98.05185,19.11649],[-98.05191,19.11674],[-98.05199,19.11697],[-98.052,19.11714],[-98.052,19.11722],[-98.05194,19.11737],[-98.05179,19.11749],[-98.05176,19.11751],[-98.05176,19.11751],[-98.05191,19.11777],[-98.05187,19.11808],[-98.05179,19.11832],[-98.05187,19.11872],[-98.05193,19.1191],[-98.05173,19.11916],[-98.05165,19.11929],[-98.05169,19.11959],[-98.05191,19.12],[-98.05232,19.12032],[-98.05265,19.12051],[-98.05284,19.12061],[-98.05299,19.12062],[-98.05335,19.12062],[-98.0538,19.12069],[-98.05414,19.12069],[-98.05454,19.12046],[-98.05478,19.12021],[-98.05503,19.11968],[-98.05511,19.11945],[-98.05536,19.11892],[-98.05565,19.11851],[-98.05587,19.11817],[-98.05586,19.11794],[-98.05581,19.1178],[-98.05588,19.1176],[-98.05593,19.11736],[-98.05588,19.11717],[-98.05573,19.11697],[-98.05564,19.11685],[-98.05566,19.11649],[-98.05576,19.11625],[-98.05583,19.11585],[-98.05573,19.11557],[-98.05582,19.11525],[-98.05598,19.11492],[-98.05601,19.11453],[-98.05625,19.11433],[-98.05633,19.11416],[-98.05631,19.11398],[-98.05644,19.11367],[-98.05648,19.1133],[-98.05652,19.1129],[-98.05657,19.11277],[-98.05673,19.11264],[-98.05681,19.11243],[-98.05713,19.11206],[-98.05731,19.11161],[-98.05726,19.11135],[-98.05724,19.11118],[-98.05737,19.11112],[-98.05753,19.11111],[-98.05761,19.11107],[-98.05765,19.11092],[-98.05776,19.11076],[-98.05805,19.11049],[-98.05837,19.11024],[-98.05865,19.10995],[-98.05978,19.10931],[-98.06046,19.109],[-98.06131,19.10869],[-98.06192,19.10833],[-98.06308,19.10788],[-98.06323,19.10788],[-98.06332,19.10785],[-98.06334,19.10779],[-98.0633,19.10773],[-98.06331,19.10759],[-98.06333,19.10741],[-98.06338,19.10721],[-98.0636,19.10693],[-98.06368,19.1068],[-98.06368,19.10669],[-98.0636,19.1066],[-98.06357,19.10645],[-98.06366,19.10618],[-98.06381,19.10597],[-98.06391,19.10589],[-98.06395,19.10556],[-98.06406,19.10532],[-98.06422,19.10516],[-98.0644,19.10502],[-98.06463,19.1049],[-98.06473,19.10479],[-98.06477,19.10464],[-98.06486,19.10452],[-98.06492,19.10451],[-98.06498,19.10454],[-98.06508,19.10461],[-98.06516,19.10463],[-98.06526,19.10461],[-98.0654,19.10448],[-98.06545,19.1043],[-98.0656,19.10397],[-98.06573,19.10374],[-98.06587,19.10365],[-98.06602,19.10363],[-98.06612,19.10367],[-98.06617,19.10367],[-98.06623,19.10364],[-98.06626,19.10351],[-98.06641,19.10332],[-98.06665,19.10315],[-98.06664,19.10305],[-98.0665,19.103],[-98.0663,19.10302],[-98.06619,19.10305],[-98.06612,19.10304],[-98.06607,19.10299],[-98.06602,19.10284],[-98.06604,19.10265],[-98.06612,19.1025],[-98.06624,19.1024],[-98.06648,19.10234],[-98.06662,19.1023],[-98.06671,19.10219],[-98.06677,19.10194],[-98.06678,19.10177],[-98.06685,19.10169],[-98.06697,19.10167],[-98.06714,19.10171],[-98.06724,19.10169],[-98.0673,19.10158],[-98.06733,19.10141],[-98.06743,19.10125],[-98.06758,19.10099],[-98.06763,19.10082],[-98.0676,19.10074],[-98.0675,19.1007],[-98.06739,19.10072],[-98.06723,19.10075],[-98.06713,19.1007],[-98.06709,19.10064],[-98.06708,19.10058],[-98.0673,19.10035],[-98.06755,19.1002],[-98.06769,19.10012],[-98.06777,19.09999],[-98.06782,19.09986],[-98.06806,19.09966],[-98.06835,19.09945],[-98.06863,19.09929],[-98.06868,19.09923],[-98.06876,19.09904],[-98.06885,19.09876],[-98.06897,19.09859],[-98.06929,19.09849],[-98.06956,19.09852],[-98.06978,19.09853],[-98.06986,19.0985],[-98.0699,19.0984],[-98.06991,19.09833],[-98.07004,19.09815],[-98.07006,19.09806],[-98.07003,19.09798],[-98.06997,19.09783],[-98.06996,19.09763],[-98.06999,19.0969],[-98.07,19.0965],[-98.07004,19.09625],[-98.07023,19.09595],[-98.07042,19.09574],[-98.07069,19.09557],[-98.07093,19.09547],[-98.07113,19.09541],[-98.07122,19.09535],[-98.07141,19.09502],[-98.07153,19.09486],[-98.07163,19.09474],[-98.07177,19.09463],[-98.07186,19.09452],[-98.07192,19.09443],[-98.07391,19.09457],[-98.07624,19.09482],[-98.07642,19.09477],[-98.07707,19.09367],[-98.08054,19.0949],[-98.08099,19.09452],[-98.08137,19.09436],[-98.08193,19.09417],[-98.08243,19.09378],[-98.08291,19.09336],[-98.08322,19.09276],[-98.08397,19.09166],[-98.08415,19.09159],[-98.0843,19.0914],[-98.08444,19.09113],[-98.08445,19.09082],[-98.08475,19.09032],[-98.08485,19.08977],[-98.08472,19.08913],[-98.08492,19.08843],[-98.08509,19.08782],[-98.08512,19.08743],[-98.08555,19.08696],[-98.08577,19.08638],[-98.08608,19.08552],[-98.08636,19.08496],[-98.08623,19.08464],[-98.08628,19.08412],[-98.0864,19.08318],[-98.0864,19.08318],[-98.08608,19.08231],[-98.08593,19.08178],[-98.08598,19.08145],[-98.08589,19.08117],[-98.08605,19.08063],[-98.08633,19.0797],[-98.08628,19.07936],[-98.08633,19.07918],[-98.08657,19.07898],[-98.08665,19.07873]]]}},{"type":"Feature","properties":{"cp":72993,"nombre":"CP 72993"},"geometry":{"type":"Polygon","coordinates":[[[-98.10681,19.04622],[-98.10681,19.04622],[-98.10675,19.04658],[-98.10653,19.04694],[-98.10627,19.04741],[-98.10608,19.04783],[-98.10596,19.04817],[-98.10603,19.04854],[-98.10597,19.04874],[-98.10575,19.04881],[-98.1056,19.04895],[-98.10551,19.04924],[-98.10547,19.04947],[-98.10535,19.04967],[-98.10532,19.04987],[-98.10537,19.05021],[-98.10539,19.05041],[-98.1053,19.05054],[-98.10513,19.05055],[-98.10496,19.05051],[-98.10482,19.05058],[-98.10473,19.05073],[-98.10455,19.05088],[-98.10443,19.05133],[-98.1043,19.05156],[-98.10402,19.0517],[-98.10373,19.05172],[-98.10346,19.05154],[-98.10346,19.05154],[-98.10319,19.05165],[-98.10303,19.05184],[-98.10277,19.05229],[-98.10231,19.05277],[-98.10212,19.05305],[-98.10208,19.05318],[-98.10217,19.05328],[-98.10231,19.05333],[-98.10228,19.0535],[-98.10218,19.05363],[-98.10186,19.05369],[-98.10169,19.05382],[-98.10168,19.05424],[-98.10159,19.05447],[-98.10153,19.05463],[-98.10128,19.05543],[-98.10054,19.05692],[-98.09989,19.05808],[-98.09905,19.05911],[-98.09848,19.05959],[-98.09803,19.0598],[-98.09769,19.06003],[-98.09744,19.06068],[-98.09705,19.06164],[-98.09653,19.06252],[-98.09632,19.06319],[-98.09621,19.06351],[-98.096,19.06463],[-98.09562,19.06547],[-98.09568,19.06569],[-98.09575,19.066],[-98.09561,19.06637],[-98.09511,19.0673],[-98.09466,19.06792],[-98.09382,19.06882],[-98.09338,19.06934],[-98.09302,19.07014],[-98.0931,19.07058],[-98.09309,19.07083],[-98.09285,19.07095],[-98.0924,19.07128],[-98.09229,19.07159],[-98.09199,19.07178],[-98.09119,19.07179],[-98.09058,19.07205],[-98.08985,19.07231],[-98.08919,19.07298],[-98.08888,19.07317],[-98.08858,19.07328],[-98.08845,19.07366],[-98.0883,19.0745],[-98.08806,19.07516],[-98.088,19.07624],[-98.08787,19.07677],[-98.08759,19.07717],[-98.08693,19.07783],[-98.08677,19.07804],[-98.08668,19.07841],[-98.08665,19.07873],[-98.0868,19.07875],[-98.08675,19.07883],[-98.08896,19.07962],[-98.09028,19.0801],[-98.09034,19.08011],[-98.09038,19.08004],[-98.09041,19.07993],[-98.09051,19.07972],[-98.09058,19.07975],[-98.09093,19.07992],[-98.09113,19.08005],[-98.09126,19.08014],[-98.09134,19.08015],[-98.09145,19.08008],[-98.09176,19.07992],[-98.09209,19.07953],[-98.09367,19.08072],[-98.09383,19.08077],[-98.0941,19.08095],[-98.09421,19.081],[-98.09443,19.08105],[-98.09403,19.08162],[-98.0937,19.08211],[-98.09373,19.08213],[-98.09411,19.08225],[-98.09446,19.08191],[-98.09487,19.08165],[-98.09538,19.08101],[-98.09613,19.07981],[-98.09766,19.0772],[-98.09894,19.07567],[-98.09956,19.07501],[-98.09983,19.07524],[-98.10029,19.07562],[-98.10085,19.07527],[-98.10105,19.07521],[-98.10171,19.07562],[-98.10182,19.07573],[-98.10192,19.07584],[-98.10223,19.07481],[-98.10373,19.07468],[-98.1043,19.07418],[-98.10501,19.07403],[-98.10502,19.07241],[-98.10534,19.07167],[-98.10607,19.07142],[-98.106,19.07081],[-98.10646,19.07063],[-98.10642,19.06992],[-98.10642,19.06992],[-98.10642,19.06992],[-98.1069,19.06856],[-98.10754,19.06739],[-98.10813,19.06631],[-98.10893,19.0659],[-98.10913,19.06554],[-98.10913,19.06554],[-98.10927,19.06528],[-98.10976,19.06452],[-98.11102,19.06333],[-98.11205,19.06268],[-98.11214,19.06263],[-98.11231,19.06247],[-98.11258,19.06221],[-98.1131,19.06175],[-98.11353,19.0615],[-98.11364,19.06144],[-98.11389,19.06132],[-98.11422,19.06115],[-98.1143,19.06112],[-98.11456,19.06099],[-98.11462,19.06086],[-98.11477,19.06048],[-98.11492,19.06015],[-98.11591,19.0595],[-98.11527,19.05898],[-98.11456,19.05855],[-98.11378,19.05808],[-98.11275,19.05744],[-98.11245,19.05721],[-98.11325,19.0558],[-98.11381,19.05493],[-98.11416,19.05411],[-98.11416,19.05411],[-98.11477,19.0541],[-98.11538,19.05407],[-98.11556,19.05408],[-98.11589,19.05156],[-98.11612,19.0499],[-98.11622,19.04913],[-98.11643,19.04841],[-98.11667,19.04792],[-98.11705,19.04747],[-98.1174,19.04708],[-98.11827,19.04614],[-98.11868,19.0457],[-98.11922,19.0454],[-98.1199,19.04528],[-98.11975,19.04603],[-98.12108,19.04591],[-98.12103,19.04605],[-98.12306,19.04578],[-98.12367,19.04533],[-98.12462,19.04575],[-98.12432,19.04629],[-98.12405,19.04676],[-98.12384,19.04715],[-98.1249,19.04759],[-98.12578,19.04793],[-98.12694,19.04838],[-98.12751,19.0486],[-98.12778,19.04871],[-98.12793,19.04879],[-98.12808,19.04867],[-98.12861,19.04847],[-98.12912,19.04818],[-98.12967,19.04773],[-98.1298,19.04758],[-98.12991,19.04747],[-98.13002,19.04743],[-98.13012,19.0474],[-98.13017,19.04733],[-98.13018,19.04725],[-98.13037,19.04687],[-98.13067,19.04682],[-98.13099,19.04674],[-98.13115,19.04681],[-98.13141,19.04656],[-98.13146,19.04616],[-98.13147,19.04597],[-98.13175,19.04577],[-98.13194,19.04558],[-98.13195,19.04529],[-98.13208,19.04508],[-98.13211,19.04486],[-98.13207,19.04457],[-98.13202,19.04445],[-98.1321,19.04432],[-98.13222,19.04414],[-98.13253,19.04382],[-98.13264,19.04344],[-98.13263,19.04335],[-98.13236,19.04331],[-98.13213,19.0433],[-98.13177,19.04335],[-98.13115,19.04352],[-98.13046,19.04371],[-98.12968,19.04392],[-98.12851,19.04422],[-98.12686,19.04443],[-98.12476,19.04466],[-98.12453,19.04467],[-98.1199,19.04522],[-98.11534,19.04577],[-98.11378,19.04602],[-98.11221,19.04628],[-98.11195,19.04631],[-98.11179,19.04631],[-98.11124,19.04632],[-98.11019,19.0463],[-98.10749,19.04624],[-98.10681,19.04622]]]}},{"type":"Feature","properties":{"cp":72474,"nombre":"CP 72474"},"geometry":{"type":"Polygon","coordinates":[[[-98.23144,19.00022],[-98.23145,19.00022],[-98.23188,18.99946],[-98.23188,18.99946],[-98.23188,18.99946],[-98.23206,18.99916],[-98.23287,18.99779],[-98.2332,18.9972],[-98.23414,18.99565],[-98.2347,18.99476],[-98.23483,18.99482],[-98.23683,18.99147],[-98.2387,18.98844],[-98.2387,18.98844],[-98.2387,18.98844],[-98.23777,18.98803],[-98.23738,18.98782],[-98.23459,18.9862],[-98.23351,18.98549],[-98.23301,18.98523],[-98.23236,18.98495],[-98.23154,18.98471],[-98.23064,18.98448],[-98.23028,18.9843],[-98.2243,18.98104],[-98.22279,18.9802],[-98.22265,18.98132],[-98.22193,18.98194],[-98.22178,18.98209],[-98.22137,18.98379],[-98.22162,18.98417],[-98.22177,18.98445],[-98.22184,18.98472],[-98.22172,18.98475],[-98.22176,18.98521],[-98.22227,18.98629],[-98.22262,18.98679],[-98.22272,18.98709],[-98.22279,18.98743],[-98.22276,18.98765],[-98.22265,18.98782],[-98.22244,18.9879],[-98.22221,18.98782],[-98.22154,18.9877],[-98.22127,18.98767],[-98.22097,18.98768],[-98.22069,18.98773],[-98.22018,18.98784],[-98.21973,18.98795],[-98.2192,18.98817],[-98.21882,18.98829],[-98.2189,18.98839],[-98.21876,18.98864],[-98.21747,18.99084],[-98.21769,18.99119],[-98.21736,18.99186],[-98.21877,18.9937],[-98.21725,18.99486],[-98.21819,18.99525],[-98.21818,18.99609],[-98.2193,18.99652],[-98.22417,18.99827],[-98.2257,18.99903],[-98.22624,18.99945],[-98.22668,18.99973],[-98.22715,19.00003],[-98.22795,19.0004],[-98.22892,19.00088],[-98.22921,19.00101],[-98.23058,19.00171],[-98.23114,19.00071],[-98.23144,19.00022],[-98.23144,19.00022]]]}},{"type":"Feature","properties":{"cp":72596,"nombre":"CP 72596"},"geometry":{"type":"Polygon","coordinates":[[[-98.09558,18.91292],[-98.09545,18.91319],[-98.09533,18.91354],[-98.09535,18.91374],[-98.09537,18.91395],[-98.0955,18.91418],[-98.09553,18.91424],[-98.09558,18.91432],[-98.09558,18.91435],[-98.09571,18.91483],[-98.0958,18.91499],[-98.09591,18.91505],[-98.09601,18.91512],[-98.09609,18.91531],[-98.09615,18.91553],[-98.09615,18.91571],[-98.09615,18.91581],[-98.09613,18.91606],[-98.09613,18.91612],[-98.09613,18.91622],[-98.09613,18.91637],[-98.09613,18.91637],[-98.09615,18.91638],[-98.0962,18.9164],[-98.09624,18.91642],[-98.0963,18.91646],[-98.09638,18.91656],[-98.09637,18.91673],[-98.09631,18.91678],[-98.09624,18.91684],[-98.09613,18.91696],[-98.09612,18.91699],[-98.09609,18.91707],[-98.09612,18.91716],[-98.09614,18.91722],[-98.09635,18.91733],[-98.09637,18.91734],[-98.09656,18.91742],[-98.09656,18.91742],[-98.09677,18.91752],[-98.09697,18.91769],[-98.09708,18.91783],[-98.09709,18.91784],[-98.0971,18.91787],[-98.09716,18.91798],[-98.09715,18.91811],[-98.09714,18.91834],[-98.09714,18.91842],[-98.09715,18.91846],[-98.09716,18.91849],[-98.09721,18.91855],[-98.09727,18.91858],[-98.09729,18.91859],[-98.09742,18.91859],[-98.09747,18.9186],[-98.09759,18.9186],[-98.09778,18.91864],[-98.09784,18.91865],[-98.09791,18.91867],[-98.09801,18.91871],[-98.09809,18.91876],[-98.09821,18.91885],[-98.09826,18.91893],[-98.09833,18.91903],[-98.09851,18.9191],[-98.09861,18.91916],[-98.09862,18.91916],[-98.09864,18.9192],[-98.09869,18.91928],[-98.09874,18.91934],[-98.09886,18.91938],[-98.09901,18.91941],[-98.09914,18.91944],[-98.09915,18.91945],[-98.09916,18.91945],[-98.09922,18.9195],[-98.0993,18.91957],[-98.09935,18.91962],[-98.09938,18.91965],[-98.0994,18.91967],[-98.09944,18.9197],[-98.09947,18.91972],[-98.09951,18.91972],[-98.09956,18.91973],[-98.09963,18.91975],[-98.09964,18.91975],[-98.09966,18.91977],[-98.0997,18.9198],[-98.09973,18.91985],[-98.09989,18.92001],[-98.10004,18.92015],[-98.10004,18.92016],[-98.10004,18.92016],[-98.10015,18.92027],[-98.10025,18.92038],[-98.10027,18.92039],[-98.10037,18.92046],[-98.10045,18.92048],[-98.10058,18.92047],[-98.10062,18.92047],[-98.10077,18.92043],[-98.10078,18.92043],[-98.1008,18.92042],[-98.10094,18.92039],[-98.101,18.92037],[-98.10107,18.92034],[-98.10117,18.92036],[-98.1012,18.92036],[-98.10136,18.92042],[-98.10142,18.92043],[-98.10149,18.92044],[-98.10158,18.92042],[-98.10163,18.92045],[-98.10165,18.92046],[-98.1017,18.9206],[-98.10176,18.92074],[-98.10181,18.9209],[-98.10181,18.92091],[-98.10181,18.92092],[-98.10184,18.92108],[-98.10193,18.92118],[-98.10193,18.92118],[-98.10202,18.92118],[-98.1022,18.92115],[-98.10236,18.92113],[-98.10247,18.92114],[-98.10261,18.92116],[-98.10294,18.92114],[-98.10294,18.92114],[-98.10321,18.92114],[-98.10342,18.92109],[-98.10351,18.92107],[-98.10365,18.92117],[-98.10372,18.92122],[-98.10409,18.92155],[-98.10422,18.92167],[-98.10423,18.92168],[-98.10423,18.92168],[-98.10427,18.92169],[-98.10437,18.92172],[-98.10446,18.92173],[-98.10451,18.92173],[-98.10458,18.92179],[-98.10466,18.9219],[-98.10466,18.9219],[-98.10474,18.92204],[-98.1048,18.92213],[-98.10484,18.92219],[-98.10484,18.92219],[-98.10487,18.92222],[-98.10502,18.92235],[-98.10518,18.92247],[-98.10528,18.92255],[-98.10532,18.92259],[-98.10549,18.92275],[-98.1056,18.92285],[-98.10565,18.92289],[-98.10585,18.92304],[-98.10593,18.92313],[-98.10607,18.92329],[-98.10622,18.92339],[-98.10642,18.92356],[-98.10657,18.92372],[-98.10679,18.92395],[-98.10697,18.924],[-98.10728,18.92413],[-98.10734,18.92417],[-98.1075,18.92427],[-98.1076,18.92432],[-98.10768,18.92436],[-98.10769,18.92436],[-98.10781,18.92433],[-98.10794,18.92432],[-98.10808,18.92442],[-98.10812,18.92448],[-98.10817,18.92455],[-98.10836,18.92467],[-98.10848,18.92475],[-98.1088,18.92491],[-98.10897,18.925],[-98.10916,18.92499],[-98.1093,18.925],[-98.10942,18.92499],[-98.10962,18.925],[-98.1098,18.925],[-98.11024,18.925],[-98.11052,18.92501],[-98.1115,18.92573],[-98.1115,18.92573],[-98.11132,18.92595],[-98.11095,18.92641],[-98.11094,18.92645],[-98.11091,18.92676],[-98.11091,18.92676],[-98.11089,18.92695],[-98.11088,18.92711],[-98.11079,18.92791],[-98.11119,18.92793],[-98.11145,18.92795],[-98.11154,18.92797],[-98.11167,18.92797],[-98.11177,18.92797],[-98.11283,18.92803],[-98.11313,18.92805],[-98.11405,18.92812],[-98.11494,18.92818],[-98.11523,18.92896],[-98.11529,18.92912],[-98.11534,18.92927],[-98.11565,18.93019],[-98.11573,18.93041],[-98.11592,18.93095],[-98.11594,18.93102],[-98.11596,18.93106],[-98.11605,18.93136],[-98.11608,18.93157],[-98.11601,18.93198],[-98.11597,18.93205],[-98.11551,18.93287],[-98.11549,18.9329],[-98.11532,18.93317],[-98.11504,18.93365],[-98.11493,18.93384],[-98.11453,18.93458],[-98.11398,18.93558],[-98.11398,18.93566],[-98.11396,18.93592],[-98.11396,18.93592],[-98.11389,18.93609],[-98.11397,18.93628],[-98.11446,18.93786],[-98.11462,18.93826],[-98.11478,18.93864],[-98.11491,18.93897],[-98.11505,18.93931],[-98.11522,18.93988],[-98.11547,18.9401],[-98.11548,18.94011],[-98.11557,18.94018],[-98.1165,18.94106],[-98.1168,18.94134],[-98.11768,18.94208],[-98.11789,18.94228],[-98.11881,18.9431],[-98.1193,18.94354],[-98.11959,18.94376],[-98.11968,18.94384],[-98.11969,18.94385],[-98.11978,18.94388],[-98.11987,18.9439],[-98.12001,18.94394],[-98.12177,18.94447],[-98.12267,18.94475],[-98.12303,18.94486],[-98.12325,18.94493],[-98.1235,18.945],[-98.12378,18.94506],[-98.12393,18.94509],[-98.12443,18.94518],[-98.12475,18.94518],[-98.12498,18.94523],[-98.12506,18.94524],[-98.12519,18.94525],[-98.12544,18.94531],[-98.12561,18.94536],[-98.12563,18.94537],[-98.12584,18.94547],[-98.12651,18.94602],[-98.12656,18.94604],[-98.127,18.94625],[-98.1273,18.94629],[-98.12736,18.9463],[-98.12766,18.94647],[-98.12785,18.94675],[-98.12804,18.94706],[-98.12813,18.94722],[-98.12852,18.94733],[-98.12907,18.94749],[-98.12944,18.94759],[-98.12977,18.94769],[-98.12992,18.94784],[-98.13001,18.94818],[-98.13041,18.94832],[-98.13041,18.94832],[-98.13041,18.94832],[-98.13048,18.94839],[-98.13059,18.9485],[-98.1306,18.9485],[-98.13076,18.94856],[-98.13097,18.94862],[-98.13133,18.94876],[-98.13133,18.94876],[-98.13139,18.94887],[-98.13146,18.94901],[-98.13127,18.94918],[-98.13124,18.9492],[-98.13117,18.94924],[-98.13113,18.94927],[-98.13115,18.94941],[-98.13115,18.94942],[-98.13119,18.94945],[-98.13119,18.94945],[-98.13121,18.94947],[-98.13142,18.94962],[-98.13149,18.94969],[-98.13165,18.94984],[-98.13179,18.94993],[-98.13196,18.95005],[-98.13216,18.95018],[-98.13235,18.95026],[-98.13247,18.95035],[-98.13257,18.95041],[-98.13269,18.95048],[-98.13288,18.95059],[-98.13312,18.95071],[-98.13337,18.95084],[-98.13351,18.95087],[-98.13357,18.95089],[-98.13367,18.95089],[-98.13378,18.9509],[-98.13391,18.95096],[-98.13397,18.95112],[-98.13404,18.95112],[-98.13415,18.95112],[-98.13431,18.95097],[-98.13442,18.9508],[-98.13455,18.95071],[-98.13455,18.95071],[-98.13475,18.95069],[-98.13475,18.95069],[-98.1349,18.95089],[-98.13512,18.95131],[-98.13517,18.95151],[-98.13521,18.95163],[-98.13526,18.95179],[-98.13527,18.95185],[-98.13541,18.95218],[-98.13538,18.95246],[-98.13538,18.95246],[-98.13536,18.95247],[-98.13525,18.95252],[-98.13507,18.95265],[-98.13491,18.95278],[-98.13472,18.953],[-98.13467,18.95342],[-98.13465,18.95354],[-98.13469,18.95395],[-98.13479,18.95411],[-98.1349,18.9543],[-98.13505,18.95443],[-98.1351,18.95447],[-98.13529,18.95467],[-98.1354,18.95478],[-98.13551,18.95482],[-98.13565,18.95487],[-98.13565,18.95487],[-98.13565,18.95487],[-98.13581,18.95513],[-98.13596,18.95518],[-98.13599,18.95519],[-98.13623,18.95513],[-98.13636,18.95507],[-98.13646,18.95502],[-98.13654,18.95505],[-98.13658,18.95507],[-98.13658,18.95507],[-98.13661,18.95529],[-98.13649,18.95555],[-98.13644,18.95564],[-98.1364,18.95572],[-98.13633,18.95584],[-98.13621,18.95609],[-98.1362,18.95627],[-98.13614,18.9565],[-98.13614,18.9565],[-98.13614,18.9565],[-98.13601,18.95655],[-98.13601,18.95655],[-98.13601,18.95656],[-98.13581,18.95659],[-98.13562,18.95659],[-98.13552,18.95666],[-98.1355,18.95669],[-98.13544,18.95674],[-98.13541,18.95681],[-98.13541,18.95682],[-98.13541,18.95685],[-98.13546,18.95701],[-98.13547,18.95703],[-98.13553,18.95714],[-98.13555,18.95737],[-98.13555,18.95747],[-98.13555,18.95761],[-98.13559,18.95772],[-98.1356,18.95775],[-98.13572,18.95792],[-98.13578,18.95796],[-98.13583,18.95812],[-98.13583,18.95828],[-98.13594,18.95842],[-98.13599,18.95849],[-98.13608,18.95859],[-98.13626,18.95878],[-98.13626,18.95878],[-98.13627,18.95881],[-98.13634,18.959],[-98.13634,18.95907],[-98.13634,18.95921],[-98.13628,18.95943],[-98.13625,18.95962],[-98.13652,18.95961],[-98.13665,18.95972],[-98.13684,18.96018],[-98.13697,18.96069],[-98.13694,18.96103],[-98.137,18.96142],[-98.1372,18.96207],[-98.13761,18.96255],[-98.13786,18.96284],[-98.13903,18.96368],[-98.13963,18.96422],[-98.14033,18.96452],[-98.14077,18.96468],[-98.14144,18.96497],[-98.14201,18.9654],[-98.14217,18.96548],[-98.14239,18.96549],[-98.14287,18.96522],[-98.1435,18.9649],[-98.1437,18.96465],[-98.1439,18.96367],[-98.14419,18.96266],[-98.14441,18.96238],[-98.14455,18.96226],[-98.14479,18.96216],[-98.1455,18.96204],[-98.1455,18.9607],[-98.14576,18.96018],[-98.14631,18.95997],[-98.14647,18.95939],[-98.14877,18.95785],[-98.14887,18.95775],[-98.14893,18.95764],[-98.14894,18.95756],[-98.14891,18.95747],[-98.1487,18.95719],[-98.14847,18.95673],[-98.14838,18.95635],[-98.14836,18.95563],[-98.14842,18.95542],[-98.14879,18.95458],[-98.14907,18.95422],[-98.14933,18.95373],[-98.14949,18.95362],[-98.15011,18.95339],[-98.15029,18.95331],[-98.15093,18.95257],[-98.15135,18.95293],[-98.15135,18.95293],[-98.15148,18.9528],[-98.15173,18.9526],[-98.15184,18.95242],[-98.15186,18.95215],[-98.15174,18.95151],[-98.15161,18.95114],[-98.15147,18.95097],[-98.15122,18.95076],[-98.15111,18.95062],[-98.15096,18.95012],[-98.15075,18.94948],[-98.15064,18.94898],[-98.15066,18.9488],[-98.15075,18.94846],[-98.15085,18.94804],[-98.15082,18.94773],[-98.15067,18.94752],[-98.15058,18.94732],[-98.15062,18.94718],[-98.15063,18.947],[-98.15046,18.94685],[-98.15045,18.94678],[-98.1505,18.94664],[-98.15071,18.94641],[-98.15082,18.9463],[-98.15083,18.94622],[-98.1508,18.94616],[-98.1507,18.94609],[-98.15063,18.946],[-98.15056,18.94595],[-98.1505,18.94592],[-98.15042,18.94586],[-98.15037,18.94579],[-98.15032,18.94567],[-98.15033,18.94549],[-98.1503,18.94531],[-98.15026,18.94523],[-98.15014,18.94509],[-98.1498,18.94463],[-98.14951,18.94416],[-98.14933,18.94401],[-98.14929,18.94391],[-98.14928,18.94382],[-98.14928,18.94369],[-98.14932,18.94356],[-98.14933,18.94344],[-98.14929,18.94336],[-98.14924,18.94332],[-98.14914,18.94325],[-98.1489,18.9431],[-98.14878,18.94307],[-98.14859,18.94299],[-98.14842,18.94283],[-98.1482,18.94261],[-98.14804,18.94241],[-98.14795,18.94222],[-98.14781,18.94202],[-98.14767,18.94182],[-98.14747,18.94168],[-98.14726,18.94161],[-98.14716,18.94158],[-98.14708,18.94153],[-98.14702,18.94145],[-98.14698,18.94129],[-98.14699,18.9412],[-98.14705,18.9411],[-98.14714,18.9409],[-98.14724,18.94062],[-98.14735,18.94049],[-98.14744,18.94036],[-98.14747,18.94021],[-98.14748,18.94011],[-98.14746,18.94003],[-98.1474,18.93984],[-98.14733,18.93974],[-98.14728,18.93968],[-98.14725,18.93963],[-98.14722,18.93956],[-98.14723,18.9395],[-98.14725,18.93943],[-98.14725,18.93932],[-98.14718,18.9392],[-98.14713,18.93912],[-98.14702,18.93905],[-98.14693,18.93898],[-98.1469,18.93889],[-98.14682,18.93874],[-98.14671,18.93866],[-98.14661,18.93864],[-98.14648,18.93863],[-98.14639,18.93866],[-98.14628,18.9387],[-98.14619,18.93869],[-98.14615,18.93868],[-98.14612,18.93865],[-98.1461,18.9386],[-98.14606,18.93849],[-98.146,18.93813],[-98.14587,18.9379],[-98.14555,18.93759],[-98.14533,18.93748],[-98.1452,18.93729],[-98.1451,18.93695],[-98.14491,18.93652],[-98.14479,18.93623],[-98.14479,18.93608],[-98.14483,18.93596],[-98.14485,18.93587],[-98.14484,18.93582],[-98.14476,18.93575],[-98.14467,18.93563],[-98.14453,18.93546],[-98.14443,18.93541],[-98.14427,18.93536],[-98.14419,18.93535],[-98.14408,18.93533],[-98.144,18.93528],[-98.14393,18.93522],[-98.14378,18.93506],[-98.14372,18.93494],[-98.14369,18.93476],[-98.14368,18.9347],[-98.14363,18.93463],[-98.1436,18.93461],[-98.14355,18.93457],[-98.14351,18.93453],[-98.14348,18.93444],[-98.14345,18.93422],[-98.14355,18.93373],[-98.14357,18.93352],[-98.14351,18.93327],[-98.14328,18.93291],[-98.14313,18.93255],[-98.14306,18.93215],[-98.14309,18.93178],[-98.14317,18.93139],[-98.14332,18.93099],[-98.14362,18.93039],[-98.1438,18.92986],[-98.14402,18.92907],[-98.14429,18.92864],[-98.14451,18.92823],[-98.14467,18.92779],[-98.14473,18.92735],[-98.14467,18.92713],[-98.14454,18.9269],[-98.14444,18.92665],[-98.1444,18.92638],[-98.1444,18.9259],[-98.14435,18.92574],[-98.14435,18.92574],[-98.14421,18.92545],[-98.14399,18.92508],[-98.14356,18.92487],[-98.14305,18.92472],[-98.14305,18.92472],[-98.14252,18.92456],[-98.14198,18.92446],[-98.14172,18.92456],[-98.14152,18.9247],[-98.14123,18.92479],[-98.14093,18.92481],[-98.14073,18.92477],[-98.14041,18.92457],[-98.14019,18.92428],[-98.1396,18.92259],[-98.13861,18.92096],[-98.13768,18.91969],[-98.13706,18.91845],[-98.13671,18.91694],[-98.13663,18.9156],[-98.137,18.91387],[-98.13701,18.91283],[-98.13697,18.91283],[-98.13695,18.91283],[-98.13688,18.91284],[-98.13688,18.91284],[-98.13683,18.91283],[-98.13677,18.91281],[-98.13674,18.91278],[-98.13672,18.91277],[-98.1367,18.91275],[-98.13669,18.91274],[-98.13668,18.91274],[-98.13665,18.91267],[-98.13664,18.9126],[-98.13663,18.91255],[-98.13662,18.91252],[-98.13661,18.91247],[-98.13661,18.91244],[-98.1366,18.91236],[-98.13658,18.91233],[-98.13658,18.91231],[-98.13657,18.91229],[-98.13656,18.91224],[-98.13656,18.91222],[-98.13655,18.9122],[-98.13651,18.91219],[-98.13647,18.91217],[-98.13639,18.9122],[-98.13635,18.91224],[-98.13632,18.91226],[-98.13631,18.91228],[-98.1363,18.91229],[-98.13628,18.91232],[-98.13628,18.91233],[-98.13628,18.91233],[-98.13627,18.91233],[-98.13623,18.91234],[-98.13616,18.91238],[-98.13612,18.91239],[-98.13608,18.91239],[-98.13606,18.91239],[-98.13601,18.91241],[-98.13601,18.91241],[-98.136,18.9124],[-98.13596,18.91238],[-98.13594,18.91235],[-98.13592,18.91234],[-98.13589,18.91231],[-98.13585,18.91227],[-98.13583,18.91226],[-98.13577,18.91223],[-98.13573,18.91221],[-98.13566,18.91215],[-98.13553,18.91218],[-98.1354,18.9122],[-98.13538,18.9122],[-98.13527,18.91218],[-98.13523,18.91215],[-98.1352,18.91213],[-98.13512,18.91206],[-98.13492,18.91186],[-98.13476,18.91174],[-98.13471,18.91168],[-98.13471,18.91168],[-98.1347,18.91168],[-98.13462,18.91155],[-98.13458,18.91147],[-98.13454,18.91139],[-98.13453,18.91134],[-98.13453,18.91133],[-98.13454,18.91131],[-98.13453,18.91128],[-98.13453,18.91126],[-98.13449,18.91117],[-98.13448,18.91115],[-98.13443,18.9111],[-98.13439,18.91105],[-98.13437,18.91101],[-98.13437,18.911],[-98.13437,18.911],[-98.13436,18.91095],[-98.13436,18.91089],[-98.13437,18.91083],[-98.13438,18.91077],[-98.13439,18.9107],[-98.13441,18.91061],[-98.13442,18.91058],[-98.13443,18.91054],[-98.13444,18.91053],[-98.13445,18.91052],[-98.13448,18.91044],[-98.1345,18.91036],[-98.13453,18.91028],[-98.13458,18.91023],[-98.13463,18.91018],[-98.13465,18.91018],[-98.13469,18.91016],[-98.13472,18.91011],[-98.13475,18.91007],[-98.13477,18.91005],[-98.13478,18.91003],[-98.13477,18.90999],[-98.13477,18.90996],[-98.13468,18.90999],[-98.13461,18.91002],[-98.13457,18.91003],[-98.13456,18.91004],[-98.1345,18.91006],[-98.13448,18.91007],[-98.13441,18.9101],[-98.13434,18.91013],[-98.13431,18.91015],[-98.13427,18.91019],[-98.13423,18.91022],[-98.13419,18.91025],[-98.13415,18.91031],[-98.13409,18.91037],[-98.13405,18.91037],[-98.134,18.91037],[-98.13398,18.91036],[-98.13398,18.91036],[-98.13397,18.91035],[-98.13392,18.91032],[-98.13388,18.91028],[-98.13369,18.91003],[-98.13366,18.90998],[-98.13363,18.90994],[-98.13358,18.90987],[-98.13356,18.90984],[-98.13355,18.90981],[-98.13349,18.90964],[-98.13349,18.90964],[-98.13348,18.90963],[-98.13348,18.90963],[-98.13348,18.90963],[-98.13345,18.90963],[-98.13346,18.90965],[-98.13346,18.90966],[-98.13347,18.90972],[-98.13347,18.90978],[-98.13348,18.90985],[-98.1335,18.9099],[-98.13351,18.90994],[-98.13351,18.90995],[-98.13352,18.91002],[-98.13352,18.91006],[-98.13353,18.91022],[-98.13357,18.91032],[-98.13357,18.9104],[-98.13363,18.91048],[-98.13364,18.91052],[-98.13367,18.91059],[-98.13368,18.91061],[-98.13369,18.91067],[-98.1337,18.91074],[-98.1337,18.91074],[-98.13371,18.91081],[-98.13371,18.91093],[-98.13372,18.91108],[-98.13372,18.91109],[-98.13371,18.91114],[-98.13371,18.91115],[-98.13371,18.91119],[-98.13374,18.91121],[-98.13374,18.91123],[-98.13375,18.91124],[-98.13377,18.91126],[-98.13377,18.91126],[-98.13375,18.91134],[-98.13377,18.91143],[-98.13378,18.91144],[-98.1338,18.91146],[-98.1338,18.91148],[-98.1338,18.9115],[-98.13379,18.91155],[-98.13378,18.91157],[-98.13377,18.91159],[-98.13377,18.9116],[-98.13377,18.91161],[-98.13378,18.91163],[-98.13378,18.91164],[-98.13381,18.91168],[-98.13381,18.91168],[-98.13381,18.91169],[-98.13381,18.91178],[-98.13385,18.91188],[-98.13384,18.91202],[-98.13384,18.91204],[-98.13384,18.91205],[-98.13384,18.91214],[-98.13384,18.91217],[-98.13385,18.9122],[-98.13385,18.9122],[-98.13385,18.91221],[-98.13387,18.91223],[-98.13389,18.91232],[-98.1339,18.91234],[-98.1339,18.91235],[-98.13391,18.91236],[-98.13392,18.91237],[-98.13392,18.91239],[-98.13393,18.91241],[-98.13393,18.91243],[-98.13393,18.91245],[-98.13393,18.91249],[-98.13393,18.9125],[-98.13391,18.91255],[-98.13392,18.9126],[-98.13391,18.91265],[-98.13391,18.91268],[-98.13391,18.91272],[-98.13391,18.91273],[-98.13391,18.91273],[-98.13391,18.91273],[-98.13389,18.91276],[-98.13389,18.91277],[-98.13389,18.91282],[-98.13387,18.91287],[-98.13388,18.91297],[-98.13388,18.91299],[-98.13388,18.91304],[-98.13389,18.91309],[-98.1339,18.91312],[-98.13391,18.91315],[-98.13395,18.91322],[-98.13398,18.91328],[-98.13399,18.91329],[-98.134,18.9133],[-98.13403,18.91333],[-98.13408,18.91338],[-98.13411,18.91339],[-98.13413,18.91339],[-98.13414,18.9134],[-98.13416,18.91342],[-98.13419,18.91346],[-98.13421,18.91348],[-98.13423,18.91349],[-98.13425,18.91352],[-98.13426,18.91353],[-98.13426,18.91353],[-98.13428,18.91357],[-98.13428,18.91361],[-98.13428,18.91364],[-98.13428,18.91367],[-98.13427,18.91369],[-98.13427,18.91369],[-98.13427,18.91369],[-98.13426,18.91371],[-98.13426,18.91371],[-98.13424,18.91373],[-98.13424,18.91373],[-98.13424,18.91373],[-98.13422,18.91378],[-98.13422,18.91378],[-98.13422,18.9138],[-98.13422,18.9138],[-98.13419,18.91382],[-98.13421,18.91387],[-98.1342,18.91391],[-98.13414,18.91398],[-98.13404,18.91404],[-98.13396,18.91409],[-98.13392,18.91412],[-98.13392,18.91412],[-98.13387,18.91412],[-98.13383,18.91412],[-98.13378,18.91411],[-98.13378,18.91411],[-98.13375,18.91411],[-98.13373,18.91411],[-98.13371,18.9141],[-98.13367,18.9141],[-98.13366,18.9141],[-98.13364,18.9141],[-98.13361,18.91411],[-98.13358,18.91411],[-98.13355,18.91412],[-98.13352,18.91413],[-98.13352,18.91413],[-98.13352,18.91413],[-98.13352,18.91413],[-98.13349,18.91413],[-98.13345,18.91413],[-98.13345,18.91412],[-98.13341,18.91412],[-98.13341,18.91412],[-98.13341,18.91412],[-98.1334,18.91412],[-98.13336,18.9141],[-98.13336,18.9141],[-98.13336,18.91409],[-98.13333,18.91408],[-98.13329,18.91408],[-98.13327,18.91408],[-98.13326,18.91408],[-98.13326,18.91408],[-98.13321,18.91408],[-98.13316,18.91409],[-98.13311,18.91411],[-98.13308,18.91412],[-98.13305,18.91413],[-98.13302,18.91414],[-98.133,18.91413],[-98.13299,18.91413],[-98.13299,18.91413],[-98.13295,18.91411],[-98.13286,18.9141],[-98.1328,18.91411],[-98.13274,18.91412],[-98.13272,18.91413],[-98.13271,18.91413],[-98.13269,18.91414],[-98.13268,18.91414],[-98.13265,18.91415],[-98.13265,18.91415],[-98.13264,18.91415],[-98.1326,18.91415],[-98.13253,18.91414],[-98.13249,18.91413],[-98.13249,18.91413],[-98.13249,18.91413],[-98.13245,18.91412],[-98.13239,18.91412],[-98.13239,18.91412],[-98.13237,18.91413],[-98.13232,18.91415],[-98.13232,18.91415],[-98.13226,18.91422],[-98.13221,18.91427],[-98.13216,18.9143],[-98.13214,18.91431],[-98.13213,18.91431],[-98.13212,18.91431],[-98.13209,18.91432],[-98.13209,18.91432],[-98.13206,18.91435],[-98.13202,18.91437],[-98.13201,18.91438],[-98.13199,18.91439],[-98.13196,18.91441],[-98.13191,18.91444],[-98.13191,18.91444],[-98.13191,18.91445],[-98.13187,18.91444],[-98.13181,18.91445],[-98.13176,18.91442],[-98.13175,18.91442],[-98.13172,18.9144],[-98.1317,18.91436],[-98.1317,18.91435],[-98.1317,18.91435],[-98.13168,18.9143],[-98.13169,18.91426],[-98.13169,18.91423],[-98.13169,18.91421],[-98.1317,18.91417],[-98.1317,18.91412],[-98.13172,18.91407],[-98.13175,18.91399],[-98.13177,18.91394],[-98.13177,18.91392],[-98.13178,18.9139],[-98.13179,18.91388],[-98.1318,18.91386],[-98.13181,18.91384],[-98.13183,18.91381],[-98.13187,18.91376],[-98.13192,18.91369],[-98.13197,18.91361],[-98.13202,18.91353],[-98.13207,18.91346],[-98.13211,18.91338],[-98.13213,18.91332],[-98.13214,18.91326],[-98.13214,18.91324],[-98.13213,18.91323],[-98.13213,18.9132],[-98.13213,18.91319],[-98.13213,18.91318],[-98.13213,18.91311],[-98.13213,18.91307],[-98.13213,18.91306],[-98.13213,18.91303],[-98.13212,18.91302],[-98.13211,18.91303],[-98.13209,18.91304],[-98.13209,18.91304],[-98.13208,18.91305],[-98.13207,18.91305],[-98.13206,18.91305],[-98.13204,18.91305],[-98.13201,18.91304],[-98.13201,18.91304],[-98.13195,18.91305],[-98.13192,18.91306],[-98.13192,18.91306],[-98.13191,18.91306],[-98.1319,18.91306],[-98.13187,18.91309],[-98.13185,18.91309],[-98.13184,18.91309],[-98.13182,18.91309],[-98.13181,18.91308],[-98.1318,18.91308],[-98.13178,18.91306],[-98.13176,18.91304],[-98.13176,18.91304],[-98.13175,18.91303],[-98.13172,18.913],[-98.13166,18.91293],[-98.13166,18.91292],[-98.13166,18.91292],[-98.13166,18.91292],[-98.13164,18.91287],[-98.13165,18.91285],[-98.13165,18.91282],[-98.13164,18.9128],[-98.13163,18.91279],[-98.13161,18.91275],[-98.1316,18.91273],[-98.1316,18.91272],[-98.13159,18.9127],[-98.13155,18.91266],[-98.13155,18.91271],[-98.13155,18.91275],[-98.13154,18.91278],[-98.13152,18.91282],[-98.13151,18.91285],[-98.13151,18.91286],[-98.13148,18.9129],[-98.13147,18.91291],[-98.13147,18.91292],[-98.13143,18.91295],[-98.13139,18.91298],[-98.13138,18.91299],[-98.13136,18.913],[-98.13136,18.913],[-98.13134,18.91302],[-98.13133,18.91303],[-98.13132,18.91303],[-98.13129,18.91307],[-98.13126,18.91308],[-98.13126,18.91309],[-98.13126,18.91309],[-98.13123,18.9131],[-98.13121,18.91311],[-98.13119,18.91312],[-98.13114,18.91315],[-98.13112,18.91315],[-98.13108,18.91316],[-98.131,18.91316],[-98.13096,18.91313],[-98.13095,18.91312],[-98.13093,18.91311],[-98.13089,18.9131],[-98.13086,18.91311],[-98.13086,18.91311],[-98.13086,18.91311],[-98.13083,18.91313],[-98.13081,18.91315],[-98.13081,18.91315],[-98.13079,18.91316],[-98.13078,18.91317],[-98.13078,18.91317],[-98.13078,18.91317],[-98.13071,18.91319],[-98.13065,18.91319],[-98.13064,18.91319],[-98.13063,18.91319],[-98.1306,18.91319],[-98.13058,18.91319],[-98.13056,18.91318],[-98.13054,18.91317],[-98.13052,18.91316],[-98.13052,18.91316],[-98.13052,18.91316],[-98.13049,18.91314],[-98.13045,18.9131],[-98.13042,18.91307],[-98.13039,18.91302],[-98.13037,18.91299],[-98.13035,18.91296],[-98.13035,18.91296],[-98.13034,18.91293],[-98.13032,18.9129],[-98.13031,18.91288],[-98.13028,18.91286],[-98.13027,18.91285],[-98.13022,18.91282],[-98.13019,18.91278],[-98.13019,18.91278],[-98.13018,18.91276],[-98.13018,18.91274],[-98.13017,18.91272],[-98.13016,18.91269],[-98.13015,18.91266],[-98.13015,18.91262],[-98.13015,18.91261],[-98.13015,18.91259],[-98.13013,18.91258],[-98.13012,18.91261],[-98.13012,18.91261],[-98.13011,18.91262],[-98.13008,18.91263],[-98.13008,18.91263],[-98.13005,18.91265],[-98.13004,18.91267],[-98.13003,18.91269],[-98.13002,18.91269],[-98.13001,18.9127],[-98.13,18.91271],[-98.12999,18.91273],[-98.12999,18.91273],[-98.12999,18.9128],[-98.12999,18.9128],[-98.12999,18.91282],[-98.12999,18.91285],[-98.12998,18.91286],[-98.12997,18.91286],[-98.12997,18.91287],[-98.12997,18.91289],[-98.12998,18.91292],[-98.12998,18.91293],[-98.12999,18.91294],[-98.12999,18.91294],[-98.12999,18.91297],[-98.12999,18.91297],[-98.12999,18.91297],[-98.12999,18.91298],[-98.12996,18.91303],[-98.12996,18.91303],[-98.12994,18.91304],[-98.12993,18.91304],[-98.12988,18.91306],[-98.12983,18.91306],[-98.1298,18.91306],[-98.12979,18.91307],[-98.12978,18.91307],[-98.12977,18.91308],[-98.1297,18.91317],[-98.12969,18.9132],[-98.12966,18.91324],[-98.12966,18.91324],[-98.12965,18.91324],[-98.1296,18.9133],[-98.12954,18.91334],[-98.12944,18.91338],[-98.12944,18.91338],[-98.12938,18.91338],[-98.12934,18.91338],[-98.12933,18.91338],[-98.12931,18.91339],[-98.12928,18.91341],[-98.12928,18.91341],[-98.12927,18.91342],[-98.12925,18.91345],[-98.12918,18.91353],[-98.12911,18.91361],[-98.12901,18.9137],[-98.12896,18.91375],[-98.12887,18.9138],[-98.1288,18.91382],[-98.12876,18.91383],[-98.12876,18.91383],[-98.12868,18.91384],[-98.12865,18.91383],[-98.12862,18.91384],[-98.12861,18.91384],[-98.12858,18.91386],[-98.12858,18.91386],[-98.12858,18.91386],[-98.12851,18.91385],[-98.12847,18.91386],[-98.12846,18.91386],[-98.12844,18.91387],[-98.12841,18.91388],[-98.12834,18.91388],[-98.12833,18.91388],[-98.12828,18.91387],[-98.12824,18.9139],[-98.12821,18.91395],[-98.12818,18.91398],[-98.12813,18.91399],[-98.12813,18.91399],[-98.12811,18.91399],[-98.12807,18.91398],[-98.12805,18.91397],[-98.12805,18.91397],[-98.12801,18.91394],[-98.12798,18.91392],[-98.12794,18.91391],[-98.1279,18.9139],[-98.12786,18.91389],[-98.12782,18.91389],[-98.12775,18.91387],[-98.12771,18.91385],[-98.1277,18.91385],[-98.12768,18.91385],[-98.12765,18.91385],[-98.12762,18.91385],[-98.12758,18.91386],[-98.12753,18.91386],[-98.12746,18.91386],[-98.12741,18.91385],[-98.12738,18.91385],[-98.12737,18.91385],[-98.12735,18.91385],[-98.12729,18.91384],[-98.12728,18.91384],[-98.12722,18.91384],[-98.12718,18.91384],[-98.12714,18.91381],[-98.12712,18.9138],[-98.1271,18.91379],[-98.12707,18.91377],[-98.12706,18.91376],[-98.12702,18.91374],[-98.12702,18.91374],[-98.12699,18.91372],[-98.12696,18.91371],[-98.12691,18.91369],[-98.12679,18.91364],[-98.12678,18.91364],[-98.12673,18.91361],[-98.1267,18.9136],[-98.12667,18.91358],[-98.12664,18.91356],[-98.12661,18.91348],[-98.1266,18.91347],[-98.12659,18.91343],[-98.12653,18.91335],[-98.12647,18.91328],[-98.12643,18.91322],[-98.12642,18.91321],[-98.12639,18.91315],[-98.12638,18.91312],[-98.12638,18.91311],[-98.12638,18.91309],[-98.12633,18.91304],[-98.12632,18.91303],[-98.1263,18.91298],[-98.1263,18.91298],[-98.1263,18.91298],[-98.12629,18.91288],[-98.12627,18.91284],[-98.12624,18.91277],[-98.12624,18.91274],[-98.12624,18.91272],[-98.12624,18.91269],[-98.12623,18.91268],[-98.12621,18.91265],[-98.1262,18.91263],[-98.12622,18.91255],[-98.12623,18.91251],[-98.12625,18.91249],[-98.12625,18.91249],[-98.12627,18.91247],[-98.12627,18.91246],[-98.12628,18.91245],[-98.12628,18.91244],[-98.12628,18.91244],[-98.12628,18.91242],[-98.12627,18.9124],[-98.12626,18.91239],[-98.12624,18.91236],[-98.12624,18.91235],[-98.12623,18.91233],[-98.12623,18.91233],[-98.12624,18.91228],[-98.12625,18.91223],[-98.12628,18.91208],[-98.12629,18.91205],[-98.12629,18.91205],[-98.12629,18.91204],[-98.1263,18.91203],[-98.1263,18.912],[-98.1263,18.91198],[-98.12631,18.91197],[-98.12631,18.91196],[-98.12631,18.91196],[-98.12632,18.91194],[-98.12632,18.91193],[-98.12632,18.91192],[-98.12631,18.9119],[-98.12631,18.9119],[-98.1263,18.91189],[-98.1263,18.91189],[-98.1263,18.91189],[-98.12628,18.91186],[-98.12628,18.91186],[-98.12628,18.91186],[-98.12628,18.91186],[-98.12629,18.91184],[-98.12629,18.9118],[-98.12629,18.9118],[-98.12629,18.9118],[-98.12629,18.9118],[-98.12631,18.91177],[-98.12631,18.91177],[-98.12633,18.91176],[-98.12634,18.91176],[-98.12635,18.91176],[-98.12636,18.9117],[-98.12637,18.91168],[-98.12637,18.91168],[-98.12638,18.91168],[-98.12646,18.91157],[-98.1265,18.91153],[-98.12653,18.9115],[-98.12659,18.91143],[-98.12661,18.9114],[-98.12662,18.91139],[-98.12665,18.91138],[-98.12666,18.91137],[-98.12669,18.91135],[-98.12673,18.91131],[-98.12676,18.91129],[-98.12676,18.91128],[-98.12677,18.91122],[-98.12679,18.91115],[-98.12683,18.91106],[-98.1269,18.91093],[-98.12691,18.91092],[-98.12691,18.91092],[-98.12694,18.91083],[-98.12702,18.91076],[-98.12702,18.91076],[-98.12704,18.9107],[-98.12707,18.91066],[-98.12708,18.91065],[-98.12706,18.91058],[-98.12706,18.91057],[-98.12703,18.91047],[-98.12703,18.91037],[-98.12703,18.91025],[-98.12702,18.91019],[-98.12702,18.91017],[-98.12702,18.91008],[-98.12704,18.91003],[-98.12704,18.91002],[-98.12706,18.90997],[-98.12708,18.90994],[-98.12709,18.90992],[-98.12709,18.90992],[-98.12709,18.90992],[-98.12712,18.90989],[-98.12715,18.90986],[-98.12717,18.90982],[-98.12717,18.90979],[-98.12716,18.90979],[-98.12714,18.90983],[-98.12713,18.90985],[-98.12712,18.90986],[-98.1271,18.90988],[-98.12709,18.90989],[-98.12703,18.90992],[-98.12701,18.90995],[-98.12699,18.90998],[-98.12698,18.91],[-98.12696,18.91006],[-98.12695,18.91007],[-98.12695,18.91012],[-98.12693,18.91016],[-98.12691,18.91016],[-98.12687,18.91017],[-98.12684,18.91014],[-98.12681,18.91012],[-98.12673,18.91013],[-98.12662,18.91018],[-98.12658,18.91021],[-98.12657,18.91022],[-98.12657,18.91022],[-98.12653,18.91023],[-98.12645,18.91025],[-98.1264,18.91023],[-98.1264,18.91023],[-98.12629,18.91022],[-98.12629,18.91021],[-98.12625,18.9102],[-98.12621,18.91019],[-98.12619,18.91018],[-98.12616,18.91016],[-98.12615,18.9102],[-98.12612,18.9102],[-98.12612,18.9102],[-98.12612,18.91019],[-98.12611,18.91016],[-98.12609,18.91013],[-98.12609,18.91013],[-98.12606,18.9101],[-98.12604,18.91009],[-98.12603,18.91009],[-98.12602,18.91011],[-98.12602,18.91012],[-98.12603,18.91014],[-98.12603,18.91017],[-98.126,18.91021],[-98.12596,18.91023],[-98.12593,18.91026],[-98.12592,18.91026],[-98.12592,18.91026],[-98.12588,18.91028],[-98.12581,18.9103],[-98.12576,18.9103],[-98.12574,18.9103],[-98.12569,18.91029],[-98.12566,18.91029],[-98.12565,18.91029],[-98.12563,18.9103],[-98.12561,18.9103],[-98.12554,18.91033],[-98.12552,18.91035],[-98.12549,18.91037],[-98.12544,18.9104],[-98.12541,18.91042],[-98.12537,18.91041],[-98.12535,18.91043],[-98.12534,18.91044],[-98.12532,18.91045],[-98.12531,18.91046],[-98.12529,18.91047],[-98.12528,18.91047],[-98.12524,18.91047],[-98.12522,18.91047],[-98.1252,18.91048],[-98.12519,18.91048],[-98.12515,18.9105],[-98.12513,18.91051],[-98.12508,18.91054],[-98.12504,18.91056],[-98.12503,18.91056],[-98.125,18.91057],[-98.12496,18.91057],[-98.12492,18.91056],[-98.1249,18.91056],[-98.12487,18.91055],[-98.12482,18.91053],[-98.12475,18.91052],[-98.12463,18.91052],[-98.12461,18.91052],[-98.12461,18.91052],[-98.12453,18.91052],[-98.12449,18.91053],[-98.12447,18.91054],[-98.1244,18.91055],[-98.12434,18.91054],[-98.12432,18.91054],[-98.12427,18.91054],[-98.12418,18.91053],[-98.12406,18.91053],[-98.12402,18.91053],[-98.12392,18.91053],[-98.12386,18.91053],[-98.12383,18.91053],[-98.12377,18.91051],[-98.12374,18.9105],[-98.12363,18.91043],[-98.12356,18.91039],[-98.12345,18.91032],[-98.12342,18.9103],[-98.12326,18.91019],[-98.12325,18.91018],[-98.12307,18.91],[-98.123,18.90993],[-98.12296,18.9099],[-98.12293,18.90987],[-98.12287,18.90983],[-98.1228,18.90979],[-98.12276,18.90975],[-98.12275,18.90974],[-98.12272,18.90971],[-98.1227,18.90968],[-98.12268,18.90966],[-98.12265,18.90964],[-98.12264,18.90961],[-98.12262,18.90959],[-98.12259,18.90955],[-98.12258,18.90955],[-98.12254,18.90953],[-98.12254,18.90952],[-98.12251,18.90949],[-98.12251,18.90947],[-98.1225,18.90945],[-98.12248,18.90943],[-98.12247,18.90942],[-98.12244,18.90939],[-98.12242,18.90938],[-98.12239,18.90935],[-98.12235,18.90932],[-98.12223,18.9092],[-98.12221,18.90918],[-98.12219,18.90916],[-98.12215,18.90913],[-98.12213,18.90911],[-98.12213,18.9091],[-98.12213,18.9091],[-98.12205,18.90908],[-98.12202,18.90904],[-98.12197,18.9089],[-98.12192,18.90885],[-98.12189,18.90881],[-98.12185,18.90874],[-98.1218,18.90867],[-98.1218,18.90867],[-98.12175,18.90852],[-98.12176,18.90848],[-98.12176,18.90846],[-98.12175,18.90842],[-98.12174,18.90839],[-98.12173,18.9083],[-98.12174,18.90825],[-98.12176,18.90822],[-98.12177,18.90819],[-98.12181,18.90808],[-98.12181,18.90808],[-98.12185,18.90803],[-98.12188,18.90799],[-98.12189,18.90794],[-98.12193,18.90786],[-98.12194,18.90782],[-98.12195,18.90781],[-98.12197,18.90779],[-98.12197,18.90778],[-98.12199,18.90777],[-98.12199,18.90774],[-98.12199,18.90774],[-98.12199,18.90774],[-98.12201,18.90773],[-98.12201,18.90773],[-98.12205,18.90772],[-98.12206,18.90772],[-98.12207,18.90772],[-98.12209,18.9077],[-98.1221,18.9077],[-98.1221,18.90768],[-98.12208,18.90768],[-98.12205,18.90766],[-98.122,18.90766],[-98.12199,18.90766],[-98.12194,18.90765],[-98.12192,18.90765],[-98.1219,18.90764],[-98.12189,18.90762],[-98.12188,18.90761],[-98.12187,18.9076],[-98.12185,18.90759],[-98.12183,18.90758],[-98.12181,18.90756],[-98.12179,18.90754],[-98.12175,18.90753],[-98.12172,18.90751],[-98.1217,18.90749],[-98.12168,18.90748],[-98.12167,18.90747],[-98.12159,18.9074],[-98.12157,18.90738],[-98.12156,18.90737],[-98.12153,18.90734],[-98.12151,18.90731],[-98.12149,18.90729],[-98.12148,18.90728],[-98.12146,18.90724],[-98.12144,18.90721],[-98.12142,18.90716],[-98.1214,18.90713],[-98.12139,18.90708],[-98.12139,18.90707],[-98.12138,18.90704],[-98.12138,18.90699],[-98.12138,18.90697],[-98.12139,18.90696],[-98.1214,18.90692],[-98.12141,18.90689],[-98.12141,18.90687],[-98.12142,18.90685],[-98.12142,18.90683],[-98.12145,18.9068],[-98.12145,18.9068],[-98.12149,18.90678],[-98.12152,18.90674],[-98.12152,18.90674],[-98.12153,18.90671],[-98.12155,18.90664],[-98.12156,18.90663],[-98.12157,18.90662],[-98.12159,18.9066],[-98.12161,18.90658],[-98.12162,18.90656],[-98.12164,18.90654],[-98.12166,18.90653],[-98.12167,18.90653],[-98.1217,18.90652],[-98.1217,18.90652],[-98.12171,18.90648],[-98.12171,18.90644],[-98.12171,18.90644],[-98.12171,18.90643],[-98.1217,18.90637],[-98.12173,18.90631],[-98.12174,18.9063],[-98.12175,18.90627],[-98.12177,18.90623],[-98.12179,18.9062],[-98.1218,18.90619],[-98.1218,18.9061],[-98.12181,18.90604],[-98.12181,18.90601],[-98.12182,18.90598],[-98.12183,18.90594],[-98.12184,18.90589],[-98.12187,18.90586],[-98.1219,18.90584],[-98.12191,18.90583],[-98.12192,18.90582],[-98.12193,18.90579],[-98.12194,18.90576],[-98.12196,18.9057],[-98.12199,18.90565],[-98.12202,18.90561],[-98.12202,18.90561],[-98.12203,18.90557],[-98.12204,18.90556],[-98.12205,18.90554],[-98.12206,18.90551],[-98.12206,18.9055],[-98.12212,18.90546],[-98.12215,18.90539],[-98.12217,18.90537],[-98.1222,18.90534],[-98.12221,18.90531],[-98.12223,18.90528],[-98.12226,18.90526],[-98.12226,18.90526],[-98.12226,18.90526],[-98.12229,18.90522],[-98.12229,18.90521],[-98.12231,18.90518],[-98.12232,18.90513],[-98.12233,18.9051],[-98.12234,18.90507],[-98.12234,18.90506],[-98.12235,18.90505],[-98.12236,18.90503],[-98.12237,18.905],[-98.12238,18.90498],[-98.12238,18.90497],[-98.1224,18.90494],[-98.12242,18.90492],[-98.12248,18.90484],[-98.12248,18.90484],[-98.12248,18.90484],[-98.12251,18.90481],[-98.12254,18.90478],[-98.12255,18.90477],[-98.12256,18.90474],[-98.12258,18.90472],[-98.12265,18.9047],[-98.12267,18.90469],[-98.12268,18.90469],[-98.12271,18.90466],[-98.12273,18.90463],[-98.12274,18.90462],[-98.12276,18.9046],[-98.12277,18.90458],[-98.12281,18.90457],[-98.12283,18.90455],[-98.12286,18.90453],[-98.12288,18.90452],[-98.1229,18.9045],[-98.12291,18.90449],[-98.12294,18.90446],[-98.12294,18.90446],[-98.12296,18.90444],[-98.12298,18.90442],[-98.123,18.9044],[-98.12302,18.90438],[-98.12303,18.90438],[-98.12305,18.90435],[-98.12307,18.90434],[-98.12307,18.90434],[-98.12311,18.90431],[-98.12311,18.90431],[-98.12313,18.90429],[-98.12314,18.90428],[-98.12315,18.90428],[-98.12318,18.90425],[-98.12319,18.90424],[-98.12319,18.90424],[-98.12323,18.90424],[-98.12325,18.90424],[-98.12326,18.90424],[-98.12328,18.90424],[-98.12332,18.90422],[-98.12333,18.90421],[-98.12333,18.90421],[-98.12334,18.9042],[-98.12336,18.9042],[-98.12337,18.90419],[-98.12339,18.90417],[-98.12341,18.90414],[-98.12342,18.90413],[-98.12343,18.90412],[-98.12344,18.90411],[-98.12345,18.90409],[-98.12346,18.90401],[-98.12346,18.90399],[-98.12346,18.90399],[-98.12347,18.90399],[-98.12348,18.90398],[-98.1235,18.90395],[-98.12352,18.90394],[-98.12354,18.90393],[-98.12356,18.90392],[-98.12358,18.90392],[-98.12359,18.90392],[-98.12363,18.90389],[-98.12363,18.90388],[-98.12366,18.90386],[-98.12371,18.90383],[-98.12373,18.90382],[-98.12374,18.90382],[-98.12377,18.90379],[-98.12378,18.90378],[-98.12378,18.90378],[-98.12381,18.90376],[-98.12383,18.90375],[-98.12384,18.90374],[-98.12387,18.90372],[-98.1239,18.90371],[-98.12391,18.9037],[-98.12395,18.90367],[-98.12396,18.90366],[-98.12396,18.90366],[-98.12397,18.90365],[-98.12398,18.90365],[-98.124,18.90362],[-98.12402,18.9036],[-98.12402,18.9036],[-98.12402,18.9036],[-98.12406,18.90357],[-98.12406,18.90357],[-98.1241,18.90357],[-98.1241,18.90357],[-98.1241,18.90357],[-98.12413,18.90356],[-98.12416,18.90356],[-98.12419,18.90355],[-98.1242,18.90355],[-98.12422,18.90355],[-98.12423,18.90355],[-98.12426,18.90354],[-98.12427,18.90354],[-98.12431,18.90351],[-98.12433,18.9035],[-98.12433,18.90349],[-98.12438,18.90345],[-98.12441,18.90343],[-98.12441,18.90343],[-98.12443,18.90342],[-98.12444,18.90342],[-98.12446,18.9034],[-98.12447,18.90339],[-98.12455,18.90337],[-98.12456,18.90337],[-98.12457,18.90336],[-98.12461,18.90335],[-98.12463,18.90335],[-98.12465,18.90334],[-98.12468,18.90332],[-98.1247,18.90331],[-98.12473,18.90329],[-98.12477,18.90328],[-98.12488,18.90318],[-98.12489,18.90317],[-98.1249,18.90316],[-98.12493,18.90314],[-98.12493,18.90313],[-98.12495,18.90312],[-98.12495,18.90309],[-98.12489,18.90313],[-98.12489,18.90313],[-98.12485,18.90316],[-98.12484,18.90316],[-98.12482,18.90318],[-98.12482,18.90318],[-98.12478,18.9032],[-98.12475,18.90323],[-98.12473,18.90324],[-98.12469,18.90326],[-98.12468,18.90328],[-98.12462,18.9033],[-98.12461,18.90331],[-98.1246,18.90331],[-98.12459,18.90332],[-98.12456,18.90331],[-98.12456,18.90331],[-98.12456,18.9033],[-98.12456,18.90328],[-98.12456,18.90327],[-98.12457,18.90326],[-98.12458,18.90324],[-98.12458,18.90323],[-98.12461,18.9032],[-98.12464,18.90317],[-98.12467,18.90314],[-98.12469,18.90313],[-98.12469,18.90312],[-98.12472,18.90308],[-98.12476,18.90304],[-98.12477,18.90303],[-98.12479,18.90301],[-98.1248,18.90299],[-98.1248,18.90298],[-98.12483,18.90296],[-98.12486,18.90293],[-98.12489,18.9029],[-98.1249,18.90289],[-98.12491,18.90289],[-98.12492,18.90287],[-98.12493,18.90285],[-98.12494,18.90284],[-98.12494,18.90284],[-98.12495,18.90283],[-98.12496,18.90282],[-98.12497,18.90281],[-98.12498,18.90281],[-98.125,18.90277],[-98.125,18.90277],[-98.125,18.90277],[-98.12502,18.90273],[-98.12502,18.90273],[-98.12503,18.90273],[-98.12504,18.90271],[-98.12504,18.9027],[-98.12504,18.9027],[-98.12504,18.90269],[-98.12505,18.90267],[-98.12507,18.90265],[-98.12507,18.90265],[-98.12507,18.90259],[-98.12505,18.90257],[-98.12504,18.90256],[-98.12501,18.90259],[-98.12501,18.90259],[-98.12501,18.90259],[-98.12496,18.90262],[-98.12494,18.90265],[-98.12493,18.90266],[-98.12492,18.90267],[-98.12489,18.9027],[-98.12486,18.90273],[-98.12485,18.90274],[-98.12483,18.90275],[-98.12481,18.90277],[-98.12478,18.90279],[-98.12477,18.90281],[-98.12477,18.90282],[-98.12475,18.90288],[-98.12475,18.90289],[-98.12475,18.9029],[-98.12475,18.90293],[-98.12475,18.90294],[-98.12474,18.90296],[-98.12472,18.90297],[-98.12471,18.90298],[-98.12463,18.90302],[-98.12457,18.90307],[-98.12456,18.90308],[-98.12452,18.90314],[-98.12447,18.90322],[-98.12443,18.90327],[-98.12439,18.90331],[-98.12437,18.9033],[-98.12433,18.90329],[-98.12427,18.90327],[-98.12423,18.90323],[-98.12419,18.90319],[-98.12419,18.90317],[-98.12414,18.9031],[-98.12411,18.90309],[-98.12407,18.90308],[-98.12406,18.90307],[-98.12404,18.90307],[-98.12402,18.90307],[-98.12401,18.90307],[-98.124,18.90306],[-98.12398,18.90305],[-98.12398,18.90305],[-98.12398,18.90303],[-98.12398,18.90302],[-98.12402,18.90301],[-98.12406,18.903],[-98.12412,18.90299],[-98.12415,18.90297],[-98.12418,18.90296],[-98.12421,18.90295],[-98.12422,18.90294],[-98.12426,18.90291],[-98.12428,18.9029],[-98.12429,18.90289],[-98.12429,18.90289],[-98.12423,18.90288],[-98.12419,18.90291],[-98.12419,18.90291],[-98.12419,18.90291],[-98.12417,18.90292],[-98.12412,18.90294],[-98.12402,18.90296],[-98.12398,18.90297],[-98.12398,18.90297],[-98.12396,18.90296],[-98.12393,18.90296],[-98.12392,18.90296],[-98.12389,18.90295],[-98.12383,18.90296],[-98.12376,18.90298],[-98.12374,18.90299],[-98.12374,18.90301],[-98.12374,18.90302],[-98.12373,18.90303],[-98.12372,18.90304],[-98.1237,18.90307],[-98.1237,18.90307],[-98.1237,18.90307],[-98.12368,18.90306],[-98.12364,18.90305],[-98.12361,18.90304],[-98.12357,18.90301],[-98.12354,18.90301],[-98.12354,18.90301],[-98.12353,18.90301],[-98.12348,18.903],[-98.12347,18.903],[-98.12344,18.903],[-98.1234,18.90301],[-98.12335,18.90303],[-98.12331,18.90304],[-98.12326,18.90305],[-98.12323,18.90305],[-98.1232,18.90306],[-98.12318,18.90306],[-98.12317,18.90307],[-98.12316,18.90307],[-98.12313,18.90308],[-98.1231,18.9031],[-98.12305,18.9031],[-98.12302,18.90311],[-98.12297,18.90312],[-98.12297,18.90312],[-98.12297,18.90312],[-98.12292,18.90312],[-98.12286,18.90312],[-98.12281,18.90313],[-98.12274,18.90314],[-98.12267,18.90316],[-98.12265,18.90316],[-98.12259,18.90316],[-98.12254,18.90315],[-98.12247,18.90315],[-98.12246,18.90315],[-98.12244,18.90315],[-98.12238,18.90315],[-98.12237,18.90316],[-98.12237,18.90319],[-98.1224,18.90321],[-98.12241,18.90322],[-98.12244,18.90328],[-98.12245,18.90333],[-98.12246,18.90336],[-98.12247,18.90337],[-98.12247,18.90339],[-98.12247,18.90341],[-98.12248,18.90346],[-98.12248,18.90348],[-98.12248,18.90349],[-98.12248,18.90351],[-98.12248,18.90353],[-98.12248,18.90355],[-98.12246,18.90365],[-98.12244,18.9037],[-98.12242,18.90372],[-98.12239,18.90374],[-98.12239,18.90375],[-98.12238,18.90375],[-98.12234,18.90377],[-98.12231,18.9038],[-98.12228,18.90383],[-98.12226,18.90384],[-98.12224,18.90385],[-98.12219,18.90386],[-98.12218,18.90387],[-98.12215,18.90387],[-98.12208,18.90387],[-98.12204,18.90387],[-98.12198,18.90389],[-98.12197,18.90389],[-98.12195,18.9039],[-98.12193,18.90391],[-98.12191,18.90391],[-98.12191,18.90392],[-98.1219,18.90393],[-98.12188,18.90394],[-98.12183,18.90396],[-98.1218,18.90398],[-98.1218,18.90398],[-98.12177,18.90402],[-98.12177,18.90402],[-98.12174,18.90405],[-98.12171,18.90407],[-98.1217,18.90407],[-98.12167,18.90408],[-98.12163,18.9041],[-98.12162,18.90411],[-98.1216,18.90411],[-98.12159,18.90412],[-98.12158,18.90413],[-98.12156,18.90415],[-98.12154,18.90416],[-98.12154,18.90416],[-98.12147,18.90417],[-98.12145,18.90417],[-98.12143,18.90417],[-98.12142,18.90417],[-98.1214,18.90417],[-98.12133,18.90417],[-98.12131,18.90417],[-98.12128,18.90416],[-98.12127,18.90415],[-98.12125,18.90415],[-98.12123,18.90415],[-98.1212,18.90414],[-98.12118,18.90414],[-98.12116,18.90413],[-98.12115,18.90413],[-98.12112,18.90412],[-98.1211,18.90412],[-98.12106,18.9041],[-98.12105,18.9041],[-98.12103,18.90409],[-98.12101,18.90408],[-98.12099,18.90409],[-98.12098,18.9041],[-98.12097,18.90411],[-98.12096,18.90412],[-98.12094,18.90413],[-98.12093,18.90414],[-98.12092,18.90415],[-98.12091,18.90416],[-98.12091,18.90416],[-98.1209,18.90417],[-98.1209,18.90417],[-98.1209,18.90417],[-98.1209,18.90418],[-98.12087,18.90418],[-98.12086,18.90418],[-98.12084,18.90417],[-98.12084,18.90417],[-98.12083,18.90416],[-98.12082,18.90414],[-98.1208,18.90412],[-98.1208,18.90412],[-98.1208,18.9041],[-98.1208,18.9041],[-98.12079,18.90408],[-98.12078,18.90405],[-98.12078,18.90403],[-98.12077,18.90402],[-98.12077,18.90401],[-98.12077,18.904],[-98.12076,18.90398],[-98.12075,18.90397],[-98.12074,18.90396],[-98.12074,18.90396],[-98.12074,18.90396],[-98.12074,18.90394],[-98.12073,18.90393],[-98.12073,18.90393],[-98.12071,18.90393],[-98.12071,18.90392],[-98.12071,18.90392],[-98.12067,18.90393],[-98.12067,18.90393],[-98.12066,18.90394],[-98.12066,18.90394],[-98.12063,18.90396],[-98.12062,18.90397],[-98.12061,18.90397],[-98.12061,18.90397],[-98.12058,18.90398],[-98.12058,18.90398],[-98.12058,18.90398],[-98.12057,18.90399],[-98.12056,18.904],[-98.12056,18.90401],[-98.12055,18.90402],[-98.12054,18.90402],[-98.12054,18.90408],[-98.12054,18.90411],[-98.12054,18.90413],[-98.12056,18.90416],[-98.12059,18.90423],[-98.1206,18.90427],[-98.12062,18.90431],[-98.12064,18.90434],[-98.12065,18.90436],[-98.12065,18.9044],[-98.12066,18.90443],[-98.12066,18.90447],[-98.12066,18.90447],[-98.12066,18.90449],[-98.12067,18.90449],[-98.12068,18.90451],[-98.12068,18.90453],[-98.12069,18.90454],[-98.12069,18.90454],[-98.1207,18.90455],[-98.1207,18.90455],[-98.1207,18.90456],[-98.12071,18.90458],[-98.12071,18.90458],[-98.1207,18.9046],[-98.1207,18.9046],[-98.1207,18.9046],[-98.12066,18.90462],[-98.12065,18.90464],[-98.12063,18.90468],[-98.12059,18.90471],[-98.12058,18.90472],[-98.12054,18.90475],[-98.12053,18.90476],[-98.12053,18.90476],[-98.12053,18.90476],[-98.1205,18.90478],[-98.12042,18.90482],[-98.1204,18.90483],[-98.12039,18.90484],[-98.12036,18.90487],[-98.12034,18.90488],[-98.12032,18.90489],[-98.12029,18.9049],[-98.12027,18.9049],[-98.12026,18.90492],[-98.12025,18.90492],[-98.12025,18.90492],[-98.12023,18.90492],[-98.12021,18.90492],[-98.12017,18.90492],[-98.12016,18.90492],[-98.12015,18.90492],[-98.12013,18.90493],[-98.12012,18.90493],[-98.12011,18.90494],[-98.12007,18.90495],[-98.12004,18.90497],[-98.12002,18.90499],[-98.12,18.90499],[-98.11998,18.90501],[-98.11996,18.90502],[-98.11991,18.90502],[-98.1199,18.90502],[-98.11985,18.90502],[-98.11984,18.90503],[-98.11982,18.90503],[-98.1198,18.90502],[-98.11978,18.90502],[-98.11974,18.90502],[-98.11971,18.90501],[-98.11968,18.905],[-98.11963,18.90498],[-98.11961,18.90497],[-98.1196,18.90497],[-98.1196,18.90496],[-98.11957,18.90495],[-98.11949,18.90487],[-98.11942,18.90483],[-98.11942,18.90483],[-98.11932,18.90479],[-98.11925,18.90474],[-98.11917,18.90467],[-98.1191,18.90462],[-98.11905,18.90458],[-98.11904,18.90457],[-98.11901,18.90455],[-98.11896,18.90453],[-98.11892,18.90449],[-98.11891,18.90449],[-98.11888,18.90447],[-98.11888,18.90447],[-98.11886,18.90445],[-98.11885,18.90442],[-98.11884,18.9044],[-98.11883,18.90438],[-98.11881,18.90437],[-98.11879,18.90436],[-98.11878,18.90436],[-98.11876,18.90435],[-98.11876,18.90435],[-98.11873,18.90432],[-98.11871,18.9043],[-98.11871,18.9043],[-98.11871,18.9043],[-98.11871,18.9043],[-98.11869,18.90428],[-98.11867,18.90426],[-98.11866,18.90426],[-98.11864,18.90424],[-98.11856,18.90422],[-98.11854,18.90421],[-98.11853,18.90421],[-98.11852,18.9042],[-98.11851,18.90419],[-98.11851,18.90417],[-98.11851,18.90417],[-98.11851,18.90417],[-98.11849,18.90413],[-98.11849,18.90408],[-98.11848,18.90405],[-98.11848,18.90404],[-98.11846,18.90403],[-98.11846,18.90403],[-98.11846,18.90401],[-98.11846,18.90397],[-98.11846,18.90396],[-98.11846,18.90394],[-98.11846,18.9039],[-98.11846,18.90388],[-98.11846,18.90388],[-98.11846,18.90384],[-98.11846,18.90381],[-98.11844,18.90381],[-98.11841,18.90383],[-98.11835,18.90387],[-98.11832,18.90389],[-98.11829,18.90392],[-98.11827,18.90393],[-98.11824,18.90394],[-98.11823,18.90394],[-98.1182,18.90394],[-98.11816,18.90391],[-98.11812,18.90389],[-98.11811,18.90389],[-98.11811,18.90389],[-98.11809,18.90386],[-98.11805,18.90381],[-98.11804,18.9038],[-98.11802,18.90376],[-98.118,18.90372],[-98.11797,18.90368],[-98.11796,18.90364],[-98.11796,18.90364],[-98.11795,18.90363],[-98.11794,18.90361],[-98.1179,18.90349],[-98.1179,18.90349],[-98.1179,18.90349],[-98.1179,18.90345],[-98.11785,18.90345],[-98.11782,18.90347],[-98.11781,18.90348],[-98.1178,18.90348],[-98.11778,18.90349],[-98.11777,18.9035],[-98.11777,18.9035],[-98.11776,18.90351],[-98.11775,18.90352],[-98.11773,18.90354],[-98.11773,18.90356],[-98.11772,18.90357],[-98.11772,18.9036],[-98.11772,18.90364],[-98.11772,18.90368],[-98.11774,18.90371],[-98.11775,18.90371],[-98.11775,18.90371],[-98.11778,18.90375],[-98.1178,18.90379],[-98.1178,18.90381],[-98.1178,18.90385],[-98.11778,18.90389],[-98.11778,18.90391],[-98.11778,18.90393],[-98.11777,18.90397],[-98.11777,18.90406],[-98.11778,18.90414],[-98.11781,18.90424],[-98.11783,18.90429],[-98.11785,18.90433],[-98.11787,18.90435],[-98.11789,18.90438],[-98.11789,18.90451],[-98.11791,18.90458],[-98.11791,18.90462],[-98.11791,18.90466],[-98.11791,18.90467],[-98.11793,18.90472],[-98.11793,18.90472],[-98.11793,18.90472],[-98.11793,18.90474],[-98.11794,18.90479],[-98.11794,18.9048],[-98.11797,18.90485],[-98.11796,18.9049],[-98.11796,18.90495],[-98.11797,18.90501],[-98.11798,18.90507],[-98.11799,18.9051],[-98.118,18.90515],[-98.118,18.90519],[-98.11801,18.90523],[-98.118,18.90527],[-98.118,18.90528],[-98.118,18.90529],[-98.11798,18.90531],[-98.11796,18.90534],[-98.11791,18.90543],[-98.1179,18.90545],[-98.11789,18.90548],[-98.11786,18.90555],[-98.11786,18.90555],[-98.11786,18.90558],[-98.11786,18.90561],[-98.11786,18.90561],[-98.11785,18.90563],[-98.11784,18.90563],[-98.11784,18.90565],[-98.11781,18.90568],[-98.11781,18.90569],[-98.1178,18.90571],[-98.1178,18.90577],[-98.11779,18.90579],[-98.11779,18.9058],[-98.11779,18.90581],[-98.11778,18.90582],[-98.11775,18.90585],[-98.11774,18.90586],[-98.11774,18.90587],[-98.11771,18.90591],[-98.11771,18.90592],[-98.11771,18.906],[-98.11769,18.90604],[-98.11769,18.90604],[-98.11767,18.90607],[-98.11764,18.9061],[-98.11762,18.90613],[-98.11758,18.90618],[-98.11758,18.90618],[-98.11758,18.90618],[-98.11752,18.90622],[-98.11751,18.90624],[-98.11748,18.90627],[-98.11744,18.90629],[-98.11742,18.90631],[-98.11742,18.90632],[-98.11741,18.90634],[-98.11741,18.90636],[-98.11741,18.90637],[-98.1174,18.90638],[-98.11738,18.9064],[-98.11738,18.90642],[-98.11736,18.90646],[-98.11735,18.90647],[-98.11735,18.90649],[-98.11733,18.90651],[-98.11733,18.90652],[-98.11733,18.90653],[-98.11734,18.90654],[-98.11736,18.90655],[-98.11737,18.90656],[-98.11737,18.90656],[-98.11737,18.90656],[-98.11738,18.9066],[-98.11738,18.9066],[-98.11738,18.90661],[-98.11741,18.90663],[-98.11741,18.90664],[-98.11748,18.90663],[-98.11753,18.90663],[-98.11757,18.90659],[-98.11757,18.90659],[-98.11757,18.90659],[-98.11759,18.90659],[-98.1176,18.90658],[-98.11762,18.90657],[-98.11765,18.90657],[-98.11766,18.90658],[-98.11769,18.90659],[-98.1177,18.90659],[-98.11773,18.90659],[-98.11775,18.9066],[-98.11776,18.9066],[-98.11779,18.90661],[-98.11784,18.90662],[-98.11786,18.90662],[-98.11788,18.90662],[-98.11791,18.90664],[-98.11792,18.90665],[-98.11798,18.90669],[-98.11798,18.90669],[-98.11804,18.90674],[-98.11807,18.90677],[-98.11807,18.90677],[-98.1181,18.90686],[-98.1181,18.90687],[-98.11811,18.9069],[-98.11812,18.90692],[-98.11812,18.90693],[-98.11812,18.90695],[-98.11812,18.90695],[-98.11812,18.90699],[-98.11812,18.90702],[-98.11814,18.90704],[-98.11815,18.90705],[-98.11815,18.90705],[-98.11814,18.90707],[-98.11814,18.90709],[-98.11814,18.90713],[-98.11815,18.90721],[-98.11815,18.90723],[-98.11815,18.90723],[-98.11814,18.90726],[-98.11815,18.90727],[-98.11815,18.90728],[-98.11813,18.90732],[-98.11813,18.90732],[-98.11811,18.90736],[-98.11811,18.90742],[-98.11811,18.90745],[-98.11813,18.9075],[-98.11814,18.90754],[-98.11814,18.90756],[-98.11814,18.90759],[-98.11815,18.90761],[-98.11815,18.90767],[-98.11815,18.90775],[-98.11814,18.90779],[-98.11814,18.90781],[-98.11814,18.90783],[-98.11812,18.90789],[-98.11811,18.90792],[-98.11811,18.90792],[-98.11808,18.90798],[-98.11805,18.90804],[-98.11805,18.90806],[-98.11804,18.9081],[-98.11804,18.90812],[-98.11803,18.90815],[-98.11803,18.90816],[-98.11803,18.90817],[-98.11801,18.9082],[-98.11801,18.90823],[-98.118,18.90825],[-98.118,18.90826],[-98.118,18.90827],[-98.11801,18.90831],[-98.11801,18.90833],[-98.11801,18.90833],[-98.118,18.90835],[-98.11798,18.90839],[-98.11795,18.90841],[-98.11795,18.90841],[-98.11792,18.90842],[-98.1179,18.90842],[-98.11788,18.90842],[-98.11786,18.90843],[-98.11784,18.90845],[-98.1178,18.90848],[-98.11779,18.90848],[-98.11777,18.90848],[-98.11772,18.90848],[-98.11772,18.90848],[-98.11769,18.9085],[-98.11768,18.90851],[-98.11764,18.90853],[-98.11763,18.90855],[-98.11763,18.90856],[-98.11763,18.90857],[-98.11762,18.90858],[-98.11762,18.90859],[-98.11762,18.90862],[-98.11762,18.90868],[-98.11764,18.9087],[-98.11764,18.9087],[-98.11766,18.90871],[-98.11769,18.90872],[-98.11769,18.90872],[-98.1177,18.90873],[-98.1177,18.90874],[-98.11772,18.90876],[-98.11771,18.90878],[-98.11771,18.90879],[-98.1177,18.9088],[-98.1177,18.9088],[-98.11769,18.90881],[-98.11768,18.90881],[-98.11766,18.90881],[-98.11764,18.90881],[-98.11764,18.90881],[-98.11763,18.9088],[-98.11759,18.90879],[-98.11757,18.9088],[-98.11756,18.90881],[-98.11756,18.90881],[-98.11754,18.90883],[-98.11752,18.90884],[-98.11751,18.90886],[-98.11749,18.90887],[-98.11748,18.90889],[-98.11747,18.9089],[-98.11746,18.90891],[-98.11745,18.90892],[-98.11742,18.90893],[-98.11742,18.90893],[-98.1174,18.90893],[-98.11738,18.90893],[-98.11736,18.90893],[-98.11736,18.90893],[-98.11733,18.90893],[-98.11732,18.90894],[-98.11731,18.90895],[-98.1173,18.90896],[-98.11729,18.90896],[-98.11728,18.90896],[-98.11727,18.90896],[-98.11727,18.90896],[-98.11727,18.90896],[-98.11724,18.90895],[-98.11724,18.90895],[-98.11722,18.90895],[-98.11721,18.90895],[-98.1172,18.90894],[-98.11717,18.90894],[-98.11716,18.90894],[-98.1171,18.90895],[-98.11708,18.90896],[-98.11708,18.90897],[-98.11707,18.90898],[-98.11707,18.90898],[-98.11707,18.90898],[-98.11706,18.909],[-98.11705,18.909],[-98.11704,18.90901],[-98.11704,18.90904],[-98.11704,18.90907],[-98.11704,18.90907],[-98.11703,18.9091],[-98.117,18.90912],[-98.11698,18.90913],[-98.11697,18.90914],[-98.11697,18.90915],[-98.11696,18.90915],[-98.11695,18.90917],[-98.11695,18.90918],[-98.11695,18.9092],[-98.11697,18.90922],[-98.11699,18.90923],[-98.11701,18.90925],[-98.11702,18.90926],[-98.11702,18.90926],[-98.11704,18.90931],[-98.11704,18.90935],[-98.11704,18.90935],[-98.11705,18.90939],[-98.11707,18.9094],[-98.11708,18.90942],[-98.11708,18.90942],[-98.11709,18.90942],[-98.11709,18.90945],[-98.11713,18.90947],[-98.11713,18.90947],[-98.11713,18.90948],[-98.11716,18.90953],[-98.11717,18.90955],[-98.11717,18.90956],[-98.11718,18.90958],[-98.11718,18.90958],[-98.11718,18.90959],[-98.11718,18.9096],[-98.11718,18.90961],[-98.11717,18.90962],[-98.11716,18.90963],[-98.11716,18.90963],[-98.11714,18.90965],[-98.11713,18.90966],[-98.1171,18.90968],[-98.1171,18.9097],[-98.11709,18.90971],[-98.11709,18.90973],[-98.11709,18.90974],[-98.11708,18.90976],[-98.11708,18.90978],[-98.11708,18.90979],[-98.11707,18.9098],[-98.11706,18.90983],[-98.11706,18.90986],[-98.11706,18.90986],[-98.11706,18.90986],[-98.11705,18.90988],[-98.11704,18.90992],[-98.11704,18.91007],[-98.11704,18.91007],[-98.11705,18.91011],[-98.11704,18.91015],[-98.11704,18.91017],[-98.11704,18.91019],[-98.11703,18.91021],[-98.11702,18.91023],[-98.11701,18.91025],[-98.117,18.91027],[-98.11698,18.9103],[-98.11698,18.91033],[-98.11697,18.91035],[-98.11697,18.91036],[-98.11697,18.9104],[-98.11694,18.91052],[-98.11694,18.91052],[-98.11692,18.91056],[-98.11688,18.91066],[-98.11687,18.91067],[-98.11686,18.91068],[-98.11686,18.91069],[-98.11685,18.9107],[-98.11683,18.91071],[-98.11682,18.91072],[-98.1168,18.91073],[-98.11678,18.91076],[-98.11677,18.91078],[-98.11677,18.91079],[-98.11677,18.91082],[-98.11677,18.91083],[-98.11677,18.91084],[-98.11676,18.91087],[-98.11675,18.91088],[-98.11673,18.9109],[-98.11672,18.91092],[-98.11666,18.91097],[-98.11664,18.91098],[-98.11663,18.91099],[-98.11663,18.91099],[-98.11663,18.91099],[-98.11655,18.91103],[-98.11655,18.91104],[-98.11653,18.91106],[-98.11653,18.91106],[-98.11653,18.91107],[-98.11646,18.9111],[-98.11646,18.9111],[-98.11646,18.9111],[-98.11641,18.91112],[-98.11641,18.91112],[-98.11638,18.91112],[-98.11636,18.91113],[-98.11634,18.91113],[-98.11632,18.91114],[-98.11632,18.91115],[-98.11632,18.91115],[-98.11623,18.91114],[-98.11621,18.91114],[-98.1162,18.91114],[-98.11615,18.91115],[-98.11614,18.91115],[-98.11613,18.91115],[-98.11606,18.91115],[-98.11603,18.91115],[-98.11601,18.91116],[-98.11594,18.91116],[-98.11589,18.91116],[-98.11587,18.91116],[-98.11584,18.91116],[-98.1158,18.91117],[-98.11575,18.91117],[-98.11572,18.91117],[-98.11568,18.91119],[-98.11568,18.91119],[-98.11568,18.91119],[-98.11565,18.91119],[-98.11561,18.91119],[-98.11558,18.91119],[-98.11553,18.91119],[-98.11552,18.9112],[-98.11549,18.9112],[-98.11547,18.91121],[-98.11543,18.91122],[-98.11542,18.91123],[-98.1154,18.91124],[-98.11538,18.91124],[-98.11538,18.91125],[-98.11535,18.91125],[-98.1153,18.91125],[-98.11528,18.91125],[-98.11527,18.91126],[-98.11524,18.91125],[-98.11523,18.91125],[-98.11522,18.91125],[-98.1152,18.91125],[-98.11519,18.91125],[-98.11517,18.91125],[-98.11516,18.91125],[-98.11514,18.91124],[-98.11513,18.91124],[-98.11509,18.91125],[-98.11508,18.91125],[-98.11506,18.91125],[-98.11503,18.91125],[-98.11503,18.91125],[-98.11503,18.91125],[-98.11497,18.91124],[-98.11494,18.91125],[-98.11489,18.91127],[-98.11485,18.91129],[-98.11484,18.9113],[-98.11481,18.91132],[-98.1148,18.91132],[-98.11477,18.91133],[-98.11477,18.91133],[-98.11474,18.91135],[-98.11474,18.91135],[-98.11468,18.91136],[-98.11468,18.91137],[-98.11465,18.91137],[-98.11461,18.91137],[-98.11461,18.91137],[-98.1146,18.91137],[-98.1146,18.91138],[-98.11457,18.91139],[-98.11456,18.9114],[-98.11452,18.9114],[-98.11449,18.91141],[-98.11445,18.91141],[-98.11437,18.91141],[-98.11436,18.9114],[-98.11433,18.9114],[-98.11429,18.91138],[-98.11426,18.91138],[-98.11426,18.91138],[-98.11426,18.91138],[-98.11424,18.91138],[-98.11419,18.91136],[-98.11417,18.91136],[-98.11416,18.91136],[-98.11412,18.91135],[-98.11409,18.91134],[-98.11408,18.91133],[-98.11407,18.91133],[-98.11405,18.91132],[-98.11404,18.91132],[-98.1139,18.91126],[-98.11387,18.91125],[-98.11385,18.91124],[-98.1138,18.91121],[-98.11378,18.91119],[-98.11371,18.91115],[-98.11371,18.91115],[-98.11369,18.91114],[-98.11366,18.91111],[-98.11365,18.9111],[-98.1136,18.91106],[-98.1136,18.91106],[-98.1136,18.91106],[-98.11352,18.91099],[-98.11346,18.91092],[-98.11337,18.91087],[-98.11336,18.91086],[-98.1133,18.91083],[-98.11329,18.91081],[-98.11328,18.91081],[-98.11325,18.91078],[-98.11312,18.91068],[-98.11305,18.91064],[-98.11303,18.91063],[-98.11286,18.91055],[-98.11281,18.91051],[-98.11276,18.91047],[-98.11275,18.91047],[-98.11267,18.91039],[-98.11259,18.91033],[-98.11253,18.91029],[-98.11247,18.91022],[-98.11246,18.91021],[-98.11246,18.91021],[-98.11242,18.91018],[-98.11242,18.91016],[-98.11241,18.91004],[-98.11226,18.91004],[-98.11221,18.91004],[-98.11193,18.91006],[-98.11174,18.91007],[-98.11165,18.91007],[-98.11144,18.91007],[-98.11134,18.91007],[-98.1112,18.91019],[-98.11119,18.91023],[-98.11117,18.91026],[-98.11115,18.91034],[-98.11117,18.91037],[-98.1112,18.91043],[-98.11116,18.91053],[-98.1111,18.91059],[-98.111,18.91059],[-98.11094,18.91059],[-98.11091,18.91061],[-98.11091,18.91065],[-98.11089,18.9108],[-98.11083,18.91083],[-98.11069,18.91087],[-98.1106,18.9109],[-98.1106,18.9109],[-98.11044,18.91089],[-98.11036,18.91087],[-98.11028,18.91084],[-98.11019,18.91083],[-98.11015,18.91082],[-98.11009,18.91082],[-98.10998,18.91082],[-98.10973,18.91081],[-98.1097,18.9108],[-98.10966,18.91079],[-98.10963,18.91071],[-98.10963,18.91071],[-98.10957,18.91067],[-98.10956,18.91066],[-98.10948,18.91065],[-98.10946,18.91065],[-98.1094,18.91066],[-98.1093,18.91069],[-98.10921,18.91075],[-98.10914,18.9108],[-98.10913,18.9108],[-98.1091,18.91081],[-98.10903,18.91083],[-98.1089,18.91082],[-98.1087,18.91089],[-98.10849,18.91083],[-98.10847,18.91082],[-98.10815,18.91073],[-98.1078,18.91063],[-98.10766,18.91087],[-98.10766,18.91088],[-98.10751,18.91142],[-98.10749,18.91161],[-98.10748,18.91176],[-98.10754,18.91183],[-98.1076,18.91185],[-98.10769,18.91189],[-98.10781,18.91195],[-98.1078,18.91222],[-98.1078,18.91222],[-98.10765,18.9123],[-98.10757,18.91229],[-98.10747,18.91228],[-98.10727,18.91224],[-98.10701,18.91225],[-98.10684,18.91214],[-98.10678,18.91211],[-98.10655,18.91204],[-98.10652,18.91201],[-98.10649,18.91195],[-98.1064,18.91179],[-98.10628,18.91157],[-98.10625,18.91152],[-98.10619,18.91142],[-98.10611,18.91139],[-98.10606,18.91137],[-98.10586,18.91129],[-98.10567,18.91121],[-98.1056,18.91118],[-98.10554,18.91115],[-98.10547,18.91115],[-98.10523,18.91115],[-98.10519,18.91113],[-98.10514,18.91111],[-98.10509,18.91103],[-98.10508,18.91103],[-98.10508,18.91103],[-98.10505,18.91094],[-98.10505,18.91092],[-98.10502,18.91089],[-98.10492,18.91078],[-98.10483,18.91069],[-98.10472,18.91069],[-98.10465,18.91067],[-98.10463,18.91067],[-98.10449,18.91035],[-98.10448,18.91034],[-98.1044,18.91025],[-98.10438,18.91022],[-98.10436,18.91017],[-98.10432,18.91009],[-98.10429,18.9101],[-98.10425,18.91012],[-98.1042,18.91016],[-98.10416,18.9102],[-98.1041,18.9101],[-98.10404,18.90998],[-98.10394,18.90991],[-98.10387,18.90987],[-98.10364,18.90984],[-98.10353,18.90987],[-98.10345,18.90988],[-98.10343,18.90989],[-98.10336,18.90993],[-98.10331,18.91004],[-98.10328,18.91009],[-98.10328,18.91009],[-98.10324,18.91012],[-98.10319,18.91017],[-98.10299,18.91013],[-98.10271,18.91015],[-98.10258,18.91021],[-98.10255,18.91023],[-98.10255,18.91023],[-98.10244,18.91035],[-98.10244,18.91035],[-98.10244,18.91035],[-98.10239,18.91044],[-98.10236,18.91046],[-98.10232,18.91049],[-98.10222,18.91049],[-98.1022,18.9105],[-98.10214,18.91056],[-98.10189,18.91073],[-98.10189,18.91073],[-98.10186,18.91076],[-98.1018,18.91081],[-98.10169,18.91093],[-98.10166,18.91096],[-98.10161,18.91099],[-98.10157,18.91101],[-98.10153,18.91103],[-98.10142,18.91107],[-98.10142,18.91107],[-98.10121,18.91113],[-98.10094,18.91123],[-98.10033,18.91123],[-98.10007,18.91118],[-98.09957,18.91112],[-98.09944,18.91111],[-98.09916,18.91108],[-98.09899,18.9111],[-98.09899,18.9111],[-98.09893,18.91113],[-98.09879,18.91122],[-98.09866,18.91126],[-98.09849,18.91126],[-98.09845,18.91125],[-98.09834,18.91124],[-98.09815,18.91126],[-98.09797,18.91128],[-98.09782,18.91138],[-98.09776,18.91147],[-98.09771,18.91163],[-98.09766,18.91176],[-98.09763,18.91187],[-98.09762,18.91193],[-98.09745,18.9122],[-98.0974,18.91239],[-98.09739,18.91245],[-98.09723,18.91263],[-98.09707,18.91272],[-98.09673,18.91278],[-98.0967,18.91278],[-98.0967,18.91278],[-98.09647,18.91278],[-98.09643,18.91277],[-98.09635,18.91276],[-98.09619,18.91275],[-98.09602,18.91276],[-98.09591,18.91277],[-98.09558,18.91292],[-98.09558,18.91292]]]}},{"type":"Feature","properties":{"cp":72587,"nombre":"CP 72587"},"geometry":{"type":"Polygon","coordinates":[[[-98.22249,18.98004],[-98.22043,18.97896],[-98.21972,18.97864],[-98.21915,18.97848],[-98.21881,18.97843],[-98.2183,18.97837],[-98.21654,18.9784],[-98.2159,18.97838],[-98.21528,18.97827],[-98.21469,18.97808],[-98.21423,18.97785],[-98.21401,18.9782],[-98.21353,18.98002],[-98.21409,18.98013],[-98.21374,18.98166],[-98.21351,18.9827],[-98.21341,18.98325],[-98.21198,18.9837],[-98.21039,18.9842],[-98.20917,18.98455],[-98.20915,18.98472],[-98.20895,18.98558],[-98.20887,18.98556],[-98.20866,18.98643],[-98.20843,18.98732],[-98.20808,18.98845],[-98.20779,18.98941],[-98.2073,18.99059],[-98.20633,18.99264],[-98.20568,18.99281],[-98.21163,18.99496],[-98.21163,18.99496],[-98.21183,18.99493],[-98.21236,18.99506],[-98.21478,18.99578],[-98.21559,18.99417],[-98.21725,18.99486],[-98.21877,18.9937],[-98.21736,18.99186],[-98.21769,18.99119],[-98.21747,18.99084],[-98.21876,18.98864],[-98.2189,18.98839],[-98.21882,18.98829],[-98.2192,18.98817],[-98.21973,18.98795],[-98.22018,18.98784],[-98.22069,18.98773],[-98.22097,18.98768],[-98.22127,18.98767],[-98.22154,18.9877],[-98.22221,18.98782],[-98.22244,18.9879],[-98.22265,18.98782],[-98.22276,18.98765],[-98.22279,18.98743],[-98.22272,18.98709],[-98.22262,18.98679],[-98.22227,18.98629],[-98.22176,18.98521],[-98.22172,18.98475],[-98.22184,18.98472],[-98.22177,18.98445],[-98.22162,18.98417],[-98.22137,18.98379],[-98.22178,18.98209],[-98.22193,18.98194],[-98.22265,18.98132],[-98.22279,18.9802],[-98.22249,18.98004]]]}},{"type":"Feature","properties":{"cp":72594,"nombre":"CP 72594"},"geometry":{"type":"Polygon","coordinates":[[[-98.20575,18.9866],[-98.20381,18.98621],[-98.20265,18.98592],[-98.20186,18.98571],[-98.20177,18.98609],[-98.20234,18.98624],[-98.20227,18.98663],[-98.20227,18.9869],[-98.20219,18.98744],[-98.20145,18.98732],[-98.20075,18.98963],[-98.20127,18.9911],[-98.20192,18.99286],[-98.20258,18.99271],[-98.20366,18.99245],[-98.20378,18.99245],[-98.20568,18.99281],[-98.20633,18.99264],[-98.2073,18.99059],[-98.20779,18.98941],[-98.20808,18.98845],[-98.20843,18.98732],[-98.20795,18.98724],[-98.20821,18.98633],[-98.20754,18.98617],[-98.20731,18.98713],[-98.20697,18.98708],[-98.20573,18.98685],[-98.20575,18.9866]]]}},{"type":"Feature","properties":{"cp":72590,"nombre":"CP 72590"},"geometry":{"type":"Polygon","coordinates":[[[-98.22699,18.97275],[-98.22535,18.97159],[-98.22482,18.97143],[-98.22524,18.97107],[-98.22525,18.97075],[-98.22506,18.97012],[-98.22504,18.96969],[-98.22522,18.96921],[-98.22523,18.96864],[-98.22516,18.96832],[-98.22488,18.96812],[-98.22471,18.96783],[-98.22485,18.96748],[-98.22487,18.96724],[-98.2246,18.96703],[-98.22454,18.96683],[-98.22514,18.96538],[-98.2252,18.96491],[-98.22534,18.96459],[-98.22519,18.96418],[-98.22541,18.96379],[-98.22603,18.96292],[-98.22615,18.96229],[-98.2262,18.96151],[-98.22564,18.96113],[-98.22485,18.96058],[-98.22466,18.96057],[-98.22447,18.96068],[-98.22413,18.96102],[-98.22385,18.96106],[-98.22248,18.96011],[-98.22226,18.95964],[-98.22228,18.95926],[-98.22207,18.959],[-98.22152,18.95834],[-98.22077,18.95775],[-98.22067,18.95684],[-98.22037,18.95628],[-98.22049,18.95544],[-98.22048,18.95466],[-98.22024,18.95427],[-98.21844,18.95321],[-98.21818,18.9533],[-98.21826,18.95416],[-98.21818,18.95511],[-98.218,18.95721],[-98.21792,18.9582],[-98.21651,18.95827],[-98.21594,18.95839],[-98.21107,18.97023],[-98.21286,18.97041],[-98.21249,18.97197],[-98.21222,18.97355],[-98.21172,18.97567],[-98.21276,18.97666],[-98.21368,18.9775],[-98.21423,18.97785],[-98.21469,18.97808],[-98.21528,18.97827],[-98.2159,18.97838],[-98.21654,18.9784],[-98.2183,18.97837],[-98.21881,18.97843],[-98.21915,18.97848],[-98.21972,18.97864],[-98.22043,18.97896],[-98.22249,18.98004],[-98.22351,18.97756],[-98.22491,18.97479],[-98.22621,18.97357],[-98.22699,18.97275]]]}},{"type":"Feature","properties":{"cp":72592,"nombre":"CP 72592"},"geometry":{"type":"Polygon","coordinates":[[[-98.19547,18.99449],[-98.19547,18.99449],[-98.19519,18.99649],[-98.19509,18.9966],[-98.1947,18.99674],[-98.19442,18.99685],[-98.19424,18.99693],[-98.1941,18.99707],[-98.194,18.99723],[-98.19394,18.99743],[-98.19389,18.9992],[-98.19391,19.00104],[-98.19592,19.00189],[-98.19898,19.0033],[-98.20052,19.00401],[-98.20642,19.00675],[-98.20665,19.00694],[-98.20684,19.00711],[-98.20684,19.00711],[-98.20684,19.00711],[-98.20684,19.00711],[-98.20702,19.00716],[-98.20622,19.00495],[-98.20457,19.00013],[-98.20234,18.994],[-98.20226,18.99377],[-98.20568,18.99281],[-98.20378,18.99245],[-98.20366,18.99245],[-98.20258,18.99271],[-98.20192,18.99286],[-98.20038,18.99351],[-98.20008,18.99357],[-98.19803,18.99398],[-98.19644,18.99429],[-98.19547,18.99449]]]}},{"type":"Feature","properties":{"cp":72583,"nombre":"CP 72583"},"geometry":{"type":"Polygon","coordinates":[[[-98.19619,18.98482],[-98.19895,18.98521],[-98.19887,18.98716],[-98.19887,18.98716],[-98.19886,18.98766],[-98.19881,18.98893],[-98.19906,18.98897],[-98.19912,18.98863],[-98.19968,18.9887],[-98.19962,18.98932],[-98.1998,18.98935],[-98.19949,18.99123],[-98.19935,18.99194],[-98.19841,18.9918],[-98.19803,18.99398],[-98.20008,18.99357],[-98.20038,18.99351],[-98.20192,18.99286],[-98.20127,18.9911],[-98.20075,18.98963],[-98.20145,18.98732],[-98.20219,18.98744],[-98.20227,18.9869],[-98.20227,18.98663],[-98.20234,18.98624],[-98.20177,18.98609],[-98.20186,18.98571],[-98.20265,18.98592],[-98.20381,18.98621],[-98.20575,18.9866],[-98.20615,18.98572],[-98.20611,18.98552],[-98.2058,18.98493],[-98.2061,18.98469],[-98.20567,18.98442],[-98.2055,18.98381],[-98.20537,18.98342],[-98.20542,18.98307],[-98.20563,18.9824],[-98.20603,18.9817],[-98.20614,18.98149],[-98.20654,18.98122],[-98.20661,18.98096],[-98.20683,18.98085],[-98.20707,18.98081],[-98.20735,18.98075],[-98.20771,18.98],[-98.20814,18.979],[-98.20822,18.97888],[-98.20836,18.97876],[-98.2085,18.97868],[-98.20859,18.97841],[-98.20797,18.9783],[-98.20849,18.97565],[-98.20875,18.97477],[-98.2093,18.97429],[-98.20947,18.97421],[-98.20958,18.97364],[-98.20937,18.97341],[-98.20865,18.97303],[-98.20808,18.97283],[-98.2072,18.97263],[-98.20531,18.97223],[-98.20308,18.97174],[-98.20021,18.97107],[-98.19935,18.97105],[-98.19812,18.97126],[-98.19694,18.97711],[-98.19657,18.97873],[-98.19637,18.98066],[-98.19629,18.98238],[-98.19627,18.98277],[-98.19623,18.98391],[-98.19619,18.98482],[-98.19619,18.98482]]]}},{"type":"Feature","properties":{"cp":72990,"nombre":"CP 72990"},"geometry":{"type":"Polygon","coordinates":[[[-98.10681,19.04622],[-98.10716,19.04579],[-98.1078,19.04539],[-98.10809,19.04507],[-98.10848,19.04352],[-98.10866,19.04255],[-98.10796,19.04249],[-98.10544,19.04229],[-98.10226,19.04364],[-98.10027,19.04333],[-98.10032,19.04311],[-98.10041,19.0429],[-98.10061,19.04268],[-98.10093,19.04241],[-98.10111,19.04197],[-98.09955,19.04183],[-98.09851,19.04162],[-98.0965,19.04106],[-98.09624,19.04265],[-98.09598,19.04325],[-98.0956,19.04457],[-98.09397,19.04469],[-98.09215,19.04472],[-98.0909,19.04464],[-98.08815,19.04445],[-98.08815,19.04445],[-98.0878,19.04684],[-98.09017,19.04702],[-98.09047,19.04709],[-98.0904,19.04754],[-98.09035,19.04824],[-98.09051,19.04845],[-98.09042,19.04987],[-98.0902,19.0509],[-98.09015,19.05137],[-98.08996,19.05183],[-98.08943,19.05394],[-98.09093,19.05332],[-98.09157,19.05301],[-98.09257,19.05259],[-98.09273,19.05163],[-98.09404,19.05093],[-98.0945,19.05039],[-98.09495,19.04978],[-98.09586,19.04971],[-98.09603,19.04962],[-98.0968,19.04972],[-98.09669,19.04999],[-98.0966,19.05024],[-98.09638,19.05067],[-98.09608,19.0509],[-98.09594,19.05101],[-98.09577,19.05109],[-98.09559,19.05118],[-98.09548,19.05138],[-98.09544,19.05153],[-98.09541,19.05162],[-98.09518,19.05188],[-98.09502,19.05207],[-98.09495,19.05237],[-98.09467,19.05266],[-98.09422,19.05315],[-98.0941,19.05324],[-98.09393,19.05339],[-98.09318,19.05396],[-98.09274,19.05429],[-98.09206,19.05533],[-98.09095,19.05531],[-98.09,19.05528],[-98.08912,19.05523],[-98.08664,19.05515],[-98.0865,19.05521],[-98.08632,19.05539],[-98.08627,19.05554],[-98.0862,19.05572],[-98.08609,19.05586],[-98.08588,19.05596],[-98.08574,19.05607],[-98.08565,19.05629],[-98.08559,19.0568],[-98.08561,19.05699],[-98.08556,19.05715],[-98.08543,19.05727],[-98.08511,19.05746],[-98.08471,19.05766],[-98.0844,19.05793],[-98.08432,19.05809],[-98.08419,19.05859],[-98.08411,19.0594],[-98.08405,19.05966],[-98.08388,19.06],[-98.08348,19.06066],[-98.08922,19.06179],[-98.09632,19.06319],[-98.09653,19.06252],[-98.09705,19.06164],[-98.09744,19.06068],[-98.09769,19.06003],[-98.09803,19.0598],[-98.09848,19.05959],[-98.09905,19.05911],[-98.09989,19.05808],[-98.10054,19.05692],[-98.10128,19.05543],[-98.10153,19.05463],[-98.10159,19.05447],[-98.10168,19.05424],[-98.10169,19.05382],[-98.10186,19.05369],[-98.10218,19.05363],[-98.10228,19.0535],[-98.10231,19.05333],[-98.10217,19.05328],[-98.10208,19.05318],[-98.10212,19.05305],[-98.10231,19.05277],[-98.10277,19.05229],[-98.10303,19.05184],[-98.10319,19.05165],[-98.10346,19.05154],[-98.10346,19.05154],[-98.10373,19.05172],[-98.10402,19.0517],[-98.1043,19.05156],[-98.10443,19.05133],[-98.10455,19.05088],[-98.10473,19.05073],[-98.10482,19.05058],[-98.10496,19.05051],[-98.10513,19.05055],[-98.1053,19.05054],[-98.10539,19.05041],[-98.10537,19.05021],[-98.10532,19.04987],[-98.10535,19.04967],[-98.10547,19.04947],[-98.10551,19.04924],[-98.1056,19.04895],[-98.10575,19.04881],[-98.10597,19.04874],[-98.10603,19.04854],[-98.10596,19.04817],[-98.10608,19.04783],[-98.10627,19.04741],[-98.10653,19.04694],[-98.10675,19.04658],[-98.10681,19.04622],[-98.10681,19.04622]]]}},{"type":"Feature","properties":{"cp":72994,"nombre":"CP 72994"},"geometry":{"type":"Polygon","coordinates":[[[-98.07936,19.04387],[-98.07882,19.04389],[-98.07873,19.04389],[-98.07661,19.04396],[-98.07551,19.04401],[-98.07427,19.04407],[-98.07424,19.04461],[-98.07337,19.04616],[-98.0731,19.04689],[-98.07249,19.04824],[-98.0719,19.04978],[-98.07135,19.05117],[-98.07097,19.05206],[-98.07431,19.05298],[-98.07332,19.05772],[-98.07332,19.05873],[-98.08132,19.06023],[-98.08348,19.06066],[-98.08388,19.06],[-98.08405,19.05966],[-98.08411,19.0594],[-98.08419,19.05859],[-98.08432,19.05809],[-98.0844,19.05793],[-98.08471,19.05766],[-98.08511,19.05746],[-98.08543,19.05727],[-98.08556,19.05715],[-98.08561,19.05699],[-98.08559,19.0568],[-98.08565,19.05629],[-98.08574,19.05607],[-98.08588,19.05596],[-98.08609,19.05586],[-98.0862,19.05572],[-98.08627,19.05554],[-98.08632,19.05539],[-98.0865,19.05521],[-98.08664,19.05515],[-98.08912,19.05523],[-98.09,19.05528],[-98.09095,19.05531],[-98.09206,19.05533],[-98.09274,19.05429],[-98.09318,19.05396],[-98.09393,19.05339],[-98.0941,19.05324],[-98.09422,19.05315],[-98.09467,19.05266],[-98.09495,19.05237],[-98.09502,19.05207],[-98.09518,19.05188],[-98.09541,19.05162],[-98.09544,19.05153],[-98.09548,19.05138],[-98.09559,19.05118],[-98.09577,19.05109],[-98.09594,19.05101],[-98.09608,19.0509],[-98.09638,19.05067],[-98.0966,19.05024],[-98.09669,19.04999],[-98.0968,19.04972],[-98.09603,19.04962],[-98.09586,19.04971],[-98.09495,19.04978],[-98.0945,19.05039],[-98.09404,19.05093],[-98.09273,19.05163],[-98.09257,19.05259],[-98.09157,19.05301],[-98.09093,19.05332],[-98.08943,19.05394],[-98.08996,19.05183],[-98.09015,19.05137],[-98.0902,19.0509],[-98.09042,19.04987],[-98.09051,19.04845],[-98.09035,19.04824],[-98.0904,19.04754],[-98.09047,19.04709],[-98.09017,19.04702],[-98.0878,19.04684],[-98.08815,19.04445],[-98.08815,19.04445],[-98.08685,19.04431],[-98.08517,19.04409],[-98.08305,19.04385],[-98.08172,19.04377],[-98.08024,19.04384],[-98.07992,19.04385],[-98.07952,19.04387],[-98.07936,19.04387]]]}},{"type":"Feature","properties":{"cp":72984,"nombre":"CP 72984"},"geometry":{"type":"Polygon","coordinates":[[[-98.07097,19.05206],[-98.07013,19.05179],[-98.06919,19.05158],[-98.06859,19.05141],[-98.06704,19.05099],[-98.06704,19.05099],[-98.06602,19.05065],[-98.06444,19.04992],[-98.06428,19.04985],[-98.06416,19.04979],[-98.06404,19.04974],[-98.06362,19.04954],[-98.06284,19.04916],[-98.0623,19.04896],[-98.06174,19.04876],[-98.0612,19.04863],[-98.06053,19.04849],[-98.05907,19.04828],[-98.05856,19.04849],[-98.05799,19.04865],[-98.05739,19.04879],[-98.05619,19.04896],[-98.05564,19.04897],[-98.05552,19.04897],[-98.05524,19.04974],[-98.05452,19.05115],[-98.05426,19.05164],[-98.05361,19.05147],[-98.05386,19.05068],[-98.05301,19.05047],[-98.05295,19.05066],[-98.05221,19.05219],[-98.05163,19.0534],[-98.0512,19.05448],[-98.05061,19.05886],[-98.05052,19.05987],[-98.05051,19.05988],[-98.05065,19.06051],[-98.05084,19.06135],[-98.05098,19.06203],[-98.05114,19.06254],[-98.05087,19.06309],[-98.0508,19.06368],[-98.05056,19.06503],[-98.05045,19.06582],[-98.05103,19.0661],[-98.05148,19.06671],[-98.0523,19.0677],[-98.05188,19.06884],[-98.05155,19.06944],[-98.05167,19.07061],[-98.05106,19.07148],[-98.05011,19.0714],[-98.04916,19.07235],[-98.04832,19.07224],[-98.04776,19.07119],[-98.04681,19.07103],[-98.04597,19.07099],[-98.04548,19.07231],[-98.04405,19.07221],[-98.04413,19.07308],[-98.04427,19.07379],[-98.04466,19.07427],[-98.04483,19.07469],[-98.04464,19.07503],[-98.0443,19.07523],[-98.04439,19.07549],[-98.04471,19.0762],[-98.04471,19.07672],[-98.04507,19.07752],[-98.04553,19.07825],[-98.04652,19.08024],[-98.04652,19.08436],[-98.04643,19.08729],[-98.04682,19.08896],[-98.04631,19.09047],[-98.04652,19.09189],[-98.04682,19.09301],[-98.04703,19.0942],[-98.04708,19.09543],[-98.0473,19.0963],[-98.04662,19.09926],[-98.04691,19.10079],[-98.04691,19.10154],[-98.04689,19.10282],[-98.04701,19.10401],[-98.04674,19.10468],[-98.04669,19.10475],[-98.04606,19.10555],[-98.04558,19.10593],[-98.04493,19.10605],[-98.04435,19.10667],[-98.04379,19.10699],[-98.04345,19.10776],[-98.04289,19.1087],[-98.04265,19.10953],[-98.04224,19.11094],[-98.04122,19.11275],[-98.04055,19.11424],[-98.04042,19.11472],[-98.03999,19.11536],[-98.03912,19.11618],[-98.03858,19.11701],[-98.03759,19.11723],[-98.03684,19.11735],[-98.03645,19.11803],[-98.03621,19.11952],[-98.0358,19.12266],[-98.03532,19.12458],[-98.035,19.12519],[-98.03478,19.12558],[-98.03478,19.12634],[-98.03459,19.12757],[-98.03466,19.12894],[-98.03413,19.13036],[-98.0344,19.13185],[-98.03277,19.1321],[-98.03236,19.13393],[-98.03221,19.13471],[-98.03221,19.13471],[-98.03221,19.13471],[-98.03248,19.13474],[-98.03251,19.13475],[-98.03307,19.13477],[-98.03313,19.13477],[-98.03387,19.13486],[-98.03609,19.13523],[-98.03613,19.13524],[-98.03637,19.13499],[-98.03649,19.13483],[-98.03653,19.13479],[-98.03657,19.13472],[-98.03667,19.13459],[-98.0367,19.13454],[-98.03676,19.13442],[-98.03702,19.13406],[-98.03727,19.13371],[-98.03767,19.13298],[-98.0379,19.13254],[-98.03833,19.13203],[-98.03863,19.13167],[-98.03878,19.1314],[-98.03882,19.13133],[-98.03897,19.131],[-98.03908,19.13071],[-98.03918,19.13044],[-98.03923,19.13021],[-98.03935,19.12989],[-98.03953,19.12965],[-98.03964,19.12951],[-98.03967,19.12952],[-98.03968,19.12953],[-98.04056,19.12991],[-98.04074,19.12998],[-98.04121,19.1297],[-98.0414,19.12944],[-98.04155,19.12923],[-98.04177,19.12894],[-98.04198,19.1287],[-98.04202,19.12866],[-98.04227,19.12841],[-98.04273,19.12808],[-98.04273,19.12808],[-98.04284,19.12813],[-98.04305,19.12824],[-98.04314,19.12827],[-98.0432,19.12829],[-98.04327,19.12827],[-98.04334,19.12826],[-98.04351,19.1282],[-98.04363,19.12802],[-98.04364,19.12787],[-98.04371,19.12774],[-98.04377,19.12769],[-98.04383,19.12765],[-98.0439,19.12769],[-98.04402,19.12775],[-98.04413,19.12776],[-98.04421,19.12777],[-98.04428,19.12778],[-98.04445,19.12778],[-98.04457,19.1277],[-98.04458,19.12768],[-98.04463,19.12756],[-98.04467,19.12746],[-98.0447,19.12738],[-98.04465,19.12717],[-98.04493,19.12676],[-98.04508,19.12659],[-98.04479,19.12619],[-98.04471,19.12608],[-98.04432,19.12567],[-98.04376,19.12509],[-98.04377,19.12502],[-98.04378,19.12488],[-98.04383,19.12473],[-98.04386,19.12465],[-98.04385,19.12455],[-98.04384,19.12438],[-98.04388,19.12428],[-98.04394,19.12413],[-98.04395,19.12402],[-98.04397,19.12375],[-98.04397,19.12365],[-98.04396,19.12352],[-98.04398,19.12322],[-98.04399,19.12307],[-98.044,19.12294],[-98.04401,19.12282],[-98.04403,19.12253],[-98.04408,19.12249],[-98.04417,19.12244],[-98.04422,19.12239],[-98.04428,19.12234],[-98.04446,19.12206],[-98.04455,19.12183],[-98.04464,19.12171],[-98.04482,19.12169],[-98.04482,19.12169],[-98.04485,19.12169],[-98.04505,19.12172],[-98.04514,19.12174],[-98.04516,19.12175],[-98.04524,19.12174],[-98.04529,19.12171],[-98.04528,19.12169],[-98.04526,19.12161],[-98.04526,19.12156],[-98.04526,19.12152],[-98.04534,19.12142],[-98.0454,19.12136],[-98.0454,19.12135],[-98.04541,19.12129],[-98.04545,19.12121],[-98.04554,19.12103],[-98.04557,19.121],[-98.04559,19.12098],[-98.04571,19.12099],[-98.04575,19.12101],[-98.04582,19.12104],[-98.0459,19.12105],[-98.04595,19.12105],[-98.04607,19.12102],[-98.04611,19.12083],[-98.04614,19.12069],[-98.04615,19.12068],[-98.04618,19.12062],[-98.04634,19.12062],[-98.0464,19.12062],[-98.04643,19.12062],[-98.04654,19.12061],[-98.04675,19.12055],[-98.04677,19.12055],[-98.0468,19.12054],[-98.04695,19.12052],[-98.0472,19.12048],[-98.04727,19.12046],[-98.04727,19.12036],[-98.0472,19.12025],[-98.0471,19.12013],[-98.04706,19.12008],[-98.04701,19.12002],[-98.04697,19.11996],[-98.04696,19.11984],[-98.04695,19.1198],[-98.04695,19.1198],[-98.04701,19.11973],[-98.04706,19.11968],[-98.04714,19.11961],[-98.04718,19.11955],[-98.04721,19.11952],[-98.04721,19.11952],[-98.04732,19.11952],[-98.0474,19.11953],[-98.04746,19.11954],[-98.04746,19.11954],[-98.04754,19.11958],[-98.04755,19.11958],[-98.0476,19.11959],[-98.04771,19.11954],[-98.04776,19.11948],[-98.0478,19.11944],[-98.04783,19.11941],[-98.04791,19.11933],[-98.04794,19.11929],[-98.048,19.11922],[-98.04809,19.1191],[-98.04809,19.1191],[-98.04809,19.1191],[-98.04818,19.11908],[-98.0482,19.1191],[-98.04831,19.11926],[-98.04832,19.11927],[-98.04834,19.11935],[-98.04836,19.11936],[-98.0484,19.11939],[-98.04851,19.11946],[-98.04863,19.11945],[-98.04874,19.11937],[-98.0488,19.11924],[-98.0488,19.11922],[-98.0488,19.11915],[-98.0488,19.11915],[-98.04889,19.11919],[-98.04912,19.11924],[-98.04919,19.11925],[-98.04922,19.11926],[-98.04927,19.11926],[-98.04928,19.11926],[-98.04928,19.11923],[-98.04927,19.11913],[-98.04922,19.11897],[-98.04921,19.11894],[-98.04922,19.11882],[-98.04922,19.11871],[-98.04923,19.11867],[-98.04923,19.11866],[-98.04923,19.11866],[-98.04926,19.11866],[-98.04932,19.11866],[-98.04941,19.11867],[-98.04945,19.11868],[-98.04949,19.11868],[-98.04956,19.1187],[-98.04966,19.1187],[-98.0497,19.1187],[-98.04982,19.1187],[-98.04986,19.11866],[-98.0499,19.11862],[-98.04994,19.11853],[-98.0499,19.11844],[-98.04985,19.11837],[-98.04982,19.11832],[-98.0498,19.11828],[-98.04975,19.11821],[-98.04975,19.11814],[-98.04975,19.11809],[-98.04978,19.11806],[-98.04981,19.11801],[-98.04988,19.11799],[-98.04991,19.11798],[-98.05002,19.11795],[-98.05008,19.11794],[-98.05014,19.11792],[-98.05017,19.11792],[-98.05024,19.11791],[-98.05028,19.11791],[-98.05043,19.11791],[-98.05067,19.11795],[-98.05069,19.11795],[-98.05085,19.11789],[-98.05091,19.11779],[-98.05096,19.1177],[-98.05102,19.1176],[-98.05103,19.11757],[-98.05103,19.11757],[-98.05103,19.11757],[-98.05115,19.11759],[-98.05139,19.11764],[-98.05157,19.11762],[-98.05173,19.11753],[-98.05176,19.11751],[-98.05176,19.11751],[-98.05176,19.11751],[-98.05176,19.11751],[-98.05179,19.11749],[-98.05194,19.11737],[-98.052,19.11722],[-98.052,19.11714],[-98.05199,19.11697],[-98.05191,19.11674],[-98.05185,19.11649],[-98.05181,19.11634],[-98.05181,19.11615],[-98.05181,19.11611],[-98.0518,19.11606],[-98.0518,19.11606],[-98.05174,19.11602],[-98.05168,19.11597],[-98.0516,19.11593],[-98.0515,19.11587],[-98.05142,19.11578],[-98.05142,19.11574],[-98.05142,19.11569],[-98.05149,19.11563],[-98.05166,19.11562],[-98.05178,19.1156],[-98.05185,19.11559],[-98.0519,19.11558],[-98.05199,19.11556],[-98.052,19.11556],[-98.05208,19.11554],[-98.05218,19.1154],[-98.0522,19.11537],[-98.05222,19.11533],[-98.05222,19.11524],[-98.05221,19.11517],[-98.05218,19.11507],[-98.05209,19.11502],[-98.05207,19.11501],[-98.05197,19.11501],[-98.05181,19.11502],[-98.05178,19.11506],[-98.05175,19.11506],[-98.05172,19.11507],[-98.05164,19.11507],[-98.05156,19.11507],[-98.05154,19.11506],[-98.05148,19.11502],[-98.05148,19.11496],[-98.05148,19.11495],[-98.05146,19.11488],[-98.05148,19.1148],[-98.05153,19.11474],[-98.05155,19.11468],[-98.05156,19.11468],[-98.05156,19.11468],[-98.0516,19.11449],[-98.05161,19.11445],[-98.05163,19.11436],[-98.05168,19.11427],[-98.05168,19.11427],[-98.05168,19.11427],[-98.05168,19.11416],[-98.05168,19.11412],[-98.05167,19.11396],[-98.05167,19.11396],[-98.05157,19.11389],[-98.05149,19.11382],[-98.05141,19.11376],[-98.0513,19.11358],[-98.05124,19.11351],[-98.05121,19.11347],[-98.05118,19.11344],[-98.05108,19.11336],[-98.05103,19.1133],[-98.05098,19.11322],[-98.05093,19.11316],[-98.05092,19.11314],[-98.05091,19.11307],[-98.05094,19.11305],[-98.05097,19.11303],[-98.05109,19.11302],[-98.05113,19.11302],[-98.05131,19.11293],[-98.05132,19.11292],[-98.0514,19.11286],[-98.0514,19.11281],[-98.05142,19.11274],[-98.05127,19.11252],[-98.05108,19.11234],[-98.05106,19.11232],[-98.05082,19.11218],[-98.05071,19.1121],[-98.05068,19.11207],[-98.0506,19.11199],[-98.05057,19.1119],[-98.05057,19.11184],[-98.05057,19.1118],[-98.05063,19.11162],[-98.05063,19.1116],[-98.05067,19.11149],[-98.05069,19.11136],[-98.05069,19.11133],[-98.05069,19.11131],[-98.0507,19.1112],[-98.0507,19.1111],[-98.05069,19.11104],[-98.05062,19.11085],[-98.05059,19.11083],[-98.05052,19.11079],[-98.05046,19.11078],[-98.05038,19.11077],[-98.05026,19.1107],[-98.05022,19.11067],[-98.05022,19.11067],[-98.05006,19.11056],[-98.05006,19.11056],[-98.05003,19.11055],[-98.05001,19.11049],[-98.05001,19.11049],[-98.05001,19.11043],[-98.05004,19.11039],[-98.0501,19.11029],[-98.05035,19.11014],[-98.05042,19.11007],[-98.05047,19.11001],[-98.05047,19.11001],[-98.05047,19.11001],[-98.05039,19.10987],[-98.05039,19.10986],[-98.05035,19.10972],[-98.05033,19.10968],[-98.05031,19.10964],[-98.0503,19.10956],[-98.0503,19.10955],[-98.05031,19.1095],[-98.05032,19.10945],[-98.05046,19.10942],[-98.05049,19.10942],[-98.05062,19.10935],[-98.05096,19.10888],[-98.05104,19.10876],[-98.05106,19.10872],[-98.05107,19.10869],[-98.05109,19.10859],[-98.0509,19.10833],[-98.05082,19.10829],[-98.0508,19.10798],[-98.05076,19.10778],[-98.05073,19.10769],[-98.05068,19.1075],[-98.05067,19.10746],[-98.05065,19.10738],[-98.05065,19.10729],[-98.05064,19.10721],[-98.05064,19.10718],[-98.05063,19.10699],[-98.05062,19.10679],[-98.05075,19.10645],[-98.05097,19.10584],[-98.05138,19.10578],[-98.05153,19.10582],[-98.05153,19.10611],[-98.05153,19.10611],[-98.05162,19.10628],[-98.05166,19.10625],[-98.05182,19.10617],[-98.05201,19.10593],[-98.05204,19.10589],[-98.05218,19.10566],[-98.0522,19.10546],[-98.05221,19.10537],[-98.05223,19.10531],[-98.05228,19.10512],[-98.05234,19.10503],[-98.05236,19.105],[-98.05246,19.10493],[-98.05253,19.10489],[-98.05269,19.10503],[-98.05275,19.10508],[-98.05284,19.10513],[-98.05284,19.10513],[-98.05291,19.10515],[-98.05318,19.10522],[-98.05328,19.10519],[-98.05351,19.1052],[-98.05352,19.10521],[-98.05353,19.10521],[-98.05366,19.10521],[-98.05378,19.10517],[-98.05389,19.10506],[-98.05393,19.10494],[-98.05393,19.10494],[-98.05392,19.10491],[-98.05389,19.10481],[-98.05388,19.10474],[-98.05387,19.10469],[-98.05391,19.10467],[-98.05397,19.10463],[-98.05407,19.10459],[-98.05412,19.10458],[-98.05421,19.10456],[-98.05421,19.10456],[-98.05426,19.1045],[-98.05429,19.10445],[-98.0543,19.10436],[-98.05434,19.1042],[-98.05439,19.10408],[-98.05445,19.10393],[-98.05449,19.10378],[-98.05452,19.10367],[-98.05456,19.10361],[-98.05458,19.10358],[-98.05464,19.10354],[-98.05471,19.10354],[-98.05483,19.10355],[-98.05493,19.10356],[-98.05517,19.10363],[-98.0553,19.10363],[-98.05534,19.10363],[-98.05543,19.10363],[-98.05561,19.10339],[-98.05564,19.10306],[-98.05567,19.10294],[-98.05568,19.10292],[-98.05568,19.10292],[-98.05572,19.10272],[-98.0557,19.10252],[-98.05571,19.10244],[-98.05573,19.10218],[-98.05567,19.10204],[-98.05562,19.10195],[-98.05562,19.10189],[-98.05562,19.10186],[-98.05567,19.10179],[-98.05568,19.10178],[-98.05569,19.10176],[-98.05575,19.10172],[-98.05587,19.10156],[-98.05606,19.10158],[-98.0562,19.10162],[-98.05625,19.10164],[-98.05631,19.10166],[-98.05639,19.1017],[-98.05661,19.10172],[-98.05663,19.10173],[-98.05675,19.10172],[-98.05685,19.1017],[-98.05685,19.1017],[-98.05696,19.10154],[-98.05704,19.10145],[-98.0571,19.10137],[-98.05712,19.10127],[-98.05715,19.10118],[-98.0573,19.10076],[-98.05784,19.10053],[-98.05784,19.10053],[-98.05784,19.10053],[-98.05793,19.10044],[-98.05796,19.10042],[-98.05809,19.10021],[-98.05814,19.1001],[-98.05824,19.09991],[-98.05826,19.09988],[-98.05827,19.09985],[-98.05829,19.09982],[-98.05833,19.09976],[-98.05838,19.09972],[-98.05842,19.0997],[-98.0585,19.09964],[-98.05852,19.09962],[-98.05871,19.09964],[-98.05879,19.09969],[-98.0588,19.09969],[-98.0588,19.09969],[-98.05881,19.09969],[-98.05902,19.09972],[-98.05921,19.09967],[-98.05939,19.09963],[-98.0595,19.0996],[-98.05959,19.09957],[-98.05982,19.09954],[-98.05987,19.09953],[-98.05999,19.09967],[-98.06014,19.09974],[-98.06015,19.09974],[-98.06031,19.09972],[-98.06049,19.09966],[-98.06068,19.09956],[-98.06069,19.09955],[-98.0611,19.09922],[-98.06117,19.09916],[-98.0613,19.09905],[-98.06149,19.09876],[-98.06158,19.09856],[-98.06163,19.0985],[-98.06171,19.0984],[-98.06205,19.09811],[-98.06216,19.09803],[-98.06257,19.09771],[-98.06288,19.09758],[-98.06288,19.09758],[-98.06289,19.09758],[-98.06344,19.09735],[-98.06359,19.09728],[-98.06361,19.09725],[-98.06368,19.09711],[-98.06373,19.09694],[-98.06377,19.09678],[-98.06398,19.09666],[-98.06421,19.09657],[-98.06439,19.09642],[-98.06439,19.09642],[-98.06439,19.09642],[-98.06441,19.09619],[-98.06443,19.09617],[-98.06453,19.09602],[-98.06475,19.09595],[-98.06477,19.09595],[-98.06488,19.09593],[-98.065,19.09591],[-98.06502,19.0959],[-98.0651,19.09587],[-98.0651,19.09587],[-98.06512,19.09575],[-98.06511,19.09559],[-98.06513,19.09552],[-98.06516,19.09546],[-98.06517,19.09544],[-98.06525,19.09537],[-98.06529,19.09529],[-98.06531,19.09525],[-98.06532,19.09511],[-98.06532,19.09507],[-98.06535,19.09491],[-98.06545,19.09481],[-98.06557,19.09469],[-98.06565,19.0946],[-98.06568,19.0943],[-98.06569,19.09403],[-98.06561,19.09389],[-98.0656,19.09387],[-98.06552,19.09377],[-98.06546,19.09372],[-98.06543,19.09369],[-98.06532,19.09363],[-98.06516,19.09353],[-98.06507,19.09342],[-98.06505,19.09336],[-98.06504,19.09331],[-98.06504,19.09323],[-98.06504,19.09322],[-98.0651,19.09314],[-98.0652,19.09306],[-98.06543,19.09291],[-98.06548,19.09285],[-98.0657,19.09259],[-98.06579,19.09187],[-98.06579,19.09187],[-98.06613,19.09184],[-98.06652,19.09156],[-98.06657,19.0915],[-98.06662,19.09142],[-98.06669,19.09134],[-98.06669,19.09121],[-98.06668,19.0911],[-98.0666,19.09097],[-98.06647,19.09092],[-98.06635,19.09086],[-98.06624,19.09081],[-98.06617,19.09078],[-98.06609,19.09074],[-98.06606,19.09072],[-98.06604,19.09061],[-98.06605,19.09046],[-98.06613,19.09037],[-98.06621,19.09025],[-98.06627,19.09021],[-98.06637,19.09021],[-98.06642,19.09021],[-98.06659,19.09025],[-98.06676,19.0903],[-98.0668,19.09031],[-98.06696,19.09033],[-98.06712,19.09037],[-98.06712,19.09037],[-98.06725,19.09037],[-98.06732,19.09033],[-98.06736,19.09027],[-98.06737,19.09018],[-98.06738,19.09011],[-98.06739,19.08994],[-98.06741,19.08976],[-98.06731,19.08962],[-98.0672,19.08947],[-98.0672,19.08947],[-98.0672,19.08934],[-98.06721,19.08928],[-98.06718,19.08918],[-98.06719,19.08902],[-98.0673,19.08888],[-98.06736,19.08879],[-98.06739,19.08875],[-98.06753,19.08847],[-98.06773,19.08824],[-98.0679,19.08797],[-98.06801,19.0873],[-98.06812,19.08687],[-98.06817,19.08669],[-98.06829,19.08642],[-98.06837,19.08626],[-98.06847,19.08597],[-98.0685,19.0858],[-98.06852,19.08574],[-98.06855,19.08548],[-98.06852,19.08536],[-98.06848,19.08518],[-98.06859,19.08506],[-98.06867,19.08497],[-98.06885,19.0846],[-98.06895,19.08451],[-98.06912,19.08432],[-98.06921,19.08414],[-98.0693,19.08395],[-98.06962,19.08333],[-98.06965,19.08287],[-98.0696,19.08262],[-98.06958,19.08254],[-98.0696,19.08234],[-98.06965,19.08225],[-98.06971,19.08215],[-98.06979,19.08199],[-98.06981,19.08197],[-98.06981,19.08197],[-98.07006,19.08192],[-98.07034,19.08175],[-98.07042,19.0817],[-98.07059,19.08146],[-98.07067,19.08104],[-98.07067,19.08104],[-98.07064,19.08096],[-98.07058,19.0808],[-98.07061,19.08058],[-98.07093,19.08036],[-98.07109,19.08036],[-98.07172,19.08039],[-98.07216,19.08041],[-98.07251,19.08042],[-98.07262,19.08042],[-98.07263,19.08041],[-98.07281,19.08042],[-98.07326,19.08044],[-98.07329,19.08038],[-98.07331,19.08035],[-98.07341,19.08011],[-98.07342,19.08001],[-98.07344,19.07988],[-98.07349,19.0797],[-98.07351,19.07964],[-98.07355,19.07942],[-98.07356,19.0794],[-98.07361,19.07918],[-98.07365,19.07896],[-98.07366,19.0789],[-98.07371,19.07866],[-98.07374,19.07852],[-98.07376,19.07844],[-98.07377,19.0782],[-98.07383,19.07797],[-98.07388,19.0777],[-98.07392,19.07753],[-98.07393,19.07746],[-98.07396,19.07736],[-98.074,19.07722],[-98.07406,19.07696],[-98.07414,19.07649],[-98.07419,19.07626],[-98.07423,19.07601],[-98.07428,19.07577],[-98.0743,19.07563],[-98.07432,19.07555],[-98.07433,19.07548],[-98.07435,19.07525],[-98.0744,19.07501],[-98.07441,19.075],[-98.07444,19.07478],[-98.0745,19.07454],[-98.07457,19.0743],[-98.0746,19.074],[-98.07463,19.07381],[-98.07468,19.07356],[-98.07468,19.07356],[-98.07479,19.07344],[-98.07751,19.07458],[-98.07755,19.07457],[-98.07748,19.07488],[-98.07743,19.07515],[-98.07927,19.07578],[-98.07933,19.07581],[-98.07998,19.07603],[-98.08038,19.07623],[-98.08205,19.0769],[-98.08208,19.07691],[-98.08608,19.07854],[-98.08646,19.07869],[-98.08665,19.07873],[-98.08668,19.07841],[-98.08677,19.07804],[-98.08693,19.07783],[-98.08759,19.07717],[-98.08787,19.07677],[-98.088,19.07624],[-98.08806,19.07516],[-98.0883,19.0745],[-98.08845,19.07366],[-98.08858,19.07328],[-98.08888,19.07317],[-98.08919,19.07298],[-98.08985,19.07231],[-98.09058,19.07205],[-98.09119,19.07179],[-98.09199,19.07178],[-98.09229,19.07159],[-98.0924,19.07128],[-98.09285,19.07095],[-98.09309,19.07083],[-98.0931,19.07058],[-98.09302,19.07014],[-98.09338,19.06934],[-98.09382,19.06882],[-98.09466,19.06792],[-98.09511,19.0673],[-98.09561,19.06637],[-98.09575,19.066],[-98.09568,19.06569],[-98.09562,19.06547],[-98.096,19.06463],[-98.09621,19.06351],[-98.09632,19.06319],[-98.08922,19.06179],[-98.08348,19.06066],[-98.08132,19.06023],[-98.07332,19.05873],[-98.07332,19.05772],[-98.07431,19.05298],[-98.07097,19.05206]]]}},{"type":"Feature","properties":{"cp":72980,"nombre":"CP 72980"},"geometry":{"type":"Polygon","coordinates":[[[-98.07171,19.02814],[-98.07171,19.02814],[-98.07082,19.02829],[-98.07004,19.02829],[-98.06888,19.02829],[-98.06815,19.02852],[-98.06719,19.02925],[-98.06617,19.03012],[-98.06496,19.0304],[-98.06409,19.0304],[-98.06336,19.02982],[-98.0629,19.02889],[-98.06214,19.02756],[-98.06133,19.02665],[-98.06057,19.02635],[-98.05939,19.02657],[-98.0577,19.02707],[-98.0558,19.02764],[-98.05453,19.0279],[-98.05301,19.02719],[-98.05222,19.02662],[-98.0515,19.0255],[-98.05107,19.02482],[-98.05049,19.02451],[-98.0493,19.02478],[-98.04775,19.02535],[-98.04631,19.0262],[-98.04497,19.0266],[-98.0441,19.0268],[-98.04348,19.02703],[-98.0431,19.02722],[-98.04293,19.0273],[-98.0428,19.02752],[-98.04255,19.02773],[-98.04238,19.02778],[-98.04222,19.02781],[-98.04192,19.02806],[-98.04168,19.02811],[-98.04137,19.02818],[-98.04102,19.02821],[-98.04069,19.02809],[-98.04052,19.02802],[-98.04012,19.02802],[-98.03977,19.02781],[-98.03956,19.0279],[-98.03944,19.02816],[-98.03931,19.02842],[-98.03916,19.0289],[-98.0391,19.02921],[-98.0391,19.02947],[-98.03921,19.0297],[-98.03912,19.03032],[-98.03908,19.03058],[-98.03882,19.03053],[-98.03859,19.0302],[-98.0384,19.03003],[-98.03771,19.02974],[-98.03751,19.02966],[-98.03733,19.02926],[-98.03721,19.02911],[-98.03685,19.02891],[-98.03549,19.02813],[-98.03464,19.02763],[-98.03319,19.02594],[-98.03213,19.02517],[-98.03195,19.02516],[-98.03178,19.02534],[-98.03154,19.02581],[-98.03136,19.02599],[-98.03136,19.02599],[-98.03137,19.02588],[-98.03138,19.02573],[-98.03136,19.02557],[-98.03132,19.02545],[-98.03121,19.02518],[-98.03115,19.02503],[-98.03097,19.02474],[-98.03086,19.02458],[-98.03073,19.02438],[-98.03056,19.02412],[-98.03,19.02438],[-98.02961,19.0245],[-98.02903,19.02468],[-98.0288,19.02474],[-98.0284,19.02482],[-98.02801,19.02488],[-98.02739,19.02498],[-98.0274,19.02516],[-98.02741,19.02548],[-98.02744,19.02599],[-98.02646,19.02599],[-98.02648,19.0263],[-98.02649,19.02651],[-98.02649,19.02692],[-98.02586,19.02683],[-98.02544,19.02667],[-98.02514,19.02699],[-98.02505,19.02712],[-98.02484,19.02752],[-98.02461,19.02793],[-98.02449,19.02815],[-98.02449,19.02815],[-98.02401,19.02894],[-98.02343,19.03001],[-98.02321,19.03046],[-98.02284,19.03087],[-98.0225,19.03159],[-98.02226,19.0318],[-98.02192,19.03231],[-98.02102,19.03343],[-98.02088,19.03404],[-98.02051,19.03408],[-98.01888,19.03383],[-98.01882,19.03528],[-98.01883,19.03571],[-98.01873,19.03642],[-98.02125,19.03674],[-98.02554,19.03728],[-98.02542,19.03768],[-98.02531,19.03779],[-98.02517,19.03826],[-98.02611,19.03839],[-98.02746,19.03856],[-98.0271,19.03971],[-98.02681,19.04074],[-98.02555,19.04062],[-98.02509,19.04222],[-98.02306,19.04205],[-98.02738,19.04841],[-98.02738,19.04841],[-98.02879,19.05053],[-98.02895,19.05139],[-98.02897,19.05165],[-98.02929,19.05203],[-98.02967,19.05238],[-98.03009,19.05318],[-98.03067,19.05378],[-98.03226,19.05575],[-98.03251,19.05636],[-98.03266,19.05686],[-98.03276,19.05743],[-98.03274,19.05814],[-98.03285,19.0587],[-98.03282,19.05961],[-98.0328,19.06003],[-98.0327,19.06033],[-98.03263,19.06053],[-98.03264,19.06072],[-98.03264,19.06088],[-98.03253,19.06106],[-98.03239,19.06135],[-98.03234,19.06179],[-98.03236,19.06196],[-98.0324,19.06216],[-98.03279,19.06254],[-98.03308,19.06305],[-98.03331,19.06343],[-98.0335,19.06354],[-98.03367,19.06385],[-98.03383,19.06419],[-98.03406,19.06445],[-98.03448,19.06473],[-98.03465,19.06497],[-98.03484,19.06514],[-98.03514,19.06527],[-98.03529,19.06541],[-98.03538,19.06579],[-98.03544,19.0659],[-98.03564,19.06608],[-98.03568,19.06618],[-98.03565,19.06635],[-98.03565,19.06653],[-98.03569,19.06661],[-98.03583,19.06669],[-98.03597,19.06679],[-98.03611,19.06701],[-98.03624,19.06704],[-98.03644,19.0671],[-98.03663,19.06741],[-98.03685,19.0676],[-98.03718,19.06774],[-98.03781,19.06802],[-98.03825,19.06835],[-98.03868,19.06887],[-98.03896,19.06942],[-98.03899,19.06975],[-98.03887,19.07025],[-98.03882,19.07105],[-98.03879,19.07187],[-98.03876,19.07293],[-98.04349,19.06997],[-98.04351,19.07023],[-98.04351,19.0708],[-98.0437,19.0714],[-98.04405,19.07221],[-98.04548,19.07231],[-98.04597,19.07099],[-98.04681,19.07103],[-98.04776,19.07119],[-98.04832,19.07224],[-98.04916,19.07235],[-98.05011,19.0714],[-98.05106,19.07148],[-98.05167,19.07061],[-98.05155,19.06944],[-98.05188,19.06884],[-98.0523,19.0677],[-98.05148,19.06671],[-98.05103,19.0661],[-98.05045,19.06582],[-98.05056,19.06503],[-98.0508,19.06368],[-98.05087,19.06309],[-98.05114,19.06254],[-98.05098,19.06203],[-98.05084,19.06135],[-98.05065,19.06051],[-98.05051,19.05988],[-98.05052,19.05987],[-98.05061,19.05886],[-98.0512,19.05448],[-98.05163,19.0534],[-98.05221,19.05219],[-98.05295,19.05066],[-98.05301,19.05047],[-98.05386,19.05068],[-98.05361,19.05147],[-98.05426,19.05164],[-98.05452,19.05115],[-98.05524,19.04974],[-98.05552,19.04897],[-98.05564,19.04897],[-98.05619,19.04896],[-98.05739,19.04879],[-98.05799,19.04865],[-98.05856,19.04849],[-98.05907,19.04828],[-98.06053,19.04849],[-98.0612,19.04863],[-98.06174,19.04876],[-98.0623,19.04896],[-98.06284,19.04916],[-98.06362,19.04954],[-98.06404,19.04974],[-98.06416,19.04979],[-98.06428,19.04985],[-98.06444,19.04992],[-98.06602,19.05065],[-98.06704,19.05099],[-98.06704,19.05099],[-98.06733,19.0501],[-98.06773,19.04896],[-98.06822,19.04744],[-98.06871,19.04596],[-98.06872,19.04582],[-98.06881,19.0455],[-98.06895,19.04513],[-98.06912,19.04503],[-98.06922,19.04498],[-98.06936,19.04479],[-98.06954,19.04469],[-98.0697,19.04457],[-98.06977,19.04437],[-98.0698,19.04377],[-98.0698,19.04377],[-98.06981,19.04377],[-98.07003,19.04369],[-98.0703,19.04354],[-98.07047,19.04339],[-98.0706,19.04324],[-98.07082,19.04312],[-98.07104,19.04301],[-98.07114,19.04288],[-98.07126,19.04235],[-98.07132,19.0422],[-98.07146,19.04199],[-98.07159,19.04185],[-98.07163,19.04176],[-98.0716,19.04168],[-98.07139,19.04155],[-98.0712,19.04145],[-98.07105,19.04143],[-98.07079,19.04144],[-98.07079,19.04132],[-98.07083,19.04123],[-98.07083,19.04123],[-98.07083,19.04123],[-98.07079,19.04083],[-98.0707,19.04038],[-98.07089,19.03991],[-98.07097,19.0396],[-98.07098,19.03949],[-98.07097,19.03936],[-98.07083,19.03918],[-98.07084,19.03903],[-98.07094,19.03891],[-98.07103,19.03876],[-98.0711,19.03857],[-98.07122,19.03853],[-98.07135,19.03816],[-98.07155,19.03739],[-98.07173,19.03681],[-98.07189,19.03647],[-98.07243,19.03472],[-98.07347,19.0317],[-98.07319,19.03093],[-98.07295,19.03033],[-98.07251,19.02965],[-98.07217,19.02917],[-98.07184,19.02862],[-98.07171,19.02814]]]}},{"type":"Feature","properties":{"cp":72540,"nombre":"CP 72540"},"geometry":{"type":"MultiPolygon","coordinates":[[[[-98.18561,19.0221],[-98.18563,19.02141],[-98.18556,19.02061],[-98.18549,19.02019],[-98.1856,19.01987],[-98.18568,19.01887],[-98.18568,19.01839],[-98.18578,19.01821],[-98.186,19.01819],[-98.18627,19.01825],[-98.18666,19.01842],[-98.18691,19.01859],[-98.18725,19.01884],[-98.18743,19.01886],[-98.18764,19.01877],[-98.18782,19.01865],[-98.18791,19.01853],[-98.18799,19.01843],[-98.18803,19.01831],[-98.18803,19.01821],[-98.18796,19.0181],[-98.18781,19.01802],[-98.1876,19.01798],[-98.1874,19.01784],[-98.18725,19.0176],[-98.18715,19.01733],[-98.18709,19.01711],[-98.18712,19.01681],[-98.18723,19.01662],[-98.18496,19.01498],[-98.18343,19.01387],[-98.18408,19.01261],[-98.18474,19.01139],[-98.18428,19.0111],[-98.18341,19.01061],[-98.18283,19.01032],[-98.18269,19.01056],[-98.18195,19.01136],[-98.18023,19.01049],[-98.17999,19.01107],[-98.17987,19.0113],[-98.17927,19.01221],[-98.17897,19.01269],[-98.17887,19.01308],[-98.17876,19.01377],[-98.17864,19.01412],[-98.17848,19.01442],[-98.17826,19.01462],[-98.17802,19.01474],[-98.1796,19.01581],[-98.18148,19.01713],[-98.18117,19.01779],[-98.18084,19.01834],[-98.18191,19.01911],[-98.18218,19.01932],[-98.18408,19.0208],[-98.18514,19.02168],[-98.18541,19.022],[-98.18561,19.0221]]],[[[-98.19184,19.02316],[-98.19184,19.02316],[-98.19205,19.02104],[-98.18989,19.01973],[-98.18937,19.02066],[-98.1908,19.02141],[-98.19002,19.02222],[-98.19184,19.02316]]]]}},{"type":"Feature","properties":{"cp":72090,"nombre":"CP 72090"},"geometry":{"type":"Polygon","coordinates":[[[-98.2123,19.06019],[-98.21364,19.05908],[-98.21494,19.06046],[-98.21556,19.06113],[-98.21505,19.0616],[-98.21518,19.06168],[-98.21465,19.06216],[-98.21377,19.06293],[-98.21287,19.06376],[-98.21442,19.065],[-98.21507,19.06557],[-98.21591,19.06629],[-98.21814,19.06822],[-98.21814,19.06822],[-98.21842,19.06745],[-98.21852,19.06745],[-98.21867,19.06695],[-98.21858,19.06689],[-98.21875,19.06641],[-98.21871,19.06632],[-98.22036,19.06414],[-98.22057,19.06385],[-98.22072,19.06378],[-98.2208,19.06364],[-98.22085,19.06336],[-98.22072,19.06314],[-98.22059,19.0629],[-98.22039,19.06218],[-98.22027,19.06185],[-98.22007,19.0614],[-98.21986,19.06103],[-98.21963,19.06065],[-98.21988,19.06033],[-98.21841,19.05959],[-98.2188,19.05906],[-98.21867,19.05894],[-98.21845,19.05851],[-98.21828,19.05808],[-98.2179,19.05783],[-98.21753,19.05826],[-98.2174,19.05839],[-98.21723,19.05775],[-98.21684,19.05743],[-98.21649,19.05707],[-98.21616,19.05686],[-98.21658,19.05647],[-98.21709,19.056],[-98.21786,19.05523],[-98.21877,19.05514],[-98.2181,19.0547],[-98.21911,19.05285],[-98.21998,19.05135],[-98.21891,19.05081],[-98.21212,19.04739],[-98.21062,19.04662],[-98.21062,19.04662],[-98.20974,19.04809],[-98.20886,19.04963],[-98.21037,19.0504],[-98.20942,19.05207],[-98.20942,19.05207],[-98.20794,19.05133],[-98.20758,19.05212],[-98.2049,19.05073],[-98.20226,19.05523],[-98.20226,19.05523],[-98.20508,19.05658],[-98.20591,19.05514],[-98.20728,19.05583],[-98.20684,19.05659],[-98.20861,19.05746],[-98.20824,19.05815],[-98.20845,19.05917],[-98.20937,19.05872],[-98.2123,19.06019]]]}},{"type":"Feature","properties":{"cp":72353,"nombre":"CP 72353"},"geometry":{"type":"Polygon","coordinates":[[[-98.17019,18.99805],[-98.16934,18.99708],[-98.16724,18.99673],[-98.16536,18.99593],[-98.16364,18.99561],[-98.16021,18.99498],[-98.15803,18.99724],[-98.15506,19.00029],[-98.15164,19.004],[-98.14947,19.0063],[-98.14852,19.00785],[-98.14806,19.00912],[-98.14719,19.01205],[-98.14683,19.01383],[-98.14854,19.0141],[-98.14854,19.0141],[-98.14919,19.01278],[-98.15053,19.01032],[-98.15162,19.00832],[-98.15411,19.01222],[-98.15807,19.00749],[-98.16053,19.01011],[-98.16084,19.00959],[-98.16119,19.00917],[-98.16172,19.00885],[-98.16203,19.00859],[-98.16234,19.00824],[-98.16263,19.00791],[-98.16306,19.00764],[-98.16339,19.0075],[-98.16386,19.00743],[-98.16439,19.00736],[-98.16482,19.00731],[-98.16527,19.00716],[-98.16557,19.00693],[-98.16585,19.00689],[-98.16599,19.00703],[-98.16611,19.00721],[-98.1664,19.00733],[-98.16683,19.0075],[-98.16725,19.00798],[-98.16746,19.00409],[-98.17038,19.00262],[-98.17038,19.00262],[-98.17038,19.00262],[-98.17046,19.00228],[-98.17059,19.00113],[-98.17058,19.00062],[-98.17067,18.99945],[-98.17062,18.99822],[-98.17019,18.99805]]]}},{"type":"Feature","properties":{"cp":72573,"nombre":"CP 72573"},"geometry":{"type":"Polygon","coordinates":[[[-98.18617,18.99635],[-98.18617,18.99635],[-98.18617,18.99635],[-98.18626,18.99574],[-98.18699,18.99542],[-98.18667,18.99529],[-98.1862,18.99502],[-98.18586,18.99494],[-98.18563,18.99502],[-98.1854,18.99514],[-98.18509,18.9952],[-98.18488,18.99515],[-98.18483,18.995],[-98.18489,18.99458],[-98.18502,18.99368],[-98.18517,18.9933],[-98.18523,18.99317],[-98.18524,18.99305],[-98.18521,18.99289],[-98.18507,18.99275],[-98.18476,18.99267],[-98.18448,18.99251],[-98.18413,18.99243],[-98.18413,18.99229],[-98.18413,18.99229],[-98.18425,18.99189],[-98.18423,18.99168],[-98.1843,18.99117],[-98.18432,18.9906],[-98.18434,18.99016],[-98.18444,18.98952],[-98.18462,18.98895],[-98.18498,18.98836],[-98.18527,18.98793],[-98.18546,18.98757],[-98.18552,18.98734],[-98.18554,18.98709],[-98.18551,18.98689],[-98.1852,18.98598],[-98.18395,18.98555],[-98.18359,18.98422],[-98.18342,18.98267],[-98.18348,18.9807],[-98.18358,18.98016],[-98.18222,18.9801],[-98.17616,18.9801],[-98.17525,18.98022],[-98.17461,18.98045],[-98.17419,18.9807],[-98.1736,18.98122],[-98.17148,18.98344],[-98.16812,18.98686],[-98.16395,18.99112],[-98.16055,18.99463],[-98.16021,18.99498],[-98.16364,18.99561],[-98.16536,18.99593],[-98.16724,18.99673],[-98.16934,18.99708],[-98.17019,18.99805],[-98.17302,18.99723],[-98.17414,18.99734],[-98.17723,18.99791],[-98.17783,18.99797],[-98.17854,18.9982],[-98.17847,18.99846],[-98.17844,18.99873],[-98.17842,18.99901],[-98.1792,18.99924],[-98.17933,18.99922],[-98.17969,18.99915],[-98.18098,18.99877],[-98.18099,18.99852],[-98.18098,18.99828],[-98.18094,18.99807],[-98.18087,18.99792],[-98.18426,18.99686],[-98.18586,18.99614],[-98.18617,18.99635]]]}},{"type":"Feature","properties":{"cp":72115,"nombre":"CP 72115"},"geometry":{"type":"Polygon","coordinates":[[[-98.2403,19.08734],[-98.24009,19.08686],[-98.23975,19.08604],[-98.23967,19.08574],[-98.23957,19.08549],[-98.23905,19.08536],[-98.23857,19.08543],[-98.23845,19.08542],[-98.23832,19.08627],[-98.23858,19.08641],[-98.23864,19.08651],[-98.23864,19.08651],[-98.23861,19.08662],[-98.23895,19.0873],[-98.23917,19.08736],[-98.23917,19.08736],[-98.23923,19.08755],[-98.23978,19.08762],[-98.23978,19.08762],[-98.23985,19.08786],[-98.23985,19.08786],[-98.23983,19.08809],[-98.23983,19.08809],[-98.23976,19.08829],[-98.23969,19.08844],[-98.23959,19.08853],[-98.23952,19.08866],[-98.23945,19.0888],[-98.23945,19.08934],[-98.23945,19.08934],[-98.23922,19.08936],[-98.23898,19.08966],[-98.23908,19.09021],[-98.23918,19.09036],[-98.23918,19.09036],[-98.23894,19.09029],[-98.23877,19.09011],[-98.23856,19.08987],[-98.23773,19.08954],[-98.23773,19.08954],[-98.23729,19.09008],[-98.23691,19.09056],[-98.23691,19.09056],[-98.23538,19.09237],[-98.23553,19.0928],[-98.23579,19.09448],[-98.23586,19.09462],[-98.23605,19.09475],[-98.23667,19.09488],[-98.23667,19.09483],[-98.23677,19.09461],[-98.23689,19.09451],[-98.23689,19.09451],[-98.23713,19.09444],[-98.23738,19.09434],[-98.23741,19.09433],[-98.23741,19.09433],[-98.2377,19.09428],[-98.23798,19.09422],[-98.23838,19.09419],[-98.23892,19.09416],[-98.23894,19.09416],[-98.23944,19.09409],[-98.23985,19.094],[-98.24013,19.09394],[-98.24053,19.09387],[-98.24088,19.09378],[-98.24125,19.09377],[-98.24126,19.09377],[-98.24157,19.09373],[-98.24173,19.0936],[-98.24198,19.0933],[-98.24211,19.09296],[-98.24226,19.0926],[-98.2423,19.09249],[-98.24245,19.09211],[-98.24249,19.09197],[-98.24269,19.09138],[-98.24266,19.09101],[-98.24266,19.091],[-98.24256,19.0908],[-98.24242,19.09059],[-98.24219,19.09035],[-98.24217,19.09033],[-98.24216,19.09032],[-98.24189,19.09005],[-98.24163,19.08976],[-98.24145,19.08949],[-98.24129,19.08934],[-98.24119,19.08925],[-98.24119,19.08925],[-98.24106,19.0891],[-98.24101,19.08905],[-98.24089,19.08881],[-98.24088,19.0888],[-98.24077,19.08863],[-98.2406,19.08823],[-98.24038,19.08769],[-98.24025,19.08751],[-98.2401,19.08738],[-98.2403,19.08734]]]}},{"type":"Feature","properties":{"cp":72110,"nombre":"CP 72110"},"geometry":{"type":"Polygon","coordinates":[[[-98.23667,19.09488],[-98.23605,19.09475],[-98.23586,19.09462],[-98.23579,19.09448],[-98.23553,19.0928],[-98.23538,19.09237],[-98.23691,19.09056],[-98.23691,19.09056],[-98.23729,19.09008],[-98.23773,19.08954],[-98.23773,19.08954],[-98.23773,19.08954],[-98.23792,19.08933],[-98.23816,19.08899],[-98.23821,19.08883],[-98.23821,19.08862],[-98.23821,19.08862],[-98.23815,19.08826],[-98.23815,19.08826],[-98.23809,19.08801],[-98.23804,19.08791],[-98.23789,19.0878],[-98.23724,19.0874],[-98.2366,19.08695],[-98.23555,19.08622],[-98.23485,19.08562],[-98.23307,19.08404],[-98.23246,19.08347],[-98.23207,19.08311],[-98.23127,19.08235],[-98.23137,19.08326],[-98.23145,19.08421],[-98.23151,19.08464],[-98.2319,19.08462],[-98.23114,19.08619],[-98.22981,19.08909],[-98.2293,19.08913],[-98.2293,19.08913],[-98.22955,19.09084],[-98.22959,19.09145],[-98.22974,19.09148],[-98.22993,19.09151],[-98.23049,19.09173],[-98.23069,19.09184],[-98.23104,19.09217],[-98.23151,19.09217],[-98.2316,19.09214],[-98.23216,19.09236],[-98.23209,19.09331],[-98.23208,19.09351],[-98.23203,19.09386],[-98.23148,19.09408],[-98.23141,19.09409],[-98.23134,19.09409],[-98.23124,19.09407],[-98.23096,19.09403],[-98.23084,19.09403],[-98.23061,19.09405],[-98.23047,19.0941],[-98.22992,19.09426],[-98.23016,19.09634],[-98.23011,19.09683],[-98.22998,19.09727],[-98.22998,19.09727],[-98.22998,19.09727],[-98.23743,19.10142],[-98.23744,19.10136],[-98.23748,19.10116],[-98.23758,19.10085],[-98.23751,19.10056],[-98.23728,19.10037],[-98.23681,19.1001],[-98.23655,19.09993],[-98.2365,19.09969],[-98.23651,19.09945],[-98.23653,19.09917],[-98.2366,19.09871],[-98.23661,19.09805],[-98.23657,19.09767],[-98.2366,19.09732],[-98.23659,19.09684],[-98.23663,19.09651],[-98.23665,19.0963],[-98.23663,19.09591],[-98.23665,19.09564],[-98.2366,19.09531],[-98.23666,19.09504],[-98.23667,19.09488],[-98.23667,19.09488],[-98.23667,19.09488],[-98.23667,19.09488]]]}},{"type":"Feature","properties":{"cp":72104,"nombre":"CP 72104"},"geometry":{"type":"MultiPolygon","coordinates":[[[[-98.22895,19.10492],[-98.22858,19.10476],[-98.228,19.10448],[-98.22785,19.10443],[-98.22771,19.10444],[-98.22763,19.10441],[-98.22759,19.10448],[-98.22693,19.10456],[-98.22716,19.10384],[-98.22715,19.10383],[-98.22599,19.1033],[-98.22477,19.10462],[-98.2234,19.10611],[-98.22309,19.10656],[-98.22304,19.10665],[-98.2227,19.10735],[-98.22247,19.10787],[-98.22148,19.11007],[-98.22074,19.1117],[-98.22269,19.11353],[-98.22276,19.11344],[-98.22276,19.11344],[-98.22301,19.11307],[-98.2232,19.11295],[-98.22331,19.1129],[-98.22339,19.11293],[-98.22349,19.11308],[-98.22385,19.11336],[-98.22392,19.11346],[-98.22394,19.11361],[-98.22383,19.11389],[-98.22383,19.11391],[-98.22387,19.11401],[-98.22412,19.11416],[-98.22426,19.11416],[-98.22433,19.11412],[-98.22443,19.11408],[-98.22447,19.11404],[-98.22467,19.11379],[-98.22489,19.11339],[-98.22513,19.11253],[-98.22513,19.11251],[-98.22528,19.11214],[-98.2254,19.11186],[-98.22555,19.11119],[-98.2257,19.1107],[-98.22598,19.11041],[-98.22633,19.10986],[-98.22635,19.10963],[-98.22642,19.10932],[-98.22671,19.10875],[-98.22685,19.10863],[-98.22709,19.10851],[-98.22722,19.10848],[-98.22736,19.10848],[-98.2275,19.10845],[-98.22771,19.10837],[-98.2279,19.1082],[-98.22803,19.10806],[-98.22832,19.10784],[-98.22844,19.10769],[-98.2287,19.10749],[-98.22873,19.10745],[-98.22877,19.10731],[-98.2288,19.10714],[-98.22881,19.10689],[-98.22882,19.10685],[-98.22895,19.10492]]],[[[-98.24224,19.10081],[-98.24204,19.10076],[-98.24185,19.10069],[-98.24145,19.10034],[-98.24139,19.10012],[-98.24153,19.09983],[-98.24159,19.09957],[-98.24158,19.09936],[-98.2414,19.09925],[-98.24109,19.09907],[-98.24091,19.09873],[-98.24083,19.09826],[-98.24082,19.09809],[-98.24061,19.09797],[-98.2405,19.09785],[-98.24038,19.09762],[-98.24031,19.09724],[-98.24021,19.09679],[-98.2401,19.09641],[-98.24004,19.0963],[-98.2397,19.09591],[-98.2393,19.0954],[-98.23903,19.09508],[-98.23888,19.09495],[-98.2386,19.09494],[-98.23817,19.09507],[-98.23796,19.09512],[-98.23781,19.09513],[-98.23765,19.09512],[-98.23667,19.09488],[-98.23667,19.09488],[-98.23666,19.09504],[-98.2366,19.09531],[-98.23665,19.09564],[-98.23663,19.09591],[-98.23665,19.0963],[-98.23663,19.09651],[-98.23659,19.09684],[-98.2366,19.09732],[-98.23657,19.09767],[-98.23661,19.09805],[-98.2366,19.09871],[-98.23653,19.09917],[-98.23651,19.09945],[-98.2365,19.09969],[-98.23655,19.09993],[-98.23681,19.1001],[-98.23728,19.10037],[-98.23751,19.10056],[-98.23758,19.10085],[-98.23748,19.10116],[-98.23744,19.10136],[-98.23743,19.10142],[-98.22998,19.09727],[-98.22998,19.09727],[-98.22947,19.09929],[-98.22878,19.10065],[-98.22868,19.10093],[-98.22873,19.10122],[-98.22894,19.10169],[-98.23031,19.10073],[-98.23031,19.1007],[-98.23041,19.10066],[-98.2304,19.10052],[-98.23041,19.10049],[-98.23046,19.10047],[-98.23049,19.10045],[-98.23052,19.10034],[-98.23069,19.10013],[-98.23101,19.10001],[-98.23103,19.10001],[-98.23103,19.10001],[-98.2312,19.09999],[-98.23151,19.10125],[-98.23152,19.10141],[-98.23149,19.10151],[-98.23148,19.1016],[-98.23149,19.10167],[-98.23152,19.10173],[-98.23162,19.10184],[-98.23178,19.10194],[-98.23178,19.10194],[-98.23188,19.10203],[-98.23191,19.10211],[-98.23192,19.10215],[-98.23198,19.10212],[-98.23201,19.1021],[-98.23214,19.10206],[-98.23217,19.10206],[-98.23224,19.10206],[-98.23224,19.10206],[-98.23233,19.1021],[-98.23245,19.10218],[-98.23256,19.1023],[-98.23259,19.10242],[-98.23259,19.10242],[-98.23253,19.10286],[-98.23248,19.10348],[-98.23249,19.10373],[-98.23253,19.10395],[-98.23258,19.10411],[-98.23269,19.10434],[-98.23295,19.10486],[-98.23305,19.1048],[-98.23305,19.10479],[-98.23304,19.10477],[-98.233,19.10472],[-98.23299,19.10469],[-98.23298,19.10465],[-98.23298,19.10459],[-98.23304,19.10446],[-98.23306,19.10443],[-98.23313,19.1044],[-98.23316,19.10437],[-98.23323,19.10422],[-98.23333,19.10404],[-98.2334,19.10394],[-98.23346,19.10387],[-98.23353,19.1038],[-98.23367,19.10364],[-98.23378,19.10356],[-98.23378,19.10356],[-98.23402,19.10342],[-98.23437,19.10328],[-98.23466,19.10312],[-98.23485,19.10304],[-98.23508,19.10302],[-98.23528,19.10308],[-98.23554,19.10312],[-98.23575,19.10315],[-98.23591,19.10315],[-98.23585,19.10331],[-98.23578,19.10344],[-98.2357,19.10354],[-98.23559,19.10358],[-98.23538,19.1036],[-98.23507,19.1036],[-98.23485,19.10358],[-98.23482,19.10374],[-98.23583,19.10439],[-98.23615,19.10461],[-98.23621,19.10464],[-98.23639,19.10475],[-98.23674,19.10509],[-98.23749,19.10561],[-98.23831,19.10415],[-98.23964,19.10301],[-98.23993,19.10284],[-98.24012,19.10265],[-98.24203,19.10094],[-98.24224,19.10081]]]]}},{"type":"Feature","properties":{"cp":72020,"nombre":"CP 72020"},"geometry":{"type":"Polygon","coordinates":[[[-98.2293,19.08913],[-98.22895,19.08598],[-98.22817,19.07956],[-98.22806,19.07949],[-98.22679,19.07809],[-98.22662,19.07827],[-98.22636,19.07848],[-98.22626,19.07857],[-98.22611,19.07867],[-98.22575,19.07888],[-98.22552,19.07898],[-98.22532,19.07906],[-98.22489,19.07918],[-98.22439,19.07927],[-98.22373,19.0807],[-98.22248,19.0834],[-98.22342,19.0836],[-98.22317,19.0842],[-98.22357,19.08431],[-98.22329,19.08496],[-98.22249,19.08476],[-98.22244,19.08489],[-98.22233,19.08493],[-98.22218,19.0853],[-98.22205,19.08563],[-98.2219,19.08559],[-98.22064,19.08845],[-98.22165,19.08884],[-98.2207,19.08886],[-98.2207,19.08886],[-98.22023,19.08993],[-98.22062,19.0902],[-98.2207,19.09052],[-98.22093,19.09073],[-98.22072,19.09103],[-98.22162,19.09167],[-98.22668,19.09518],[-98.22998,19.09727],[-98.22998,19.09727],[-98.22998,19.09727],[-98.23011,19.09683],[-98.23016,19.09634],[-98.22992,19.09426],[-98.23047,19.0941],[-98.23061,19.09405],[-98.23084,19.09403],[-98.23096,19.09403],[-98.23124,19.09407],[-98.23134,19.09409],[-98.23141,19.09409],[-98.23148,19.09408],[-98.23203,19.09386],[-98.23208,19.09351],[-98.23209,19.09331],[-98.23216,19.09236],[-98.2316,19.09214],[-98.23151,19.09217],[-98.23104,19.09217],[-98.23069,19.09184],[-98.23049,19.09173],[-98.22993,19.09151],[-98.22974,19.09148],[-98.22959,19.09145],[-98.22955,19.09084],[-98.2293,19.08913],[-98.2293,19.08913]]]}},{"type":"Feature","properties":{"cp":72103,"nombre":"CP 72103"},"geometry":{"type":"Polygon","coordinates":[[[-98.20829,19.10613],[-98.20853,19.1079],[-98.20864,19.10878],[-98.20874,19.10927],[-98.20904,19.10991],[-98.21001,19.11003],[-98.21025,19.1104],[-98.21044,19.11033],[-98.21072,19.11084],[-98.21168,19.11078],[-98.21445,19.11033],[-98.21468,19.11028],[-98.21462,19.10916],[-98.21448,19.10848],[-98.21435,19.10795],[-98.21535,19.10794],[-98.21532,19.10782],[-98.2154,19.10782],[-98.21542,19.10782],[-98.21542,19.1077],[-98.21535,19.10744],[-98.21586,19.10745],[-98.21586,19.10745],[-98.21629,19.10746],[-98.21643,19.10744],[-98.21643,19.10744],[-98.21643,19.10744],[-98.21643,19.10744],[-98.2152,19.10621],[-98.21514,19.10612],[-98.21514,19.10612],[-98.21514,19.10612],[-98.21528,19.1053],[-98.2154,19.10529],[-98.21556,19.10503],[-98.21591,19.10507],[-98.21604,19.10439],[-98.21558,19.10429],[-98.21558,19.10429],[-98.21558,19.10429],[-98.2161,19.10209],[-98.21616,19.10185],[-98.21682,19.10197],[-98.21672,19.10174],[-98.21672,19.10174],[-98.21672,19.10174],[-98.21689,19.10104],[-98.21722,19.10026],[-98.21754,19.09919],[-98.21758,19.09905],[-98.21814,19.0992],[-98.21906,19.09919],[-98.21924,19.09999],[-98.21999,19.09832],[-98.21886,19.09805],[-98.21762,19.09776],[-98.21754,19.09756],[-98.21754,19.09756],[-98.21754,19.09756],[-98.21893,19.09666],[-98.21975,19.09529],[-98.21972,19.09504],[-98.21972,19.09504],[-98.2201,19.09519],[-98.22027,19.09525],[-98.22054,19.09547],[-98.22071,19.09559],[-98.22091,19.09564],[-98.22107,19.09562],[-98.22125,19.09555],[-98.22135,19.09546],[-98.22289,19.09594],[-98.22308,19.09592],[-98.22331,19.09587],[-98.22348,19.09584],[-98.22369,19.09589],[-98.22391,19.09602],[-98.22401,19.0961],[-98.22401,19.0961],[-98.22385,19.0971],[-98.2241,19.09701],[-98.22422,19.09696],[-98.22442,19.09704],[-98.22457,19.09703],[-98.22457,19.09703],[-98.22402,19.09909],[-98.22402,19.09909],[-98.22412,19.09912],[-98.22449,19.09921],[-98.22506,19.09735],[-98.22506,19.09735],[-98.22493,19.09721],[-98.22489,19.09706],[-98.22467,19.09687],[-98.22467,19.09687],[-98.22497,19.09629],[-98.22544,19.09618],[-98.22668,19.09518],[-98.22162,19.09167],[-98.22153,19.09223],[-98.22146,19.09249],[-98.22115,19.09311],[-98.22068,19.09366],[-98.22028,19.09409],[-98.22002,19.09443],[-98.21975,19.09432],[-98.21943,19.09418],[-98.21926,19.09452],[-98.21908,19.09491],[-98.21884,19.09484],[-98.21847,19.09473],[-98.2182,19.09464],[-98.21779,19.09445],[-98.2176,19.09437],[-98.21735,19.09425],[-98.21725,19.09421],[-98.21717,19.09417],[-98.21692,19.09405],[-98.21679,19.09405],[-98.2167,19.09409],[-98.21659,19.09412],[-98.21642,19.09414],[-98.21622,19.09417],[-98.2159,19.09422],[-98.21568,19.09426],[-98.21525,19.09438],[-98.21501,19.09443],[-98.2148,19.09438],[-98.21475,19.09429],[-98.21466,19.0942],[-98.21458,19.09415],[-98.21448,19.09412],[-98.21439,19.09412],[-98.21433,19.09414],[-98.21425,19.09418],[-98.2142,19.09423],[-98.21414,19.09442],[-98.21401,19.09494],[-98.21394,19.095],[-98.21349,19.09542],[-98.21345,19.09546],[-98.21338,19.09557],[-98.2131,19.09588],[-98.21303,19.09598],[-98.21291,19.09623],[-98.21286,19.09645],[-98.21275,19.0967],[-98.21263,19.0969],[-98.2125,19.09704],[-98.21242,19.09722],[-98.21239,19.09733],[-98.21232,19.09741],[-98.21227,19.09744],[-98.2122,19.09746],[-98.2121,19.09747],[-98.21198,19.09746],[-98.21191,19.09746],[-98.21179,19.09749],[-98.21175,19.09752],[-98.2117,19.09768],[-98.21168,19.09789],[-98.21168,19.09817],[-98.21173,19.0984],[-98.21166,19.09856],[-98.21167,19.0987],[-98.21165,19.09881],[-98.21162,19.0989],[-98.21159,19.09895],[-98.21153,19.09904],[-98.21106,19.09977],[-98.21093,19.10004],[-98.21078,19.10039],[-98.21064,19.1005],[-98.21032,19.10057],[-98.21032,19.10057],[-98.20979,19.10059],[-98.20884,19.10044],[-98.20749,19.09955],[-98.20793,19.10344],[-98.20793,19.10344],[-98.20829,19.10613],[-98.20829,19.10613]]]}},{"type":"Feature","properties":{"cp":72100,"nombre":"CP 72100"},"geometry":{"type":"MultiPolygon","coordinates":[[[[-98.20567,19.08696],[-98.20597,19.08878],[-98.20634,19.09068],[-98.20636,19.09078],[-98.20677,19.09297],[-98.20707,19.0961],[-98.20719,19.09691],[-98.20749,19.09955],[-98.20749,19.09955],[-98.20884,19.10044],[-98.20979,19.10059],[-98.21032,19.10057],[-98.21032,19.10057],[-98.21064,19.1005],[-98.21078,19.10039],[-98.21093,19.10004],[-98.21106,19.09977],[-98.21153,19.09904],[-98.21159,19.09895],[-98.21162,19.0989],[-98.21165,19.09881],[-98.21167,19.0987],[-98.21166,19.09856],[-98.21173,19.0984],[-98.21168,19.09817],[-98.21168,19.09789],[-98.2117,19.09768],[-98.21175,19.09752],[-98.21179,19.09749],[-98.21191,19.09746],[-98.21198,19.09746],[-98.2121,19.09747],[-98.2122,19.09746],[-98.21227,19.09744],[-98.21232,19.09741],[-98.21239,19.09733],[-98.21242,19.09722],[-98.2125,19.09704],[-98.21263,19.0969],[-98.21275,19.0967],[-98.21286,19.09645],[-98.21291,19.09623],[-98.21303,19.09598],[-98.2131,19.09588],[-98.21338,19.09557],[-98.21345,19.09546],[-98.21349,19.09542],[-98.21394,19.095],[-98.21401,19.09494],[-98.21414,19.09442],[-98.2142,19.09423],[-98.21425,19.09418],[-98.21433,19.09414],[-98.21439,19.09412],[-98.21448,19.09412],[-98.21458,19.09415],[-98.21466,19.0942],[-98.21475,19.09429],[-98.2148,19.09438],[-98.21501,19.09443],[-98.21525,19.09438],[-98.21568,19.09426],[-98.2159,19.09422],[-98.21622,19.09417],[-98.21642,19.09414],[-98.21659,19.09412],[-98.2167,19.09409],[-98.21679,19.09405],[-98.21692,19.09405],[-98.21717,19.09417],[-98.21725,19.09421],[-98.21735,19.09425],[-98.2176,19.09437],[-98.21779,19.09445],[-98.2182,19.09464],[-98.21847,19.09473],[-98.21884,19.09484],[-98.21908,19.09491],[-98.21926,19.09452],[-98.21943,19.09418],[-98.21975,19.09432],[-98.22002,19.09443],[-98.22028,19.09409],[-98.22068,19.09366],[-98.22115,19.09311],[-98.22146,19.09249],[-98.22153,19.09223],[-98.22162,19.09167],[-98.22072,19.09103],[-98.21906,19.09013],[-98.21758,19.0896],[-98.21665,19.0894],[-98.20885,19.08791],[-98.20567,19.08696]]],[[[-98.20225,19.11497],[-98.20278,19.11496],[-98.20339,19.11492],[-98.20426,19.11491],[-98.20435,19.11493],[-98.20449,19.11488],[-98.20464,19.1149],[-98.20482,19.11498],[-98.20496,19.11514],[-98.20513,19.11529],[-98.20533,19.11542],[-98.20569,19.11559],[-98.20591,19.11568],[-98.20608,19.11576],[-98.20619,19.1158],[-98.20633,19.11581],[-98.20653,19.11587],[-98.20668,19.11593],[-98.20677,19.11592],[-98.20688,19.11585],[-98.20697,19.1157],[-98.20698,19.1156],[-98.20697,19.11545],[-98.20697,19.11545],[-98.20696,19.11539],[-98.20699,19.11533],[-98.20707,19.1153],[-98.20719,19.11529],[-98.20728,19.11532],[-98.20735,19.11539],[-98.20741,19.11545],[-98.2075,19.11548],[-98.20765,19.11545],[-98.20782,19.11539],[-98.20792,19.11535],[-98.20799,19.11536],[-98.20809,19.11539],[-98.20815,19.11544],[-98.20821,19.11554],[-98.20835,19.1157],[-98.20849,19.11583],[-98.20854,19.11585],[-98.2086,19.11584],[-98.20866,19.1158],[-98.20878,19.11572],[-98.20891,19.11566],[-98.20899,19.11566],[-98.20899,19.11566],[-98.20899,19.11566],[-98.20899,19.11566],[-98.20905,19.1153],[-98.2091,19.11489],[-98.20912,19.11458],[-98.20913,19.11432],[-98.20912,19.11383],[-98.21142,19.11418],[-98.21269,19.11644],[-98.21283,19.11658],[-98.21299,19.11669],[-98.21322,19.11678],[-98.21398,19.11692],[-98.21421,19.117],[-98.21448,19.11713],[-98.21472,19.11728],[-98.215,19.11749],[-98.21594,19.11847],[-98.2163,19.11812],[-98.21635,19.11808],[-98.21641,19.11807],[-98.21646,19.11811],[-98.21647,19.11812],[-98.21649,19.11816],[-98.21651,19.11825],[-98.21656,19.1183],[-98.21666,19.11831],[-98.21673,19.11828],[-98.21683,19.11818],[-98.21713,19.11759],[-98.21718,19.11754],[-98.21721,19.11751],[-98.21727,19.11744],[-98.21731,19.1174],[-98.21736,19.11732],[-98.21739,19.11728],[-98.21746,19.11723],[-98.21751,19.11722],[-98.21756,19.11724],[-98.21756,19.11724],[-98.21761,19.11727],[-98.21763,19.11728],[-98.21766,19.11732],[-98.21768,19.11738],[-98.21767,19.11748],[-98.21767,19.11758],[-98.2177,19.11766],[-98.21773,19.11769],[-98.21779,19.11768],[-98.21784,19.11762],[-98.21787,19.11749],[-98.21787,19.11737],[-98.21785,19.11721],[-98.21786,19.11663],[-98.21789,19.11646],[-98.21794,19.11635],[-98.21801,19.1163],[-98.21808,19.11627],[-98.21819,19.11625],[-98.21832,19.11623],[-98.21849,19.11618],[-98.21861,19.1161],[-98.21871,19.11599],[-98.21878,19.11585],[-98.21884,19.11569],[-98.21887,19.1156],[-98.21895,19.11537],[-98.21898,19.1153],[-98.219,19.11524],[-98.21904,19.11518],[-98.21918,19.11514],[-98.21931,19.11514],[-98.21946,19.11519],[-98.2196,19.11528],[-98.21973,19.11534],[-98.21983,19.11533],[-98.21992,19.11531],[-98.22014,19.11522],[-98.22014,19.11522],[-98.22023,19.11513],[-98.22034,19.11503],[-98.22073,19.11466],[-98.22084,19.11463],[-98.22095,19.11465],[-98.22124,19.11475],[-98.22144,19.11484],[-98.22164,19.11498],[-98.22176,19.11506],[-98.22185,19.11511],[-98.2219,19.11513],[-98.2219,19.11513],[-98.22193,19.11513],[-98.22195,19.11512],[-98.22197,19.11511],[-98.22201,19.11509],[-98.22214,19.11506],[-98.22215,19.11506],[-98.22221,19.11506],[-98.22232,19.11508],[-98.22243,19.11515],[-98.22252,19.11524],[-98.22273,19.1155],[-98.22275,19.11552],[-98.22275,19.11552],[-98.22281,19.11557],[-98.2229,19.11563],[-98.22303,19.11567],[-98.22323,19.11569],[-98.22329,19.11571],[-98.22343,19.1158],[-98.22357,19.11589],[-98.22387,19.116],[-98.22411,19.11605],[-98.22434,19.11608],[-98.2245,19.1161],[-98.22491,19.11613],[-98.22496,19.11613],[-98.22553,19.11609],[-98.22559,19.11611],[-98.22565,19.11615],[-98.22588,19.11634],[-98.2258,19.11657],[-98.22573,19.11667],[-98.22562,19.11677],[-98.22552,19.11682],[-98.22544,19.11682],[-98.22539,19.11681],[-98.22535,19.11678],[-98.22533,19.11675],[-98.2253,19.11673],[-98.22527,19.11673],[-98.22525,19.11674],[-98.22522,19.11677],[-98.2252,19.11681],[-98.22519,19.11686],[-98.22519,19.11687],[-98.22516,19.11691],[-98.2251,19.11694],[-98.22508,19.11696],[-98.22506,19.117],[-98.22505,19.11704],[-98.22501,19.11712],[-98.22494,19.11718],[-98.2249,19.11725],[-98.22479,19.11759],[-98.2245,19.11806],[-98.22403,19.1184],[-98.22267,19.11885],[-98.22245,19.11891],[-98.22194,19.11905],[-98.22161,19.11943],[-98.22062,19.11966],[-98.21953,19.12053],[-98.21898,19.12069],[-98.21867,19.12135],[-98.21851,19.12257],[-98.21831,19.12302],[-98.21828,19.12339],[-98.21822,19.12368],[-98.21812,19.12398],[-98.21809,19.12471],[-98.21786,19.12486],[-98.21752,19.12506],[-98.21698,19.12505],[-98.21698,19.12505],[-98.2173,19.12571],[-98.2176,19.12634],[-98.21805,19.12751],[-98.21845,19.12891],[-98.21882,19.13084],[-98.21941,19.13368],[-98.21973,19.13628],[-98.22018,19.13644],[-98.22046,19.13623],[-98.22077,19.13639],[-98.22102,19.13644],[-98.22128,19.13632],[-98.22241,19.13662],[-98.22283,19.13661],[-98.22304,19.13664],[-98.2232,19.13687],[-98.2234,19.13713],[-98.22371,19.13738],[-98.22397,19.1376],[-98.22415,19.13771],[-98.22429,19.13779],[-98.22454,19.13793],[-98.22458,19.13766],[-98.22459,19.13759],[-98.22471,19.137],[-98.22477,19.13663],[-98.2248,19.1365],[-98.22481,19.13641],[-98.22487,19.13623],[-98.22494,19.136],[-98.22506,19.13569],[-98.22508,19.1356],[-98.22511,19.13549],[-98.22518,19.13537],[-98.22521,19.13532],[-98.22535,19.1352],[-98.22535,19.1352],[-98.22541,19.13513],[-98.22546,19.13507],[-98.22564,19.13494],[-98.22584,19.13488],[-98.22595,19.13487],[-98.22611,19.13487],[-98.22642,19.13491],[-98.22669,19.13499],[-98.22719,19.13513],[-98.22764,19.13523],[-98.22776,19.13522],[-98.22788,19.1352],[-98.22788,19.1352],[-98.22792,19.13519],[-98.22807,19.13515],[-98.22822,19.13512],[-98.22831,19.1351],[-98.22831,19.1351],[-98.22838,19.13507],[-98.22865,19.13499],[-98.22885,19.13488],[-98.22888,19.13487],[-98.22888,19.13487],[-98.22893,19.13481],[-98.22902,19.13471],[-98.22917,19.13461],[-98.22917,19.13461],[-98.22922,19.13454],[-98.22924,19.13446],[-98.22925,19.13443],[-98.22922,19.13429],[-98.22922,19.13429],[-98.22922,19.13429],[-98.22925,19.13406],[-98.22933,19.13394],[-98.22935,19.13379],[-98.22935,19.13377],[-98.22938,19.1337],[-98.22941,19.13362],[-98.22943,19.13356],[-98.22944,19.13344],[-98.22948,19.1331],[-98.22948,19.1331],[-98.22955,19.13285],[-98.2296,19.13264],[-98.22964,19.13252],[-98.22966,19.13246],[-98.22967,19.13242],[-98.22967,19.13235],[-98.22966,19.13221],[-98.22966,19.13214],[-98.22966,19.13208],[-98.22962,19.13191],[-98.22957,19.13186],[-98.22947,19.1318],[-98.22939,19.13179],[-98.22911,19.13177],[-98.229,19.13173],[-98.2289,19.13163],[-98.22882,19.13155],[-98.22882,19.13155],[-98.22877,19.13142],[-98.22876,19.13137],[-98.22874,19.13131],[-98.22874,19.13131],[-98.22874,19.13131],[-98.22875,19.13128],[-98.22877,19.13124],[-98.22881,19.1312],[-98.22887,19.13114],[-98.22901,19.13107],[-98.22908,19.13099],[-98.22918,19.13085],[-98.22927,19.13072],[-98.22938,19.13059],[-98.22947,19.13047],[-98.2296,19.13032],[-98.2298,19.13016],[-98.22982,19.13015],[-98.22995,19.13],[-98.23007,19.12989],[-98.23008,19.12987],[-98.23017,19.1298],[-98.2303,19.12966],[-98.2305,19.12951],[-98.23061,19.1294],[-98.23072,19.12926],[-98.23072,19.12926],[-98.23071,19.12907],[-98.23071,19.12896],[-98.23072,19.12887],[-98.23068,19.12868],[-98.23069,19.12854],[-98.23069,19.12854],[-98.23063,19.12828],[-98.23059,19.1281],[-98.23057,19.12798],[-98.23048,19.12778],[-98.23048,19.12778],[-98.23041,19.12753],[-98.2304,19.12742],[-98.2304,19.12739],[-98.23033,19.12707],[-98.23034,19.1269],[-98.23038,19.12669],[-98.2304,19.12656],[-98.2304,19.12646],[-98.23044,19.12628],[-98.23053,19.12586],[-98.23059,19.12566],[-98.23062,19.12559],[-98.2307,19.12535],[-98.23085,19.12505],[-98.23088,19.12482],[-98.23092,19.12459],[-98.23092,19.12458],[-98.23079,19.12452],[-98.23065,19.12446],[-98.23015,19.12433],[-98.22984,19.12435],[-98.22959,19.12436],[-98.22931,19.12427],[-98.22927,19.12425],[-98.2292,19.12423],[-98.22895,19.12417],[-98.22886,19.1241],[-98.22879,19.12403],[-98.22866,19.12389],[-98.22861,19.12379],[-98.22854,19.12364],[-98.22847,19.12343],[-98.22847,19.12335],[-98.22847,19.12314],[-98.22851,19.1229],[-98.22852,19.12278],[-98.22856,19.12251],[-98.22858,19.12232],[-98.22858,19.12232],[-98.22858,19.12232],[-98.22861,19.12208],[-98.22869,19.12186],[-98.22869,19.12186],[-98.22875,19.12179],[-98.22884,19.12168],[-98.22911,19.12158],[-98.2292,19.12142],[-98.22927,19.12131],[-98.22931,19.12123],[-98.22931,19.12123],[-98.22936,19.12112],[-98.22939,19.12106],[-98.22944,19.121],[-98.22952,19.12083],[-98.22959,19.12072],[-98.2296,19.12071],[-98.22975,19.12045],[-98.22994,19.12029],[-98.22995,19.12029],[-98.23005,19.12022],[-98.23007,19.12021],[-98.23014,19.12019],[-98.23031,19.1201],[-98.23036,19.12007],[-98.23041,19.12005],[-98.23062,19.11997],[-98.23076,19.11992],[-98.23087,19.11988],[-98.231,19.11984],[-98.23117,19.11983],[-98.23132,19.11981],[-98.23151,19.11976],[-98.2317,19.11967],[-98.23184,19.11957],[-98.23188,19.11954],[-98.23197,19.11947],[-98.23206,19.11931],[-98.2321,19.11922],[-98.23213,19.11915],[-98.23223,19.11905],[-98.2323,19.11898],[-98.23232,19.11882],[-98.23229,19.11862],[-98.23223,19.11854],[-98.23222,19.11852],[-98.23221,19.11832],[-98.23221,19.11832],[-98.23221,19.11832],[-98.23221,19.11832],[-98.23213,19.11815],[-98.23205,19.11809],[-98.23202,19.11806],[-98.23196,19.11797],[-98.23194,19.11794],[-98.23178,19.11783],[-98.23158,19.11768],[-98.23125,19.11753],[-98.23111,19.11746],[-98.23103,19.11742],[-98.23095,19.11737],[-98.23084,19.1173],[-98.23084,19.1173],[-98.23074,19.11718],[-98.23038,19.11695],[-98.23024,19.11686],[-98.23024,19.11686],[-98.22988,19.11673],[-98.22964,19.11659],[-98.22952,19.11648],[-98.22945,19.11642],[-98.22941,19.11639],[-98.22931,19.11634],[-98.22912,19.11617],[-98.22912,19.11617],[-98.22896,19.11599],[-98.22896,19.11599],[-98.22896,19.11599],[-98.22896,19.1159],[-98.229,19.11578],[-98.22903,19.11567],[-98.22909,19.11557],[-98.22913,19.11543],[-98.22914,19.11526],[-98.22919,19.11507],[-98.2293,19.11491],[-98.22944,19.11482],[-98.22956,19.11472],[-98.22961,19.11463],[-98.2298,19.11445],[-98.22989,19.11437],[-98.23033,19.11408],[-98.23045,19.11401],[-98.23052,19.11388],[-98.23056,19.11376],[-98.23058,19.11358],[-98.23056,19.11324],[-98.23045,19.11291],[-98.23045,19.11277],[-98.23045,19.11277],[-98.23044,19.11261],[-98.2305,19.1123],[-98.23055,19.11217],[-98.23078,19.1118],[-98.23093,19.11155],[-98.2311,19.11121],[-98.23125,19.11085],[-98.2314,19.11058],[-98.23156,19.11012],[-98.23164,19.10986],[-98.23174,19.10935],[-98.23185,19.10905],[-98.23201,19.10891],[-98.23231,19.10883],[-98.23266,19.10886],[-98.23294,19.10882],[-98.2335,19.10868],[-98.23371,19.10866],[-98.23406,19.10864],[-98.23438,19.10859],[-98.2344,19.10854],[-98.23441,19.10848],[-98.23442,19.10842],[-98.23444,19.10839],[-98.23443,19.10832],[-98.23442,19.10824],[-98.23446,19.10812],[-98.23446,19.10809],[-98.23446,19.108],[-98.23448,19.10791],[-98.23449,19.10781],[-98.2345,19.10771],[-98.2345,19.10762],[-98.2345,19.1075],[-98.23449,19.10737],[-98.23447,19.10729],[-98.23445,19.1072],[-98.23436,19.10709],[-98.23429,19.10701],[-98.23426,19.10695],[-98.23423,19.10688],[-98.23422,19.10686],[-98.23414,19.10675],[-98.23408,19.10667],[-98.234,19.10654],[-98.23395,19.10643],[-98.23393,19.10639],[-98.2339,19.10633],[-98.23382,19.10629],[-98.23374,19.10623],[-98.2337,19.10619],[-98.23368,19.10617],[-98.23367,19.10615],[-98.23362,19.10608],[-98.2336,19.10606],[-98.23355,19.10602],[-98.23354,19.10598],[-98.23352,19.10594],[-98.23352,19.1059],[-98.23351,19.10583],[-98.23349,19.10575],[-98.23348,19.10563],[-98.23346,19.10557],[-98.23344,19.10548],[-98.23342,19.10543],[-98.23336,19.10534],[-98.23332,19.10531],[-98.23325,19.10525],[-98.23322,19.10522],[-98.23319,19.10517],[-98.23317,19.10512],[-98.23316,19.10508],[-98.23312,19.10498],[-98.23308,19.10487],[-98.23305,19.1048],[-98.23295,19.10486],[-98.23269,19.10434],[-98.23258,19.10411],[-98.23253,19.10395],[-98.23249,19.10373],[-98.23248,19.10348],[-98.23253,19.10286],[-98.23259,19.10242],[-98.23259,19.10242],[-98.23256,19.1023],[-98.23245,19.10218],[-98.23233,19.1021],[-98.23224,19.10206],[-98.23224,19.10206],[-98.23217,19.10206],[-98.23214,19.10206],[-98.23201,19.1021],[-98.23198,19.10212],[-98.23192,19.10215],[-98.23191,19.10211],[-98.23188,19.10203],[-98.23178,19.10194],[-98.23178,19.10194],[-98.23162,19.10184],[-98.23152,19.10173],[-98.23149,19.10167],[-98.23148,19.1016],[-98.23149,19.10151],[-98.23152,19.10141],[-98.23151,19.10125],[-98.2312,19.09999],[-98.23103,19.10001],[-98.23103,19.10001],[-98.23101,19.10001],[-98.23069,19.10013],[-98.23052,19.10034],[-98.23049,19.10045],[-98.23046,19.10047],[-98.23041,19.10049],[-98.2304,19.10052],[-98.23041,19.10066],[-98.23031,19.1007],[-98.23031,19.10073],[-98.22894,19.10169],[-98.22873,19.10122],[-98.22868,19.10093],[-98.22878,19.10065],[-98.22947,19.09929],[-98.22998,19.09727],[-98.22998,19.09727],[-98.23011,19.09683],[-98.22998,19.09727],[-98.22998,19.09727],[-98.22998,19.09727],[-98.22668,19.09518],[-98.22544,19.09618],[-98.22497,19.09629],[-98.22467,19.09687],[-98.22467,19.09687],[-98.22489,19.09706],[-98.22493,19.09721],[-98.22506,19.09735],[-98.22506,19.09735],[-98.22449,19.09921],[-98.22412,19.09912],[-98.22402,19.09909],[-98.22402,19.09909],[-98.22457,19.09703],[-98.22457,19.09703],[-98.22442,19.09704],[-98.22422,19.09696],[-98.2241,19.09701],[-98.22385,19.0971],[-98.22401,19.0961],[-98.22401,19.0961],[-98.22391,19.09602],[-98.22369,19.09589],[-98.22348,19.09584],[-98.22331,19.09587],[-98.22308,19.09592],[-98.22289,19.09594],[-98.22135,19.09546],[-98.22125,19.09555],[-98.22107,19.09562],[-98.22091,19.09564],[-98.22071,19.09559],[-98.22054,19.09547],[-98.22027,19.09525],[-98.2201,19.09519],[-98.21972,19.09504],[-98.21972,19.09504],[-98.21975,19.09529],[-98.21893,19.09666],[-98.21754,19.09756],[-98.21754,19.09756],[-98.21754,19.09756],[-98.21762,19.09776],[-98.21886,19.09805],[-98.21999,19.09832],[-98.21924,19.09999],[-98.21906,19.09919],[-98.21814,19.0992],[-98.21758,19.09905],[-98.21754,19.09919],[-98.21722,19.10026],[-98.21689,19.10104],[-98.21672,19.10174],[-98.21672,19.10174],[-98.21672,19.10174],[-98.21682,19.10197],[-98.21616,19.10185],[-98.2161,19.10209],[-98.21558,19.10429],[-98.21558,19.10429],[-98.21558,19.10429],[-98.21604,19.10439],[-98.21591,19.10507],[-98.21556,19.10503],[-98.2154,19.10529],[-98.21528,19.1053],[-98.21514,19.10612],[-98.21514,19.10612],[-98.21514,19.10612],[-98.2152,19.10621],[-98.21643,19.10744],[-98.21643,19.10744],[-98.21643,19.10744],[-98.21643,19.10744],[-98.21629,19.10746],[-98.21586,19.10745],[-98.21586,19.10745],[-98.21535,19.10744],[-98.21542,19.1077],[-98.21542,19.10782],[-98.2154,19.10782],[-98.21532,19.10782],[-98.21535,19.10794],[-98.21435,19.10795],[-98.21448,19.10848],[-98.21462,19.10916],[-98.21468,19.11028],[-98.21445,19.11033],[-98.21168,19.11078],[-98.21072,19.11084],[-98.21044,19.11033],[-98.21025,19.1104],[-98.21001,19.11003],[-98.20904,19.10991],[-98.20874,19.10927],[-98.20864,19.10878],[-98.20853,19.1079],[-98.20829,19.10613],[-98.20829,19.10613],[-98.20784,19.10645],[-98.20758,19.1069],[-98.20705,19.10809],[-98.20666,19.10856],[-98.20598,19.10919],[-98.20428,19.11103],[-98.20394,19.11143],[-98.20365,19.11165],[-98.20356,19.11188],[-98.20225,19.11497],[-98.20225,19.11497]],[[-98.22895,19.10492],[-98.22882,19.10685],[-98.22881,19.10689],[-98.2288,19.10714],[-98.22877,19.10731],[-98.22873,19.10745],[-98.2287,19.10749],[-98.22844,19.10769],[-98.22832,19.10784],[-98.22803,19.10806],[-98.2279,19.1082],[-98.22771,19.10837],[-98.2275,19.10845],[-98.22736,19.10848],[-98.22722,19.10848],[-98.22709,19.10851],[-98.22685,19.10863],[-98.22671,19.10875],[-98.22642,19.10932],[-98.22635,19.10963],[-98.22633,19.10986],[-98.22598,19.11041],[-98.2257,19.1107],[-98.22555,19.11119],[-98.2254,19.11186],[-98.22528,19.11214],[-98.22513,19.11251],[-98.22513,19.11253],[-98.22489,19.11339],[-98.22467,19.11379],[-98.22447,19.11404],[-98.22443,19.11408],[-98.22433,19.11412],[-98.22426,19.11416],[-98.22412,19.11416],[-98.22387,19.11401],[-98.22383,19.11391],[-98.22383,19.11389],[-98.22394,19.11361],[-98.22392,19.11346],[-98.22385,19.11336],[-98.22349,19.11308],[-98.22339,19.11293],[-98.22331,19.1129],[-98.2232,19.11295],[-98.22301,19.11307],[-98.22276,19.11344],[-98.22276,19.11344],[-98.22269,19.11353],[-98.22074,19.1117],[-98.22148,19.11007],[-98.22247,19.10787],[-98.2227,19.10735],[-98.22304,19.10665],[-98.22309,19.10656],[-98.2234,19.10611],[-98.22477,19.10462],[-98.22599,19.1033],[-98.22715,19.10383],[-98.22716,19.10384],[-98.22693,19.10456],[-98.22759,19.10448],[-98.22763,19.10441],[-98.22771,19.10444],[-98.22785,19.10443],[-98.228,19.10448],[-98.22858,19.10476],[-98.22895,19.10492]]]]}},{"type":"Feature","properties":{"cp":72030,"nombre":"CP 72030"},"geometry":{"type":"Polygon","coordinates":[[[-98.21637,19.08045],[-98.21107,19.08119],[-98.2071,19.08178],[-98.20489,19.0821],[-98.20489,19.0821],[-98.20489,19.0821],[-98.20567,19.08696],[-98.20885,19.08791],[-98.21665,19.0894],[-98.21758,19.0896],[-98.21906,19.09013],[-98.22072,19.09103],[-98.22093,19.09073],[-98.2207,19.09052],[-98.22062,19.0902],[-98.22023,19.08993],[-98.2207,19.08886],[-98.2207,19.08886],[-98.22165,19.08884],[-98.22064,19.08845],[-98.2219,19.08559],[-98.21966,19.08468],[-98.21905,19.08606],[-98.21604,19.08486],[-98.21508,19.08434],[-98.21637,19.08045]]]}},{"type":"Feature","properties":{"cp":72846,"nombre":"CP 72846"},"geometry":{"type":"Polygon","coordinates":[[[-98.29709,19.0228],[-98.29709,19.0228],[-98.29708,19.02371],[-98.29718,19.02485],[-98.29851,19.02533],[-98.29902,19.0246],[-98.29902,19.0246],[-98.30148,19.02588],[-98.30159,19.02574],[-98.30431,19.02724],[-98.30469,19.02672],[-98.30488,19.02667],[-98.30536,19.02705],[-98.30553,19.02679],[-98.30555,19.0264],[-98.30555,19.02621],[-98.30567,19.0261],[-98.30572,19.02593],[-98.30593,19.02599],[-98.306,19.02558],[-98.30634,19.02547],[-98.30665,19.02537],[-98.30693,19.02525],[-98.30711,19.02493],[-98.3072,19.02509],[-98.3074,19.02554],[-98.30751,19.02571],[-98.3077,19.02586],[-98.30807,19.02607],[-98.30812,19.02587],[-98.30854,19.0261],[-98.30889,19.02624],[-98.30881,19.02636],[-98.30986,19.02703],[-98.3098,19.02725],[-98.3108,19.02781],[-98.31108,19.02811],[-98.31159,19.02842],[-98.31248,19.02734],[-98.31263,19.02731],[-98.31273,19.02722],[-98.31274,19.02709],[-98.31272,19.02692],[-98.31265,19.02679],[-98.31299,19.02621],[-98.31353,19.02659],[-98.31401,19.02591],[-98.31393,19.02584],[-98.31452,19.02495],[-98.31446,19.02492],[-98.3148,19.02445],[-98.31458,19.02431],[-98.31474,19.0241],[-98.31435,19.02385],[-98.31488,19.02294],[-98.31563,19.0216],[-98.31629,19.022],[-98.31703,19.02244],[-98.31755,19.02156],[-98.31831,19.02026],[-98.3184,19.02009],[-98.31866,19.01961],[-98.31887,19.01928],[-98.31912,19.0189],[-98.31927,19.01868],[-98.31942,19.01848],[-98.3195,19.0184],[-98.31962,19.01828],[-98.31968,19.01822],[-98.31976,19.01818],[-98.32176,19.01937],[-98.32267,19.01991],[-98.323,19.01933],[-98.3231,19.01917],[-98.32322,19.01899],[-98.32337,19.01874],[-98.32339,19.01872],[-98.32339,19.01872],[-98.32342,19.01872],[-98.32349,19.01874],[-98.32353,19.01874],[-98.32357,19.01873],[-98.3236,19.0187],[-98.32368,19.01857],[-98.32397,19.01812],[-98.32424,19.01768],[-98.32451,19.01725],[-98.32501,19.01644],[-98.32504,19.0164],[-98.32505,19.01634],[-98.32506,19.01631],[-98.32508,19.0163],[-98.3252,19.01636],[-98.32542,19.01608],[-98.32596,19.01527],[-98.32341,19.01157],[-98.32299,19.0113],[-98.32191,19.0106],[-98.32188,19.01058],[-98.32188,19.01058],[-98.32233,19.00981],[-98.32246,19.00958],[-98.32286,19.00889],[-98.32311,19.00848],[-98.32343,19.00795],[-98.31948,19.00547],[-98.31904,19.00521],[-98.3165,19.00411],[-98.3165,19.00411],[-98.3165,19.00411],[-98.31744,19.00246],[-98.31744,19.00246],[-98.31744,19.00246],[-98.31439,19.00094],[-98.31256,19.00007],[-98.31167,18.99967],[-98.31152,18.99959],[-98.31145,18.99953],[-98.31139,18.99963],[-98.31133,18.99971],[-98.31125,18.99977],[-98.31102,18.99982],[-98.31076,18.99985],[-98.31049,18.99988],[-98.31029,18.99989],[-98.31015,18.9999],[-98.31,18.9999],[-98.30991,18.99988],[-98.3098,18.99986],[-98.30966,18.99982],[-98.30949,18.9998],[-98.30933,18.99976],[-98.30917,18.99968],[-98.30907,18.99962],[-98.30901,18.99962],[-98.30889,18.99966],[-98.30875,18.99957],[-98.30859,18.99936],[-98.30859,18.99936],[-98.30859,18.99936],[-98.30859,18.99936],[-98.30827,18.99957],[-98.30819,18.9997],[-98.30584,19.00171],[-98.30308,19.00395],[-98.3019,19.00464],[-98.30149,19.00503],[-98.30115,19.00545],[-98.30042,19.0061],[-98.30061,19.00623],[-98.30077,19.00643],[-98.30125,19.0071],[-98.30142,19.00751],[-98.30171,19.00859],[-98.30188,19.00909],[-98.30204,19.00932],[-98.30236,19.00952],[-98.30318,19.00988],[-98.30323,19.01008],[-98.30324,19.0102],[-98.3038,19.01058],[-98.3039,19.01074],[-98.30391,19.01102],[-98.30416,19.01129],[-98.30453,19.0114],[-98.30444,19.01204],[-98.30448,19.0125],[-98.30448,19.01285],[-98.3044,19.01305],[-98.30436,19.01317],[-98.30441,19.01327],[-98.30454,19.01333],[-98.30457,19.0134],[-98.30441,19.01383],[-98.30423,19.01407],[-98.30423,19.01428],[-98.30423,19.01442],[-98.30414,19.01462],[-98.30391,19.01477],[-98.30321,19.01555],[-98.30287,19.01581],[-98.30277,19.01594],[-98.30268,19.01621],[-98.30262,19.01635],[-98.30261,19.01646],[-98.30256,19.01654],[-98.30246,19.01661],[-98.3024,19.01668],[-98.30237,19.01685],[-98.3023,19.01694],[-98.3022,19.01704],[-98.30212,19.01708],[-98.30208,19.01715],[-98.3021,19.01725],[-98.30205,19.01743],[-98.30203,19.01773],[-98.302,19.01788],[-98.30191,19.01797],[-98.30188,19.01804],[-98.30191,19.01813],[-98.30199,19.01818],[-98.30202,19.01834],[-98.30188,19.01849],[-98.30173,19.01876],[-98.30172,19.01891],[-98.30188,19.01899],[-98.30198,19.0191],[-98.30196,19.01933],[-98.30186,19.0196],[-98.30193,19.01981],[-98.30186,19.01999],[-98.30146,19.01978],[-98.30025,19.0215],[-98.29973,19.02119],[-98.29935,19.02071],[-98.29902,19.02094],[-98.29796,19.02261],[-98.29734,19.02285],[-98.29709,19.0228]]]}},{"type":"Feature","properties":{"cp":72840,"nombre":"CP 72840"},"geometry":{"type":"Polygon","coordinates":[[[-98.31998,19.04271],[-98.32046,19.042],[-98.32014,19.04178],[-98.32093,19.04057],[-98.32156,19.04091],[-98.32182,19.0408],[-98.32387,19.03777],[-98.32338,19.03749],[-98.32393,19.03667],[-98.32444,19.03698],[-98.3253,19.03569],[-98.32659,19.03643],[-98.32732,19.0353],[-98.32798,19.03392],[-98.32812,19.03377],[-98.32914,19.03225],[-98.33111,19.029],[-98.33243,19.02986],[-98.33316,19.02884],[-98.33544,19.02554],[-98.33544,19.02554],[-98.3349,19.02522],[-98.33375,19.02454],[-98.33395,19.02428],[-98.33395,19.02428],[-98.33395,19.02428],[-98.33238,19.0233],[-98.33246,19.02319],[-98.33122,19.02196],[-98.33105,19.02217],[-98.33102,19.02213],[-98.33015,19.02102],[-98.32979,19.02057],[-98.32948,19.02016],[-98.32893,19.01943],[-98.32845,19.01882],[-98.32843,19.01885],[-98.32843,19.01885],[-98.32676,19.01643],[-98.32596,19.01527],[-98.32542,19.01608],[-98.3252,19.01636],[-98.32508,19.0163],[-98.32506,19.01631],[-98.32505,19.01634],[-98.32504,19.0164],[-98.32501,19.01644],[-98.32451,19.01725],[-98.32424,19.01768],[-98.32397,19.01812],[-98.32368,19.01857],[-98.3236,19.0187],[-98.32357,19.01873],[-98.32353,19.01874],[-98.32349,19.01874],[-98.32342,19.01872],[-98.32339,19.01872],[-98.32339,19.01872],[-98.32337,19.01874],[-98.32322,19.01899],[-98.3231,19.01917],[-98.323,19.01933],[-98.32267,19.01991],[-98.32176,19.01937],[-98.31976,19.01818],[-98.31968,19.01822],[-98.31962,19.01828],[-98.3195,19.0184],[-98.31942,19.01848],[-98.31927,19.01868],[-98.31912,19.0189],[-98.31887,19.01928],[-98.31866,19.01961],[-98.3184,19.02009],[-98.31831,19.02026],[-98.31755,19.02156],[-98.31703,19.02244],[-98.31629,19.022],[-98.31563,19.0216],[-98.31488,19.02294],[-98.31435,19.02385],[-98.31474,19.0241],[-98.31458,19.02431],[-98.3148,19.02445],[-98.31446,19.02492],[-98.31452,19.02495],[-98.31393,19.02584],[-98.31401,19.02591],[-98.31353,19.02659],[-98.31299,19.02621],[-98.31265,19.02679],[-98.31272,19.02692],[-98.31274,19.02709],[-98.31273,19.02722],[-98.31263,19.02731],[-98.31248,19.02734],[-98.31159,19.02842],[-98.31108,19.02811],[-98.3108,19.02781],[-98.3098,19.02725],[-98.30986,19.02703],[-98.30881,19.02636],[-98.30889,19.02624],[-98.30854,19.0261],[-98.30812,19.02587],[-98.30807,19.02607],[-98.3077,19.02586],[-98.30751,19.02571],[-98.3074,19.02554],[-98.3072,19.02509],[-98.30711,19.02493],[-98.30693,19.02525],[-98.30665,19.02537],[-98.30634,19.02547],[-98.306,19.02558],[-98.30593,19.02599],[-98.30572,19.02593],[-98.30567,19.0261],[-98.30555,19.02621],[-98.30555,19.0264],[-98.30553,19.02679],[-98.30536,19.02705],[-98.30488,19.02667],[-98.30469,19.02672],[-98.30431,19.02724],[-98.30159,19.02574],[-98.30148,19.02588],[-98.29902,19.0246],[-98.29902,19.0246],[-98.29851,19.02533],[-98.29907,19.02549],[-98.30071,19.02645],[-98.30199,19.02711],[-98.30107,19.02842],[-98.29971,19.03038],[-98.30192,19.03169],[-98.30109,19.03305],[-98.30251,19.03403],[-98.30124,19.0362],[-98.30083,19.03695],[-98.30029,19.03786],[-98.30022,19.03864],[-98.30095,19.03904],[-98.30286,19.04001],[-98.303,19.03976],[-98.30329,19.03989],[-98.3035,19.03971],[-98.30385,19.03971],[-98.30427,19.03995],[-98.30457,19.03996],[-98.30548,19.03999],[-98.3056,19.0401],[-98.30543,19.0405],[-98.30638,19.04084],[-98.30565,19.04247],[-98.30899,19.04396],[-98.30808,19.04554],[-98.30725,19.04696],[-98.30739,19.04702],[-98.30739,19.04702],[-98.30739,19.04702],[-98.30744,19.04705],[-98.30809,19.04734],[-98.30889,19.0477],[-98.31023,19.04831],[-98.31055,19.04846],[-98.31057,19.04847],[-98.31098,19.04866],[-98.31132,19.04882],[-98.31161,19.04896],[-98.31162,19.04896],[-98.31166,19.04898],[-98.31276,19.0495],[-98.3128,19.04952],[-98.31281,19.04952],[-98.31287,19.04954],[-98.31287,19.04954],[-98.31244,19.04897],[-98.31232,19.04876],[-98.31227,19.04864],[-98.31228,19.04852],[-98.31232,19.04837],[-98.31367,19.0465],[-98.31385,19.04625],[-98.31007,19.04448],[-98.3112,19.04058],[-98.30996,19.03989],[-98.30842,19.03891],[-98.30721,19.03827],[-98.30735,19.0379],[-98.30783,19.03702],[-98.30806,19.03656],[-98.30825,19.03602],[-98.30851,19.03555],[-98.30906,19.03595],[-98.31023,19.03441],[-98.31251,19.03601],[-98.31202,19.03776],[-98.31558,19.03995],[-98.31557,19.04004],[-98.31736,19.04114],[-98.31998,19.04271],[-98.31998,19.04271]]]}},{"type":"Feature","properties":{"cp":72228,"nombre":"CP 72228"},"geometry":{"type":"Polygon","coordinates":[[[-98.16973,19.08167],[-98.16849,19.08166],[-98.16784,19.08156],[-98.16709,19.08144],[-98.16581,19.08102],[-98.1647,19.08046],[-98.16446,19.08034],[-98.16358,19.07992],[-98.16292,19.07976],[-98.16194,19.07965],[-98.15943,19.07955],[-98.15291,19.07775],[-98.1501,19.07696],[-98.1472,19.07618],[-98.14701,19.07671],[-98.14672,19.07762],[-98.14668,19.07815],[-98.14668,19.0782],[-98.14655,19.07854],[-98.14637,19.07869],[-98.14624,19.07882],[-98.14602,19.07916],[-98.14591,19.07946],[-98.14572,19.07967],[-98.14565,19.07997],[-98.14545,19.08019],[-98.14541,19.08056],[-98.14533,19.08104],[-98.14503,19.08157],[-98.1448,19.0822],[-98.14464,19.08253],[-98.14457,19.08288],[-98.14446,19.08323],[-98.14715,19.08418],[-98.15378,19.08758],[-98.15406,19.08829],[-98.15406,19.08829],[-98.155,19.09039],[-98.15516,19.09063],[-98.15538,19.09128],[-98.15653,19.09186],[-98.1585,19.09304],[-98.16028,19.09389],[-98.16065,19.09348],[-98.16063,19.09312],[-98.16094,19.09292],[-98.16102,19.09251],[-98.16101,19.09209],[-98.16106,19.09173],[-98.16127,19.09139],[-98.16152,19.09124],[-98.16215,19.09147],[-98.1623,19.0911],[-98.16689,19.09421],[-98.1674,19.09456],[-98.16816,19.09509],[-98.1687,19.0953],[-98.16913,19.0955],[-98.1695,19.09579],[-98.16969,19.09566],[-98.16978,19.09556],[-98.16987,19.09546],[-98.17014,19.09507],[-98.17047,19.09475],[-98.17062,19.09457],[-98.17092,19.09425],[-98.17123,19.09411],[-98.1715,19.09392],[-98.17172,19.09358],[-98.17191,19.09348],[-98.17204,19.09339],[-98.1721,19.09328],[-98.17211,19.09312],[-98.17229,19.093],[-98.17246,19.09287],[-98.17255,19.09278],[-98.17259,19.0925],[-98.17256,19.09229],[-98.17254,19.09213],[-98.17258,19.09196],[-98.17299,19.09157],[-98.17321,19.09148],[-98.17269,19.09112],[-98.17178,19.09055],[-98.17107,19.09141],[-98.17092,19.09155],[-98.16912,19.09012],[-98.16729,19.08872],[-98.16593,19.08772],[-98.1657,19.08747],[-98.16585,19.08735],[-98.16602,19.08726],[-98.1663,19.08726],[-98.1665,19.08729],[-98.16666,19.08718],[-98.16669,19.087],[-98.1669,19.08693],[-98.16708,19.08684],[-98.16723,19.08679],[-98.16744,19.08662],[-98.16756,19.08656],[-98.16748,19.08635],[-98.16774,19.08611],[-98.167,19.08548],[-98.16612,19.08471],[-98.16651,19.08442],[-98.16686,19.08422],[-98.16629,19.0836],[-98.16652,19.0834],[-98.16579,19.0826],[-98.16631,19.08267],[-98.16676,19.08267],[-98.16751,19.08251],[-98.16856,19.08209],[-98.16923,19.08182],[-98.16973,19.08167]]]}},{"type":"Feature","properties":{"cp":72219,"nombre":"CP 72219"},"geometry":{"type":"Polygon","coordinates":[[[-98.16987,19.09546],[-98.16978,19.09556],[-98.16969,19.09566],[-98.1695,19.09579],[-98.16913,19.0955],[-98.1687,19.0953],[-98.16816,19.09509],[-98.1674,19.09456],[-98.16689,19.09421],[-98.1623,19.0911],[-98.16215,19.09147],[-98.16152,19.09124],[-98.16127,19.09139],[-98.16106,19.09173],[-98.16101,19.09209],[-98.16102,19.09251],[-98.16094,19.09292],[-98.16063,19.09312],[-98.16065,19.09348],[-98.16028,19.09389],[-98.1585,19.09304],[-98.15653,19.09186],[-98.15538,19.09128],[-98.15516,19.09063],[-98.155,19.09039],[-98.15406,19.08829],[-98.15406,19.08829],[-98.15406,19.08829],[-98.15406,19.08829],[-98.15338,19.08854],[-98.15261,19.08901],[-98.15224,19.0894],[-98.15166,19.09044],[-98.15138,19.09068],[-98.15082,19.09102],[-98.15047,19.0913],[-98.15016,19.09163],[-98.14993,19.09205],[-98.14993,19.09237],[-98.14979,19.09286],[-98.14926,19.09331],[-98.14901,19.09338],[-98.1485,19.09355],[-98.1481,19.09363],[-98.14767,19.09388],[-98.14749,19.09406],[-98.14742,19.09439],[-98.14731,19.09473],[-98.14707,19.09487],[-98.1468,19.09501],[-98.1466,19.09529],[-98.14635,19.09578],[-98.14603,19.096],[-98.14578,19.0962],[-98.14584,19.09648],[-98.14584,19.09648],[-98.14618,19.09721],[-98.14619,19.09747],[-98.14556,19.0983],[-98.14513,19.0984],[-98.14462,19.09821],[-98.14433,19.09836],[-98.14419,19.09879],[-98.1439,19.09907],[-98.14349,19.09965],[-98.14358,19.10023],[-98.14322,19.10121],[-98.14316,19.10165],[-98.14267,19.10189],[-98.14222,19.10181],[-98.1418,19.10201],[-98.14135,19.10227],[-98.14124,19.10266],[-98.14124,19.10266],[-98.14144,19.10331],[-98.14144,19.10331],[-98.14118,19.10398],[-98.14102,19.10409],[-98.14078,19.10406],[-98.14049,19.10407],[-98.14021,19.10424],[-98.14005,19.10446],[-98.14003,19.10459],[-98.14003,19.10466],[-98.13992,19.10491],[-98.13974,19.10509],[-98.13952,19.10532],[-98.1395,19.10545],[-98.13942,19.10577],[-98.13949,19.10607],[-98.13954,19.10622],[-98.13944,19.10651],[-98.13942,19.10674],[-98.13954,19.10702],[-98.1397,19.10711],[-98.13979,19.10714],[-98.1399,19.10707],[-98.14003,19.10689],[-98.14021,19.10671],[-98.14049,19.10633],[-98.14064,19.10609],[-98.1408,19.10598],[-98.14108,19.10588],[-98.14128,19.10566],[-98.14161,19.10529],[-98.14196,19.1051],[-98.14219,19.10502],[-98.14231,19.10485],[-98.14275,19.10416],[-98.14361,19.10378],[-98.14442,19.10325],[-98.14496,19.10306],[-98.14564,19.10263],[-98.14672,19.10232],[-98.14712,19.10222],[-98.14765,19.10208],[-98.14814,19.1022],[-98.14876,19.10246],[-98.14926,19.10207],[-98.14944,19.10213],[-98.14975,19.10197],[-98.15047,19.10142],[-98.15112,19.10086],[-98.152,19.10042],[-98.15239,19.09995],[-98.15261,19.09995],[-98.15323,19.09982],[-98.15369,19.09979],[-98.15369,19.09979],[-98.15395,19.09996],[-98.15431,19.09993],[-98.15469,19.10013],[-98.15505,19.10009],[-98.15538,19.09995],[-98.15574,19.10013],[-98.15574,19.10013],[-98.15569,19.10038],[-98.15531,19.10063],[-98.15488,19.10111],[-98.15433,19.10181],[-98.15376,19.10249],[-98.15364,19.10263],[-98.1534,19.10289],[-98.15326,19.10308],[-98.15315,19.10326],[-98.15305,19.10349],[-98.15285,19.10379],[-98.15262,19.10408],[-98.15242,19.10423],[-98.15214,19.10439],[-98.15189,19.10449],[-98.15175,19.10455],[-98.15166,19.10474],[-98.15156,19.10492],[-98.15148,19.10514],[-98.15151,19.1053],[-98.15292,19.10593],[-98.15368,19.1063],[-98.15509,19.10698],[-98.15525,19.10715],[-98.15546,19.10723],[-98.15561,19.10726],[-98.1558,19.10735],[-98.15573,19.10749],[-98.15558,19.10781],[-98.15545,19.10808],[-98.15533,19.10834],[-98.15524,19.10849],[-98.15507,19.10864],[-98.15489,19.1087],[-98.15471,19.10877],[-98.15454,19.10879],[-98.15435,19.10885],[-98.15425,19.10895],[-98.15426,19.10906],[-98.15429,19.10915],[-98.15436,19.10925],[-98.15445,19.10931],[-98.15453,19.10936],[-98.15455,19.10944],[-98.15451,19.10951],[-98.15441,19.10955],[-98.15424,19.1096],[-98.15413,19.10961],[-98.15391,19.10961],[-98.15378,19.10961],[-98.15357,19.10971],[-98.15332,19.10987],[-98.15317,19.11],[-98.15314,19.11014],[-98.15315,19.11038],[-98.15313,19.11067],[-98.15312,19.11095],[-98.15306,19.11111],[-98.15294,19.1112],[-98.15273,19.11125],[-98.15266,19.11124],[-98.15259,19.11127],[-98.15255,19.11134],[-98.15252,19.11143],[-98.15255,19.1115],[-98.15258,19.11159],[-98.15261,19.1117],[-98.15258,19.11177],[-98.15248,19.11183],[-98.1523,19.11186],[-98.15207,19.1119],[-98.15175,19.11193],[-98.15144,19.11196],[-98.15122,19.11222],[-98.15124,19.11229],[-98.15124,19.11239],[-98.15117,19.11254],[-98.15115,19.11265],[-98.15118,19.11275],[-98.15127,19.11279],[-98.15136,19.11277],[-98.15144,19.11272],[-98.15152,19.11267],[-98.15166,19.11274],[-98.15169,19.11283],[-98.15168,19.11293],[-98.15153,19.11303],[-98.15127,19.11308],[-98.15108,19.1131],[-98.15087,19.11312],[-98.15068,19.11321],[-98.15055,19.11331],[-98.15053,19.11348],[-98.15048,19.11363],[-98.15039,19.11376],[-98.15033,19.11395],[-98.1503,19.11406],[-98.15025,19.11412],[-98.15013,19.11415],[-98.15013,19.11415],[-98.15013,19.11415],[-98.14997,19.11456],[-98.14956,19.11545],[-98.14895,19.11635],[-98.14861,19.11697],[-98.14835,19.11729],[-98.1483,19.11755],[-98.14805,19.11776],[-98.14761,19.11802],[-98.14727,19.11825],[-98.14685,19.11868],[-98.14648,19.11878],[-98.14634,19.11901],[-98.14619,19.11928],[-98.14598,19.11932],[-98.14576,19.11931],[-98.14557,19.11934],[-98.14548,19.11946],[-98.14541,19.11959],[-98.14528,19.12003],[-98.14508,19.12074],[-98.14476,19.12127],[-98.14665,19.12275],[-98.14703,19.12205],[-98.14785,19.12164],[-98.14898,19.12124],[-98.14953,19.12088],[-98.14999,19.12038],[-98.15043,19.11983],[-98.15088,19.11932],[-98.15127,19.11905],[-98.1514,19.11856],[-98.15209,19.11827],[-98.15274,19.11793],[-98.153,19.11757],[-98.15405,19.11698],[-98.15487,19.11648],[-98.155,19.11615],[-98.15505,19.11561],[-98.15526,19.11537],[-98.15542,19.11506],[-98.15565,19.11481],[-98.15585,19.11444],[-98.15599,19.11436],[-98.15608,19.11426],[-98.15616,19.11413],[-98.15622,19.11396],[-98.15627,19.11375],[-98.15639,19.11349],[-98.15648,19.11337],[-98.15664,19.11322],[-98.15676,19.11308],[-98.15695,19.1129],[-98.15729,19.11271],[-98.15758,19.11257],[-98.15814,19.11231],[-98.15889,19.11189],[-98.15937,19.11145],[-98.15995,19.11068],[-98.15997,19.11064],[-98.1601,19.11048],[-98.16033,19.11001],[-98.16054,19.10918],[-98.16058,19.1085],[-98.16085,19.10817],[-98.16116,19.10774],[-98.16175,19.10727],[-98.16222,19.10704],[-98.16251,19.10706],[-98.16299,19.10681],[-98.16359,19.1068],[-98.16398,19.10665],[-98.16418,19.10636],[-98.16435,19.10572],[-98.1644,19.10561],[-98.16475,19.10545],[-98.16524,19.10545],[-98.16574,19.10517],[-98.16589,19.10518],[-98.16618,19.10507],[-98.16609,19.10491],[-98.16609,19.10491],[-98.16609,19.10491],[-98.16683,19.10423],[-98.1675,19.10361],[-98.16808,19.10258],[-98.16848,19.10188],[-98.16875,19.10172],[-98.16978,19.10047],[-98.1703,19.09997],[-98.17071,19.09963],[-98.17119,19.09938],[-98.17242,19.09724],[-98.17242,19.09724],[-98.16987,19.09546],[-98.16987,19.09546],[-98.16987,19.09546]]]}},{"type":"Feature","properties":{"cp":72227,"nombre":"CP 72227"},"geometry":{"type":"Polygon","coordinates":[[[-98.13374,19.12698],[-98.13416,19.12653],[-98.13478,19.1259],[-98.13495,19.12538],[-98.13568,19.12466],[-98.13568,19.12466],[-98.13628,19.12401],[-98.13724,19.12343],[-98.13778,19.12314],[-98.13819,19.12263],[-98.13852,19.12218],[-98.13913,19.1218],[-98.13992,19.12162],[-98.14042,19.12136],[-98.14085,19.12092],[-98.14184,19.12011],[-98.14203,19.11962],[-98.14231,19.11942],[-98.14265,19.11922],[-98.14289,19.11874],[-98.14315,19.1183],[-98.14332,19.11821],[-98.1434,19.11817],[-98.14391,19.11808],[-98.14412,19.1176],[-98.1446,19.11691],[-98.14492,19.11674],[-98.14538,19.11667],[-98.14571,19.11649],[-98.14591,19.11603],[-98.1462,19.11584],[-98.14669,19.11588],[-98.14708,19.1156],[-98.14729,19.11469],[-98.14744,19.11441],[-98.14782,19.11422],[-98.1482,19.1141],[-98.14891,19.11414],[-98.14927,19.1139],[-98.1497,19.11387],[-98.15013,19.11415],[-98.15013,19.11415],[-98.15025,19.11412],[-98.1503,19.11406],[-98.15033,19.11395],[-98.15039,19.11376],[-98.15048,19.11363],[-98.15053,19.11348],[-98.15055,19.11331],[-98.15068,19.11321],[-98.15087,19.11312],[-98.15108,19.1131],[-98.15127,19.11308],[-98.15153,19.11303],[-98.15168,19.11293],[-98.15169,19.11283],[-98.15166,19.11274],[-98.15152,19.11267],[-98.15144,19.11272],[-98.15136,19.11277],[-98.15127,19.11279],[-98.15118,19.11275],[-98.15115,19.11265],[-98.15117,19.11254],[-98.15124,19.11239],[-98.15124,19.11229],[-98.15122,19.11222],[-98.15144,19.11196],[-98.15175,19.11193],[-98.15207,19.1119],[-98.1523,19.11186],[-98.15248,19.11183],[-98.15258,19.11177],[-98.15261,19.1117],[-98.15258,19.11159],[-98.15255,19.1115],[-98.15252,19.11143],[-98.15255,19.11134],[-98.15259,19.11127],[-98.15266,19.11124],[-98.15273,19.11125],[-98.15294,19.1112],[-98.15306,19.11111],[-98.15312,19.11095],[-98.15313,19.11067],[-98.15315,19.11038],[-98.15314,19.11014],[-98.15317,19.11],[-98.15332,19.10987],[-98.15357,19.10971],[-98.15378,19.10961],[-98.15391,19.10961],[-98.15413,19.10961],[-98.15424,19.1096],[-98.15441,19.10955],[-98.15451,19.10951],[-98.15455,19.10944],[-98.15453,19.10936],[-98.15445,19.10931],[-98.15436,19.10925],[-98.15429,19.10915],[-98.15426,19.10906],[-98.15425,19.10895],[-98.15435,19.10885],[-98.15454,19.10879],[-98.15471,19.10877],[-98.15489,19.1087],[-98.15507,19.10864],[-98.15524,19.10849],[-98.15533,19.10834],[-98.15545,19.10808],[-98.15558,19.10781],[-98.15573,19.10749],[-98.1558,19.10735],[-98.15561,19.10726],[-98.15546,19.10723],[-98.15525,19.10715],[-98.15509,19.10698],[-98.15368,19.1063],[-98.15292,19.10593],[-98.15151,19.1053],[-98.15148,19.10514],[-98.15156,19.10492],[-98.15166,19.10474],[-98.15175,19.10455],[-98.15189,19.10449],[-98.15214,19.10439],[-98.15242,19.10423],[-98.15262,19.10408],[-98.15285,19.10379],[-98.15305,19.10349],[-98.15315,19.10326],[-98.15326,19.10308],[-98.1534,19.10289],[-98.15364,19.10263],[-98.15376,19.10249],[-98.15433,19.10181],[-98.15488,19.10111],[-98.15531,19.10063],[-98.15569,19.10038],[-98.15574,19.10013],[-98.15574,19.10013],[-98.15538,19.09995],[-98.15505,19.10009],[-98.15469,19.10013],[-98.15431,19.09993],[-98.15395,19.09996],[-98.15369,19.09979],[-98.15369,19.09979],[-98.15323,19.09982],[-98.15261,19.09995],[-98.15239,19.09995],[-98.152,19.10042],[-98.15112,19.10086],[-98.15047,19.10142],[-98.14975,19.10197],[-98.14944,19.10213],[-98.14926,19.10207],[-98.14876,19.10246],[-98.14814,19.1022],[-98.14765,19.10208],[-98.14712,19.10222],[-98.14672,19.10232],[-98.14564,19.10263],[-98.14496,19.10306],[-98.14442,19.10325],[-98.14361,19.10378],[-98.14275,19.10416],[-98.14231,19.10485],[-98.14219,19.10502],[-98.14196,19.1051],[-98.14161,19.10529],[-98.14128,19.10566],[-98.14108,19.10588],[-98.1408,19.10598],[-98.14064,19.10609],[-98.14049,19.10633],[-98.14021,19.10671],[-98.14003,19.10689],[-98.1399,19.10707],[-98.13979,19.10714],[-98.1397,19.10711],[-98.13954,19.10702],[-98.13942,19.10674],[-98.13944,19.10651],[-98.13954,19.10622],[-98.13949,19.10607],[-98.13942,19.10577],[-98.1395,19.10545],[-98.13952,19.10532],[-98.13974,19.10509],[-98.13992,19.10491],[-98.14003,19.10466],[-98.14003,19.10459],[-98.14005,19.10446],[-98.14021,19.10424],[-98.14049,19.10407],[-98.14078,19.10406],[-98.14102,19.10409],[-98.14118,19.10398],[-98.14144,19.10331],[-98.14144,19.10331],[-98.14124,19.10266],[-98.14124,19.10266],[-98.14135,19.10227],[-98.1418,19.10201],[-98.14222,19.10181],[-98.14267,19.10189],[-98.14316,19.10165],[-98.14322,19.10121],[-98.14358,19.10023],[-98.14349,19.09965],[-98.1439,19.09907],[-98.14419,19.09879],[-98.14433,19.09836],[-98.14462,19.09821],[-98.14513,19.0984],[-98.14556,19.0983],[-98.14619,19.09747],[-98.14618,19.09721],[-98.14584,19.09648],[-98.14584,19.09648],[-98.14578,19.0962],[-98.14603,19.096],[-98.14635,19.09578],[-98.1466,19.09529],[-98.1468,19.09501],[-98.14707,19.09487],[-98.14731,19.09473],[-98.14742,19.09439],[-98.14749,19.09406],[-98.14767,19.09388],[-98.1481,19.09363],[-98.1485,19.09355],[-98.14901,19.09338],[-98.14926,19.09331],[-98.14979,19.09286],[-98.14993,19.09237],[-98.14993,19.09205],[-98.15016,19.09163],[-98.15047,19.0913],[-98.15082,19.09102],[-98.15138,19.09068],[-98.15166,19.09044],[-98.15224,19.0894],[-98.15261,19.08901],[-98.15338,19.08854],[-98.15406,19.08829],[-98.15406,19.08829],[-98.15406,19.08829],[-98.15378,19.08758],[-98.14715,19.08418],[-98.14446,19.08323],[-98.14457,19.08288],[-98.14464,19.08253],[-98.1448,19.0822],[-98.14503,19.08157],[-98.14533,19.08104],[-98.14541,19.08056],[-98.14545,19.08019],[-98.14565,19.07997],[-98.14572,19.07967],[-98.14591,19.07946],[-98.14602,19.07916],[-98.14624,19.07882],[-98.14637,19.07869],[-98.14655,19.07854],[-98.14668,19.0782],[-98.14394,19.07672],[-98.14445,19.07603],[-98.14498,19.07541],[-98.14175,19.07432],[-98.13796,19.07793],[-98.13759,19.07826],[-98.13715,19.07904],[-98.13592,19.08136],[-98.1356,19.08122],[-98.13424,19.08059],[-98.13362,19.08027],[-98.13249,19.07982],[-98.13175,19.0795],[-98.13141,19.07935],[-98.13039,19.07894],[-98.12896,19.07833],[-98.12854,19.07817],[-98.12819,19.07799],[-98.12811,19.07804],[-98.12774,19.07788],[-98.12765,19.07789],[-98.1275,19.07781],[-98.12697,19.07749],[-98.12674,19.07741],[-98.1266,19.07742],[-98.12652,19.07742],[-98.1263,19.07721],[-98.12589,19.07696],[-98.12564,19.07689],[-98.12546,19.07685],[-98.12521,19.07669],[-98.1252,19.07659],[-98.12575,19.07577],[-98.12668,19.07443],[-98.12583,19.07396],[-98.12518,19.07359],[-98.12493,19.07336],[-98.12483,19.07373],[-98.12448,19.07403],[-98.12414,19.07419],[-98.12359,19.07445],[-98.12299,19.07507],[-98.12296,19.07548],[-98.12293,19.0758],[-98.12279,19.07608],[-98.12257,19.07627],[-98.12236,19.07659],[-98.12214,19.07703],[-98.12181,19.07755],[-98.12168,19.07794],[-98.12165,19.07819],[-98.12153,19.07839],[-98.12136,19.07857],[-98.1212,19.07864],[-98.12106,19.07861],[-98.12098,19.07864],[-98.12081,19.07867],[-98.12056,19.0787],[-98.12034,19.07879],[-98.12009,19.07905],[-98.11986,19.07944],[-98.11982,19.0797],[-98.11981,19.07994],[-98.11981,19.08018],[-98.11976,19.08036],[-98.1196,19.08054],[-98.11947,19.08064],[-98.11941,19.08073],[-98.11937,19.0809],[-98.11946,19.08109],[-98.11953,19.08121],[-98.11968,19.08146],[-98.11984,19.08162],[-98.11982,19.08173],[-98.11969,19.0818],[-98.11958,19.08181],[-98.11934,19.08179],[-98.11915,19.08179],[-98.11901,19.0819],[-98.11901,19.08207],[-98.11907,19.08221],[-98.11916,19.0823],[-98.11919,19.08239],[-98.11909,19.08249],[-98.11899,19.0825],[-98.11886,19.08248],[-98.11877,19.08249],[-98.11869,19.08254],[-98.11868,19.08263],[-98.11873,19.08276],[-98.11876,19.08287],[-98.11874,19.083],[-98.11864,19.08314],[-98.11842,19.08326],[-98.11835,19.08334],[-98.11834,19.08345],[-98.11839,19.08366],[-98.11852,19.08395],[-98.11859,19.08409],[-98.1187,19.08422],[-98.11877,19.08434],[-98.11877,19.08448],[-98.1187,19.08462],[-98.11854,19.08469],[-98.11847,19.08478],[-98.11847,19.08487],[-98.11853,19.08493],[-98.11859,19.08497],[-98.11861,19.08503],[-98.11859,19.08508],[-98.11853,19.0851],[-98.11844,19.08515],[-98.11835,19.08523],[-98.11831,19.08535],[-98.11834,19.08548],[-98.11839,19.08577],[-98.11842,19.08601],[-98.11837,19.08618],[-98.1182,19.08633],[-98.11808,19.08646],[-98.11807,19.0866],[-98.11816,19.08686],[-98.11819,19.08725],[-98.11816,19.08743],[-98.11805,19.08762],[-98.11785,19.08773],[-98.11769,19.08785],[-98.11763,19.08834],[-98.11755,19.0886],[-98.11736,19.08915],[-98.11716,19.0895],[-98.11705,19.08964],[-98.11695,19.08984],[-98.11695,19.09008],[-98.11705,19.09032],[-98.11718,19.09062],[-98.11717,19.09075],[-98.11705,19.09089],[-98.11694,19.09097],[-98.11695,19.09112],[-98.11702,19.09129],[-98.11692,19.09142],[-98.11672,19.09156],[-98.11659,19.09176],[-98.11659,19.09194],[-98.1166,19.09218],[-98.11668,19.09239],[-98.11671,19.09255],[-98.11665,19.09276],[-98.11654,19.09291],[-98.11636,19.09328],[-98.11622,19.09355],[-98.11609,19.0938],[-98.11597,19.09407],[-98.11597,19.09441],[-98.11581,19.09482],[-98.11568,19.0951],[-98.11567,19.09533],[-98.11571,19.09582],[-98.11561,19.09617],[-98.11532,19.09649],[-98.11509,19.09663],[-98.11479,19.09674],[-98.11451,19.09705],[-98.11444,19.09717],[-98.11432,19.09728],[-98.11411,19.0973],[-98.11378,19.09731],[-98.11355,19.0974],[-98.11339,19.09754],[-98.11326,19.09779],[-98.11324,19.09806],[-98.11318,19.09826],[-98.11309,19.09835],[-98.113,19.09839],[-98.11296,19.09858],[-98.113,19.09904],[-98.11283,19.09919],[-98.11276,19.09924],[-98.11272,19.09936],[-98.11281,19.09941],[-98.11297,19.09952],[-98.11303,19.09969],[-98.11301,19.09981],[-98.11287,19.09987],[-98.11265,19.09995],[-98.11237,19.10024],[-98.11189,19.10068],[-98.1116,19.10095],[-98.11139,19.1014],[-98.1114,19.10167],[-98.11132,19.10183],[-98.1112,19.10197],[-98.11117,19.10222],[-98.11132,19.10258],[-98.1113,19.10294],[-98.11124,19.10328],[-98.1111,19.10373],[-98.1109,19.10407],[-98.11071,19.10447],[-98.11051,19.10457],[-98.11038,19.1046],[-98.11033,19.10467],[-98.11035,19.10476],[-98.11046,19.10487],[-98.11051,19.10499],[-98.11047,19.1051],[-98.11034,19.10516],[-98.11029,19.10526],[-98.11027,19.10537],[-98.11042,19.10557],[-98.11047,19.1057],[-98.11047,19.10593],[-98.11036,19.10604],[-98.11032,19.10624],[-98.11032,19.10636],[-98.11027,19.10647],[-98.11014,19.10652],[-98.10995,19.10653],[-98.10973,19.10665],[-98.10971,19.10682],[-98.10974,19.10696],[-98.10971,19.10709],[-98.10961,19.10713],[-98.10949,19.10716],[-98.10929,19.10724],[-98.10912,19.10731],[-98.10901,19.10739],[-98.10895,19.10751],[-98.10893,19.10775],[-98.10893,19.10807],[-98.10882,19.10825],[-98.10863,19.1085],[-98.10852,19.10867],[-98.10837,19.10886],[-98.1083,19.10909],[-98.1082,19.10932],[-98.10814,19.10946],[-98.10806,19.10963],[-98.10788,19.10976],[-98.10768,19.10981],[-98.10731,19.10999],[-98.10701,19.11021],[-98.10679,19.1106],[-98.1066,19.11069],[-98.10641,19.11085],[-98.10622,19.11099],[-98.10597,19.11111],[-98.10576,19.11125],[-98.10543,19.11144],[-98.10501,19.11195],[-98.10455,19.11238],[-98.1042,19.11269],[-98.1037,19.11321],[-98.10331,19.1135],[-98.10302,19.1141],[-98.10276,19.11437],[-98.10242,19.11511],[-98.10154,19.11585],[-98.10086,19.11657],[-98.10024,19.11758],[-98.09936,19.11881],[-98.09936,19.11881],[-98.09872,19.11955],[-98.09825,19.12047],[-98.09718,19.12161],[-98.09677,19.12251],[-98.10031,19.12442],[-98.10271,19.12581],[-98.10491,19.12711],[-98.10608,19.128],[-98.10622,19.12778],[-98.10648,19.12731],[-98.1068,19.12708],[-98.10706,19.12699],[-98.10733,19.12699],[-98.10759,19.12699],[-98.1078,19.12694],[-98.10791,19.12681],[-98.10813,19.12668],[-98.1084,19.1267],[-98.10877,19.12668],[-98.10937,19.12635],[-98.11001,19.1259],[-98.11106,19.12522],[-98.11175,19.12474],[-98.11218,19.12435],[-98.11246,19.12392],[-98.11279,19.12345],[-98.11358,19.12288],[-98.11406,19.1225],[-98.11419,19.12233],[-98.11445,19.12187],[-98.11465,19.12137],[-98.11475,19.12109],[-98.11503,19.12101],[-98.1154,19.12101],[-98.11583,19.12104],[-98.11615,19.12112],[-98.11649,19.12113],[-98.11807,19.12239],[-98.11883,19.12269],[-98.11939,19.12284],[-98.11981,19.12276],[-98.12046,19.12235],[-98.12084,19.12206],[-98.12086,19.12159],[-98.12115,19.12119],[-98.12137,19.12093],[-98.12137,19.12074],[-98.12157,19.12046],[-98.12202,19.12017],[-98.12256,19.11972],[-98.12322,19.11932],[-98.12345,19.11944],[-98.12399,19.11992],[-98.12455,19.12031],[-98.12471,19.1203],[-98.12498,19.12019],[-98.12557,19.11978],[-98.12591,19.1198],[-98.12608,19.11994],[-98.12625,19.12025],[-98.12635,19.12054],[-98.12649,19.121],[-98.12667,19.12143],[-98.12686,19.12179],[-98.12719,19.12222],[-98.12795,19.12298],[-98.12834,19.12281],[-98.1289,19.12269],[-98.12914,19.12277],[-98.12909,19.12296],[-98.12899,19.12315],[-98.12888,19.12338],[-98.12872,19.12359],[-98.1285,19.12375],[-98.12833,19.12399],[-98.12821,19.12451],[-98.12856,19.12486],[-98.12953,19.12582],[-98.12994,19.12632],[-98.13074,19.12743],[-98.13096,19.12751],[-98.1314,19.12734],[-98.13178,19.12716],[-98.13222,19.12717],[-98.1326,19.12713],[-98.133,19.12703],[-98.13336,19.127],[-98.13374,19.12698],[-98.13374,19.12698]]]}},{"type":"Feature","properties":{"cp":72762,"nombre":"CP 72762"},"geometry":{"type":"Polygon","coordinates":[[[-98.31317,19.06473],[-98.31859,19.06718],[-98.31897,19.06642],[-98.31942,19.06549],[-98.31992,19.06451],[-98.32041,19.06353],[-98.32053,19.06342],[-98.32068,19.06332],[-98.3211,19.06311],[-98.32232,19.06262],[-98.32386,19.06201],[-98.32306,19.06164],[-98.32401,19.05992],[-98.32508,19.05804],[-98.32535,19.05816],[-98.32587,19.05738],[-98.32599,19.05739],[-98.32629,19.05694],[-98.32515,19.05643],[-98.32758,19.05567],[-98.32802,19.05558],[-98.32507,19.05428],[-98.3254,19.05368],[-98.32257,19.05239],[-98.32486,19.05185],[-98.32203,19.05055],[-98.32908,19.04804],[-98.3282,19.04755],[-98.32794,19.0474],[-98.32791,19.04738],[-98.32712,19.04694],[-98.32649,19.04659],[-98.32609,19.04632],[-98.32597,19.04625],[-98.32469,19.0454],[-98.3245,19.04552],[-98.3245,19.04552],[-98.32195,19.04719],[-98.32161,19.04735],[-98.32142,19.04742],[-98.32075,19.04764],[-98.32023,19.04786],[-98.31968,19.04812],[-98.31915,19.04839],[-98.31904,19.04845],[-98.31862,19.04866],[-98.31832,19.04881],[-98.31772,19.04913],[-98.3177,19.04914],[-98.3172,19.04941],[-98.31659,19.04965],[-98.31632,19.04975],[-98.31555,19.05004],[-98.31505,19.05028],[-98.31476,19.05042],[-98.31468,19.05038],[-98.31467,19.05038],[-98.31323,19.04972],[-98.31318,19.0497],[-98.31287,19.04954],[-98.31287,19.04954],[-98.31281,19.04952],[-98.3128,19.04952],[-98.31276,19.0495],[-98.31166,19.04898],[-98.31162,19.04896],[-98.31161,19.04896],[-98.31132,19.04882],[-98.31098,19.04866],[-98.31057,19.04847],[-98.31055,19.04846],[-98.31023,19.04831],[-98.30889,19.0477],[-98.30809,19.04734],[-98.30744,19.04705],[-98.30739,19.04702],[-98.30739,19.04702],[-98.30739,19.04702],[-98.30696,19.04787],[-98.30695,19.04788],[-98.30693,19.04791],[-98.30654,19.04869],[-98.30652,19.04873],[-98.3061,19.04957],[-98.31427,19.05337],[-98.31398,19.0535],[-98.31357,19.05365],[-98.31302,19.05375],[-98.3129,19.05383],[-98.31111,19.05743],[-98.3158,19.05958],[-98.31446,19.06224],[-98.31317,19.06473]]]}},{"type":"Feature","properties":{"cp":72686,"nombre":"CP 72686"},"geometry":{"type":"Polygon","coordinates":[[[-98.25894,19.13453],[-98.25972,19.13503],[-98.26108,19.1358],[-98.26097,19.13604],[-98.26091,19.13618],[-98.26089,19.13622],[-98.26081,19.1364],[-98.26072,19.1366],[-98.26067,19.13674],[-98.26063,19.13682],[-98.26055,19.13701],[-98.26045,19.13723],[-98.2604,19.13734],[-98.26032,19.13753],[-98.26027,19.13763],[-98.2602,19.1378],[-98.26014,19.13794],[-98.25998,19.1383],[-98.26105,19.13906],[-98.26203,19.13971],[-98.26309,19.14042],[-98.26412,19.14112],[-98.26418,19.14116],[-98.26403,19.14148],[-98.26402,19.1415],[-98.26401,19.14151],[-98.26393,19.14166],[-98.26386,19.14179],[-98.26378,19.14196],[-98.26439,19.14238],[-98.26472,19.1426],[-98.26514,19.1427],[-98.2655,19.14282],[-98.26559,19.14298],[-98.26559,19.14298],[-98.26604,19.14295],[-98.26658,19.14286],[-98.26726,19.14257],[-98.2679,19.14215],[-98.26855,19.14145],[-98.26898,19.1406],[-98.2698,19.13874],[-98.2715,19.13488],[-98.26366,19.12699],[-98.26354,19.12698],[-98.26306,19.12674],[-98.26288,19.12665],[-98.26274,19.12655],[-98.26265,19.12646],[-98.2626,19.12657],[-98.26242,19.12698],[-98.26215,19.12757],[-98.26065,19.13081],[-98.25956,19.13319],[-98.25894,19.13453],[-98.25894,19.13453]]]}},{"type":"Feature","properties":{"cp":72682,"nombre":"CP 72682"},"geometry":{"type":"Polygon","coordinates":[[[-98.26366,19.12699],[-98.2715,19.13488],[-98.27184,19.1341],[-98.27353,19.13014],[-98.27444,19.12818],[-98.2746,19.12741],[-98.2746,19.12657],[-98.27415,19.1247],[-98.27394,19.12373],[-98.27384,19.12304],[-98.27394,19.12222],[-98.27449,19.12078],[-98.27563,19.11811],[-98.27706,19.11452],[-98.27799,19.11225],[-98.27904,19.10976],[-98.27743,19.10722],[-98.27705,19.10775],[-98.27668,19.10828],[-98.2766,19.10839],[-98.27655,19.10847],[-98.27648,19.10857],[-98.27647,19.10857],[-98.27634,19.10876],[-98.27517,19.11031],[-98.27474,19.11087],[-98.27407,19.11176],[-98.27377,19.11214],[-98.27366,19.1123],[-98.27297,19.11321],[-98.27271,19.11356],[-98.27234,19.114],[-98.27202,19.11432],[-98.27174,19.11458],[-98.27069,19.1155],[-98.27056,19.11561],[-98.26946,19.11652],[-98.26769,19.1181],[-98.26707,19.1187],[-98.26707,19.1187],[-98.26624,19.11942],[-98.26617,19.11946],[-98.26612,19.11949],[-98.26496,19.12025],[-98.26404,19.12108],[-98.26218,19.12283],[-98.26151,19.12367],[-98.2612,19.12408],[-98.2612,19.12408],[-98.26173,19.12431],[-98.26179,19.12439],[-98.26184,19.12456],[-98.26183,19.12468],[-98.2618,19.12476],[-98.26199,19.1247],[-98.26216,19.12473],[-98.26227,19.12479],[-98.26234,19.12494],[-98.26242,19.12513],[-98.26255,19.12533],[-98.26267,19.12549],[-98.26275,19.1256],[-98.26328,19.12612],[-98.26344,19.12636],[-98.26388,19.12718],[-98.26371,19.127],[-98.26366,19.12699]]]}},{"type":"Feature","properties":{"cp":72966,"nombre":"CP 72966"},"geometry":{"type":"Polygon","coordinates":[[[-98.27028,18.95139],[-98.27028,18.95139],[-98.27028,18.95139],[-98.27025,18.9512],[-98.27017,18.95068],[-98.27016,18.95062],[-98.27014,18.9505],[-98.2702,18.95002],[-98.2702,18.95],[-98.27023,18.95001],[-98.27033,18.95005],[-98.27036,18.94993],[-98.27036,18.94993],[-98.27036,18.94981],[-98.27047,18.94981],[-98.27054,18.94981],[-98.27058,18.9498],[-98.27067,18.94979],[-98.27081,18.94972],[-98.27096,18.94962],[-98.27103,18.94957],[-98.27108,18.94952],[-98.27127,18.94943],[-98.27135,18.94938],[-98.27145,18.94934],[-98.27149,18.94931],[-98.27161,18.94925],[-98.27226,18.94937],[-98.27258,18.94943],[-98.2729,18.94949],[-98.27305,18.94951],[-98.27338,18.94953],[-98.27358,18.94951],[-98.27369,18.9495],[-98.27396,18.94952],[-98.27409,18.94953],[-98.27426,18.94955],[-98.27453,18.94962],[-98.27477,18.94969],[-98.27485,18.94971],[-98.27493,18.94973],[-98.2751,18.94975],[-98.27519,18.94976],[-98.27524,18.94978],[-98.27551,18.94974],[-98.27559,18.94972],[-98.27565,18.94971],[-98.27565,18.94971],[-98.27568,18.94972],[-98.27577,18.94974],[-98.27588,18.94978],[-98.2759,18.94979],[-98.27602,18.94985],[-98.27609,18.94987],[-98.27615,18.9499],[-98.27631,18.94981],[-98.27636,18.9498],[-98.27699,18.94927],[-98.27795,18.94895],[-98.27797,18.94876],[-98.27798,18.94865],[-98.27798,18.94861],[-98.27801,18.94833],[-98.27801,18.94786],[-98.27801,18.9477],[-98.27802,18.94714],[-98.27802,18.94707],[-98.27802,18.94699],[-98.27791,18.94685],[-98.27779,18.9467],[-98.2774,18.94639],[-98.27755,18.94623],[-98.27762,18.94616],[-98.27744,18.94601],[-98.27736,18.94595],[-98.2771,18.94577],[-98.27697,18.94567],[-98.27689,18.9456],[-98.27689,18.9456],[-98.27732,18.94527],[-98.2775,18.94525],[-98.2775,18.94525],[-98.27755,18.94521],[-98.27768,18.94509],[-98.27723,18.9447],[-98.27696,18.94442],[-98.27678,18.94419],[-98.27678,18.94419],[-98.27678,18.94419],[-98.2769,18.94389],[-98.27712,18.94337],[-98.27735,18.94304],[-98.27736,18.94302],[-98.27745,18.94289],[-98.27745,18.94285],[-98.27743,18.94262],[-98.27741,18.94241],[-98.27741,18.94241],[-98.27741,18.94238],[-98.27748,18.94219],[-98.27753,18.94203],[-98.27759,18.94191],[-98.27761,18.94176],[-98.27761,18.94176],[-98.27754,18.94151],[-98.27746,18.94136],[-98.27744,18.94127],[-98.27743,18.94122],[-98.27744,18.9412],[-98.27747,18.94104],[-98.27753,18.94084],[-98.27758,18.94065],[-98.27755,18.9406],[-98.2775,18.9405],[-98.27743,18.94047],[-98.27738,18.9403],[-98.27729,18.94011],[-98.27731,18.9398],[-98.27727,18.93967],[-98.27723,18.93954],[-98.27696,18.93903],[-98.27689,18.93895],[-98.27675,18.93882],[-98.27654,18.93912],[-98.27646,18.93957],[-98.27631,18.94007],[-98.27604,18.94029],[-98.2758,18.94035],[-98.27532,18.9402],[-98.27462,18.93986],[-98.27401,18.93971],[-98.27364,18.93967],[-98.27317,18.93963],[-98.27272,18.93955],[-98.27235,18.93939],[-98.27202,18.93909],[-98.27184,18.93887],[-98.27169,18.93872],[-98.27148,18.9385],[-98.27095,18.93826],[-98.27041,18.93813],[-98.26957,18.93748],[-98.26922,18.93721],[-98.26859,18.93683],[-98.26828,18.93731],[-98.26688,18.93642],[-98.26743,18.93582],[-98.26532,18.93484],[-98.26487,18.93457],[-98.26478,18.93447],[-98.26399,18.93315],[-98.26387,18.93302],[-98.26028,18.93156],[-98.25833,18.93435],[-98.25571,18.93657],[-98.2534,18.93695],[-98.25239,18.93629],[-98.25189,18.93674],[-98.25196,18.9369],[-98.2514,18.93759],[-98.25165,18.93776],[-98.25123,18.93805],[-98.252,18.93858],[-98.25144,18.93923],[-98.25224,18.93996],[-98.24945,18.94249],[-98.24821,18.94343],[-98.2476,18.94443],[-98.24779,18.94458],[-98.24815,18.94518],[-98.24826,18.94554],[-98.24822,18.94589],[-98.24815,18.94617],[-98.24815,18.94617],[-98.24809,18.94644],[-98.24805,18.94661],[-98.24808,18.94673],[-98.24813,18.94681],[-98.24821,18.94688],[-98.24828,18.94689],[-98.24828,18.94689],[-98.2484,18.94692],[-98.24865,18.94691],[-98.24961,18.94667],[-98.24982,18.94662],[-98.2504,18.94642],[-98.25062,18.94631],[-98.25065,18.94628],[-98.25081,18.94616],[-98.25091,18.94607],[-98.25104,18.94604],[-98.25132,18.94606],[-98.25155,18.9461],[-98.25169,18.94619],[-98.25183,18.94647],[-98.25196,18.94687],[-98.25201,18.9474],[-98.25202,18.94761],[-98.25207,18.94788],[-98.25214,18.94798],[-98.25221,18.948],[-98.25234,18.94803],[-98.2525,18.94803],[-98.25267,18.94801],[-98.25297,18.94799],[-98.25318,18.94802],[-98.25341,18.9482],[-98.2537,18.94861],[-98.2541,18.94956],[-98.25413,18.94981],[-98.25413,18.95003],[-98.25413,18.95033],[-98.25423,18.95063],[-98.25439,18.95084],[-98.25449,18.95088],[-98.25457,18.95088],[-98.25507,18.95087],[-98.25685,18.95079],[-98.25798,18.95076],[-98.2591,18.9509],[-98.25977,18.95104],[-98.26013,18.95116],[-98.26035,18.95132],[-98.26067,18.95168],[-98.2608,18.95197],[-98.26096,18.95324],[-98.26111,18.95415],[-98.26143,18.95434],[-98.26196,18.95421],[-98.26241,18.95389],[-98.26295,18.95358],[-98.26348,18.95343],[-98.26394,18.95352],[-98.26519,18.95456],[-98.26582,18.95509],[-98.26616,18.95534],[-98.26655,18.95549],[-98.26673,18.95592],[-98.26688,18.95633],[-98.26701,18.95627],[-98.26815,18.95565],[-98.26824,18.95555],[-98.2683,18.95543],[-98.26842,18.95521],[-98.26864,18.95439],[-98.26875,18.95369],[-98.26883,18.95296],[-98.26883,18.95249],[-98.26879,18.95224],[-98.26875,18.95207],[-98.26877,18.95193],[-98.26885,18.95179],[-98.26912,18.95163],[-98.26942,18.95147],[-98.26981,18.95135],[-98.27005,18.95133],[-98.27028,18.95139]]]}},{"type":"Feature","properties":{"cp":72770,"nombre":"CP 72770"},"geometry":{"type":"MultiPolygon","coordinates":[[[[-98.30371,19.06839],[-98.30499,19.06583],[-98.30206,19.0645],[-98.3029,19.06287],[-98.29952,19.06133],[-98.29519,19.06342],[-98.29519,19.06342],[-98.29404,19.06395],[-98.29298,19.06451],[-98.29278,19.06457],[-98.29253,19.0646],[-98.29118,19.06486],[-98.29087,19.06492],[-98.29039,19.065],[-98.29,19.0651],[-98.28956,19.06521],[-98.2893,19.06529],[-98.289,19.0654],[-98.28911,19.06567],[-98.2909,19.06598],[-98.29068,19.06613],[-98.29017,19.06649],[-98.29017,19.06649],[-98.29052,19.06664],[-98.29037,19.06693],[-98.28977,19.068],[-98.28935,19.06872],[-98.28939,19.06875],[-98.28907,19.06933],[-98.28935,19.06948],[-98.28928,19.06962],[-98.2895,19.06975],[-98.28922,19.07023],[-98.28884,19.07007],[-98.28873,19.07026],[-98.28814,19.06999],[-98.28781,19.07071],[-98.28821,19.07104],[-98.28852,19.0713],[-98.28905,19.07175],[-98.28859,19.0745],[-98.28823,19.07442],[-98.28798,19.07449],[-98.28855,19.07556],[-98.29396,19.07501],[-98.29515,19.07492],[-98.29548,19.07486],[-98.29586,19.07475],[-98.29617,19.07463],[-98.29649,19.07447],[-98.29666,19.07436],[-98.29686,19.07421],[-98.29686,19.07421],[-98.29686,19.07421],[-98.29727,19.07383],[-98.29755,19.07349],[-98.29777,19.07311],[-98.2996,19.07393],[-98.30066,19.0744],[-98.30371,19.06839],[-98.30371,19.06839]]],[[[-98.3855,19.05405],[-98.38593,19.05399],[-98.38638,19.05393],[-98.38707,19.05384],[-98.38854,19.05365],[-98.38937,19.05356],[-98.39025,19.05346],[-98.39101,19.05338],[-98.39119,19.05336],[-98.39167,19.0533],[-98.3923,19.05323],[-98.39239,19.05322],[-98.39321,19.05313],[-98.3934,19.05311],[-98.39427,19.05301],[-98.3945,19.05299],[-98.39483,19.05295],[-98.39518,19.05294],[-98.39554,19.05293],[-98.39661,19.05289],[-98.39688,19.05288],[-98.39767,19.05285],[-98.39899,19.05281],[-98.39909,19.0528],[-98.40033,19.05276],[-98.40038,19.05276],[-98.40054,19.05273],[-98.40081,19.05268],[-98.40107,19.05272],[-98.40173,19.05274],[-98.40265,19.05274],[-98.40277,19.05251],[-98.40292,19.05216],[-98.40295,19.0521],[-98.40303,19.05187],[-98.4032,19.05144],[-98.40321,19.05139],[-98.40337,19.05102],[-98.40348,19.05074],[-98.40374,19.05011],[-98.40381,19.04995],[-98.40383,19.04989],[-98.40387,19.04939],[-98.40382,19.04918],[-98.40381,19.04912],[-98.4038,19.04897],[-98.4038,19.04875],[-98.40375,19.04863],[-98.40375,19.04849],[-98.40383,19.0483],[-98.40391,19.04811],[-98.40395,19.04796],[-98.40388,19.04786],[-98.40382,19.04783],[-98.40378,19.04771],[-98.40377,19.04759],[-98.4037,19.04748],[-98.40364,19.04738],[-98.40366,19.04731],[-98.4038,19.04727],[-98.40386,19.04709],[-98.40388,19.04694],[-98.40392,19.04684],[-98.40394,19.04676],[-98.40399,19.04663],[-98.40418,19.0466],[-98.40428,19.04656],[-98.40435,19.04646],[-98.40425,19.04627],[-98.40421,19.04619],[-98.40412,19.04604],[-98.40415,19.0458],[-98.40415,19.04564],[-98.40411,19.04551],[-98.40406,19.04535],[-98.40403,19.04521],[-98.40401,19.04504],[-98.404,19.04488],[-98.40398,19.0448],[-98.40384,19.04439],[-98.40365,19.04351],[-98.40363,19.04338],[-98.40374,19.04339],[-98.40369,19.04318],[-98.40349,19.04279],[-98.40331,19.04274],[-98.40315,19.04267],[-98.4031,19.04251],[-98.40306,19.04232],[-98.40304,19.04211],[-98.403,19.04193],[-98.40299,19.04127],[-98.40305,19.04102],[-98.40256,19.04001],[-98.40235,19.03992],[-98.40216,19.03983],[-98.40209,19.03964],[-98.40206,19.03943],[-98.40211,19.03927],[-98.40214,19.03906],[-98.40197,19.03878],[-98.40174,19.03875],[-98.40159,19.0387],[-98.40138,19.03831],[-98.40123,19.03805],[-98.40098,19.03786],[-98.401,19.03769],[-98.40103,19.03756],[-98.40106,19.03742],[-98.40097,19.0371],[-98.40075,19.0365],[-98.40034,19.0362],[-98.39992,19.03581],[-98.3997,19.03564],[-98.39963,19.03529],[-98.39958,19.03522],[-98.39952,19.03515],[-98.39931,19.03514],[-98.39909,19.03494],[-98.39906,19.03488],[-98.39896,19.03466],[-98.39887,19.03443],[-98.39876,19.03425],[-98.39874,19.03386],[-98.3986,19.03365],[-98.39839,19.03344],[-98.39797,19.03321],[-98.39772,19.03292],[-98.39767,19.03286],[-98.39763,19.03282],[-98.39755,19.03263],[-98.39719,19.03234],[-98.39697,19.03221],[-98.39666,19.03216],[-98.39637,19.03198],[-98.39625,19.0318],[-98.39615,19.03168],[-98.39612,19.03165],[-98.39594,19.03142],[-98.39576,19.03121],[-98.39564,19.03101],[-98.39556,19.03079],[-98.39555,19.0306],[-98.39555,19.0305],[-98.39557,19.03029],[-98.39564,19.02963],[-98.39564,19.02963],[-98.39506,19.02953],[-98.39423,19.02938],[-98.39401,19.02931],[-98.39397,19.02931],[-98.39325,19.02918],[-98.39284,19.02912],[-98.39246,19.0291],[-98.39219,19.02916],[-98.39214,19.02918],[-98.39203,19.0292],[-98.39177,19.02935],[-98.39148,19.02949],[-98.39132,19.02957],[-98.39122,19.02961],[-98.39104,19.02964],[-98.39094,19.02965],[-98.39069,19.02965],[-98.39049,19.02964],[-98.39028,19.02963],[-98.39023,19.02962],[-98.38889,19.02878],[-98.38883,19.02874],[-98.38802,19.0283],[-98.38755,19.02804],[-98.38736,19.02792],[-98.38589,19.02701],[-98.38581,19.02696],[-98.38429,19.02602],[-98.38391,19.02659],[-98.3836,19.02706],[-98.38353,19.02717],[-98.38341,19.02735],[-98.38325,19.02759],[-98.38321,19.02765],[-98.38307,19.02786],[-98.38284,19.02821],[-98.38274,19.02836],[-98.38262,19.02854],[-98.3825,19.02881],[-98.38239,19.02904],[-98.3823,19.02922],[-98.38223,19.02938],[-98.38217,19.0295],[-98.38206,19.02974],[-98.38192,19.03003],[-98.3817,19.0305],[-98.38162,19.03065],[-98.38133,19.03119],[-98.38119,19.03145],[-98.38104,19.03172],[-98.38098,19.03183],[-98.38097,19.03184],[-98.38093,19.03192],[-98.38085,19.03206],[-98.38067,19.03235],[-98.38028,19.03299],[-98.38021,19.03311],[-98.38012,19.03316],[-98.37872,19.03391],[-98.37787,19.03443],[-98.37747,19.03422],[-98.37657,19.03376],[-98.37574,19.03333],[-98.37408,19.03247],[-98.37229,19.03154],[-98.37193,19.03213],[-98.3719,19.03217],[-98.37151,19.03281],[-98.37124,19.03325],[-98.37119,19.03334],[-98.37097,19.0337],[-98.37095,19.03372],[-98.37047,19.03448],[-98.36978,19.03558],[-98.36956,19.03594],[-98.36936,19.03607],[-98.36794,19.03703],[-98.36699,19.03767],[-98.36631,19.03781],[-98.36577,19.03793],[-98.36512,19.03807],[-98.3644,19.03822],[-98.36325,19.03847],[-98.36177,19.03878],[-98.36365,19.03977],[-98.36481,19.04038],[-98.36747,19.04203],[-98.36888,19.04264],[-98.37093,19.0441],[-98.37151,19.04405],[-98.37435,19.04586],[-98.37505,19.04488],[-98.3765,19.04577],[-98.37931,19.04745],[-98.37912,19.04778],[-98.38127,19.04929],[-98.38473,19.05157],[-98.38513,19.05194],[-98.38546,19.05272],[-98.3855,19.05405]]]]}},{"type":"Feature","properties":{"cp":72685,"nombre":"CP 72685"},"geometry":{"type":"Polygon","coordinates":[[[-98.29843,19.1346],[-98.29835,19.13469],[-98.2983,19.13472],[-98.29824,19.13474],[-98.29819,19.13475],[-98.29815,19.13477],[-98.29813,19.13479],[-98.29809,19.13485],[-98.29806,19.13488],[-98.29805,19.1349],[-98.29804,19.13494],[-98.29802,19.13497],[-98.29796,19.13501],[-98.29789,19.13507],[-98.29779,19.13516],[-98.29768,19.13527],[-98.29756,19.13533],[-98.29748,19.13536],[-98.2974,19.1354],[-98.29732,19.13548],[-98.29723,19.13558],[-98.29713,19.13574],[-98.29686,19.13614],[-98.29681,19.13615],[-98.29654,19.13598],[-98.29649,19.13599],[-98.29634,19.13617],[-98.29639,19.1366],[-98.29674,19.1374],[-98.29669,19.13761],[-98.29639,19.13811],[-98.29925,19.14037],[-98.29964,19.13975],[-98.29997,19.13996],[-98.30046,19.13927],[-98.3019,19.14049],[-98.30192,19.14049],[-98.30191,19.14011],[-98.30193,19.1401],[-98.30216,19.14023],[-98.30242,19.1404],[-98.3038,19.14122],[-98.30394,19.14098],[-98.30425,19.14117],[-98.30452,19.14143],[-98.30517,19.14188],[-98.30654,19.14298],[-98.30657,19.14297],[-98.30658,19.1429],[-98.30673,19.14063],[-98.30732,19.14094],[-98.30737,19.14087],[-98.30794,19.14127],[-98.30837,19.1406],[-98.30926,19.14113],[-98.31208,19.14298],[-98.31269,19.14337],[-98.31415,19.14121],[-98.31532,19.13975],[-98.31476,19.13895],[-98.31458,19.13841],[-98.31458,19.13783],[-98.31473,19.13707],[-98.31476,19.13638],[-98.31471,19.13601],[-98.31457,19.13564],[-98.31437,19.13528],[-98.31401,19.13485],[-98.31553,19.12941],[-98.31306,19.1276],[-98.31159,19.12923],[-98.3105,19.12839],[-98.31038,19.12857],[-98.31029,19.12851],[-98.30963,19.12934],[-98.30953,19.1294],[-98.30879,19.12946],[-98.30823,19.13025],[-98.30767,19.13015],[-98.3069,19.12989],[-98.30633,19.12965],[-98.30542,19.12913],[-98.30484,19.12872],[-98.30465,19.12821],[-98.30455,19.1275],[-98.30387,19.12657],[-98.30325,19.12753],[-98.30334,19.12773],[-98.30248,19.12906],[-98.30233,19.12944],[-98.30197,19.13008],[-98.30171,19.13058],[-98.3016,19.13085],[-98.30151,19.13125],[-98.30149,19.13171],[-98.30075,19.13132],[-98.29964,19.13315],[-98.29949,19.13341],[-98.29936,19.13361],[-98.29902,19.13385],[-98.29843,19.1346]]]}},{"type":"Feature","properties":{"cp":72680,"nombre":"CP 72680"},"geometry":{"type":"Polygon","coordinates":[[[-98.29227,19.15691],[-98.28992,19.15347],[-98.29138,19.1496],[-98.29072,19.1488],[-98.29045,19.14841],[-98.28991,19.14793],[-98.29033,19.1472],[-98.29081,19.1466],[-98.29099,19.14628],[-98.29155,19.14562],[-98.29084,19.14508],[-98.29077,19.14477],[-98.29078,19.14456],[-98.29086,19.14436],[-98.291,19.14419],[-98.29113,19.14407],[-98.29128,19.14395],[-98.29145,19.14376],[-98.29155,19.14346],[-98.29157,19.1432],[-98.29158,19.14293],[-98.29165,19.14267],[-98.29189,19.14235],[-98.29213,19.14214],[-98.29225,19.14211],[-98.29237,19.14212],[-98.29248,19.14215],[-98.2926,19.14215],[-98.29266,19.14213],[-98.29276,19.14203],[-98.29299,19.14177],[-98.29326,19.14139],[-98.2934,19.14121],[-98.29341,19.1412],[-98.29341,19.14119],[-98.29341,19.14111],[-98.29333,19.14099],[-98.29268,19.14051],[-98.29266,19.14048],[-98.29265,19.14041],[-98.29265,19.14038],[-98.29304,19.13974],[-98.29278,19.13954],[-98.294,19.13777],[-98.29434,19.13736],[-98.29441,19.13735],[-98.29444,19.13737],[-98.29458,19.13765],[-98.29483,19.13804],[-98.29518,19.13841],[-98.29557,19.13873],[-98.29574,19.1389],[-98.29579,19.13892],[-98.29585,19.13891],[-98.29596,19.13866],[-98.29602,19.13852],[-98.29615,19.13832],[-98.29639,19.13811],[-98.29669,19.13761],[-98.29674,19.1374],[-98.29639,19.1366],[-98.29634,19.13617],[-98.29649,19.13599],[-98.29654,19.13598],[-98.29681,19.13615],[-98.29686,19.13614],[-98.29713,19.13574],[-98.29723,19.13558],[-98.29732,19.13548],[-98.2974,19.1354],[-98.29748,19.13536],[-98.29756,19.13533],[-98.29768,19.13527],[-98.29779,19.13516],[-98.29789,19.13507],[-98.29796,19.13501],[-98.29802,19.13497],[-98.29804,19.13494],[-98.29805,19.1349],[-98.29806,19.13488],[-98.29809,19.13485],[-98.29813,19.13479],[-98.29815,19.13477],[-98.29819,19.13475],[-98.29824,19.13474],[-98.2983,19.13472],[-98.29835,19.13469],[-98.29843,19.1346],[-98.29776,19.13417],[-98.29751,19.13445],[-98.29618,19.13356],[-98.29641,19.13324],[-98.29426,19.13182],[-98.29565,19.12978],[-98.29495,19.12939],[-98.29502,19.12865],[-98.29365,19.12757],[-98.29383,19.12735],[-98.29297,19.12668],[-98.29311,19.12648],[-98.29272,19.12615],[-98.29185,19.12558],[-98.29225,19.12499],[-98.29289,19.12407],[-98.29253,19.12321],[-98.292,19.12232],[-98.29171,19.12196],[-98.29135,19.12116],[-98.29068,19.1196],[-98.28994,19.11797],[-98.28937,19.11876],[-98.28843,19.11817],[-98.28848,19.11808],[-98.28747,19.11748],[-98.28589,19.12032],[-98.28431,19.11931],[-98.28415,19.11916],[-98.28272,19.1182],[-98.28197,19.11774],[-98.28095,19.11707],[-98.28013,19.11659],[-98.27981,19.11606],[-98.28017,19.11597],[-98.28073,19.11536],[-98.28104,19.11494],[-98.28039,19.1143],[-98.28056,19.11394],[-98.28042,19.11386],[-98.28043,19.11376],[-98.28042,19.11365],[-98.28038,19.11358],[-98.27992,19.1133],[-98.27948,19.11285],[-98.27934,19.11266],[-98.27954,19.11235],[-98.27837,19.11242],[-98.27799,19.11225],[-98.27706,19.11452],[-98.27563,19.11811],[-98.27449,19.12078],[-98.27394,19.12222],[-98.27384,19.12304],[-98.27394,19.12373],[-98.27415,19.1247],[-98.2746,19.12657],[-98.2746,19.12741],[-98.27444,19.12818],[-98.27353,19.13014],[-98.27184,19.1341],[-98.2715,19.13488],[-98.2698,19.13874],[-98.26898,19.1406],[-98.26855,19.14145],[-98.2679,19.14215],[-98.26726,19.14257],[-98.26658,19.14286],[-98.26604,19.14295],[-98.26559,19.14298],[-98.26561,19.14339],[-98.26598,19.14361],[-98.26606,19.14364],[-98.26633,19.14377],[-98.26654,19.14383],[-98.26659,19.14385],[-98.26662,19.14386],[-98.26678,19.14393],[-98.26721,19.14423],[-98.26765,19.14444],[-98.26773,19.14448],[-98.26783,19.14453],[-98.26821,19.14472],[-98.26861,19.14491],[-98.26912,19.14516],[-98.27004,19.1456],[-98.27021,19.14569],[-98.26998,19.14604],[-98.26983,19.1463],[-98.26979,19.14636],[-98.26861,19.14814],[-98.26797,19.14913],[-98.26718,19.15036],[-98.26693,19.1507],[-98.26693,19.1507],[-98.26711,19.15083],[-98.26775,19.1513],[-98.26582,19.15456],[-98.26582,19.15456],[-98.26563,19.15489],[-98.26543,19.15523],[-98.26467,19.15654],[-98.26439,19.15702],[-98.26424,19.15726],[-98.26356,19.15837],[-98.26323,19.15897],[-98.26321,19.159],[-98.26297,19.15939],[-98.26282,19.15963],[-98.26242,19.16032],[-98.26241,19.16034],[-98.26222,19.16075],[-98.26246,19.16084],[-98.26268,19.16092],[-98.26275,19.16094],[-98.26305,19.161],[-98.26335,19.16107],[-98.26365,19.16113],[-98.26368,19.16114],[-98.26395,19.16121],[-98.26424,19.16129],[-98.26453,19.16137],[-98.26479,19.16144],[-98.26483,19.16144],[-98.26513,19.16151],[-98.26543,19.16157],[-98.26558,19.16161],[-98.26572,19.16165],[-98.26602,19.16173],[-98.26615,19.16177],[-98.26631,19.16182],[-98.2666,19.1619],[-98.26663,19.1619],[-98.2669,19.16197],[-98.26719,19.16205],[-98.2673,19.16207],[-98.26748,19.16213],[-98.26777,19.16222],[-98.26791,19.16227],[-98.26807,19.16229],[-98.26838,19.16234],[-98.2684,19.16235],[-98.26872,19.16231],[-98.26881,19.1623],[-98.26905,19.1623],[-98.26934,19.16231],[-98.26938,19.16232],[-98.26967,19.16238],[-98.2697,19.16239],[-98.26994,19.16252],[-98.27019,19.16267],[-98.27021,19.16267],[-98.27049,19.16277],[-98.27078,19.16287],[-98.27103,19.16296],[-98.27106,19.16297],[-98.27132,19.16312],[-98.27133,19.16312],[-98.27151,19.16331],[-98.27153,19.16339],[-98.27166,19.16384],[-98.27179,19.16429],[-98.27184,19.16449],[-98.27194,19.16469],[-98.27206,19.16496],[-98.27213,19.165],[-98.27238,19.16518],[-98.27239,19.1652],[-98.27267,19.16526],[-98.27297,19.16534],[-98.27327,19.16541],[-98.27356,19.16548],[-98.27385,19.16555],[-98.27386,19.16555],[-98.27414,19.16566],[-98.27442,19.16577],[-98.2747,19.16587],[-98.27499,19.16598],[-98.27527,19.16609],[-98.27555,19.16619],[-98.27583,19.1663],[-98.27611,19.1664],[-98.2764,19.16651],[-98.27668,19.16662],[-98.27696,19.16672],[-98.27715,19.16679],[-98.27724,19.16684],[-98.2775,19.16698],[-98.27777,19.16711],[-98.27804,19.16725],[-98.27831,19.16739],[-98.27858,19.16752],[-98.27885,19.16766],[-98.27911,19.1678],[-98.27938,19.16793],[-98.27945,19.16797],[-98.27964,19.1681],[-98.27982,19.16823],[-98.28274,19.17035],[-98.28367,19.17102],[-98.2876,19.17393],[-98.28788,19.1741],[-98.28803,19.17375],[-98.28803,19.17375],[-98.28803,19.17375],[-98.28878,19.17187],[-98.28879,19.17185],[-98.28909,19.17099],[-98.28929,19.17086],[-98.28952,19.17048],[-98.28972,19.17007],[-98.28999,19.16969],[-98.29022,19.16929],[-98.2911,19.16737],[-98.29135,19.16541],[-98.2914,19.16526],[-98.29151,19.16431],[-98.29154,19.16415],[-98.29192,19.16093],[-98.29198,19.16048],[-98.29208,19.15988],[-98.29227,19.15881],[-98.29227,19.15691],[-98.29227,19.15691],[-98.29227,19.15691]]]}},{"type":"Feature","properties":{"cp":72683,"nombre":"CP 72683"},"geometry":{"type":"Polygon","coordinates":[[[-98.28836,19.10635],[-98.28811,19.10669],[-98.28809,19.10669],[-98.28655,19.10553],[-98.28618,19.10525],[-98.28575,19.10489],[-98.28534,19.10455],[-98.28405,19.10352],[-98.28396,19.10361],[-98.28363,19.10338],[-98.28304,19.10285],[-98.28234,19.10216],[-98.28138,19.1016],[-98.28128,19.10176],[-98.28117,19.10193],[-98.281,19.10219],[-98.27999,19.10368],[-98.27999,19.10368],[-98.27985,19.10386],[-98.27975,19.104],[-98.27961,19.1042],[-98.27948,19.10438],[-98.2794,19.10449],[-98.27743,19.10722],[-98.27743,19.10722],[-98.27904,19.10976],[-98.27799,19.11225],[-98.27837,19.11242],[-98.27954,19.11235],[-98.27934,19.11266],[-98.27948,19.11285],[-98.27992,19.1133],[-98.28038,19.11358],[-98.28042,19.11365],[-98.28043,19.11376],[-98.28042,19.11386],[-98.28056,19.11394],[-98.28039,19.1143],[-98.28104,19.11494],[-98.28073,19.11536],[-98.28017,19.11597],[-98.27981,19.11606],[-98.28013,19.11659],[-98.28095,19.11707],[-98.28197,19.11774],[-98.28272,19.1182],[-98.28415,19.11916],[-98.28431,19.11931],[-98.28589,19.12032],[-98.28747,19.11748],[-98.28798,19.11655],[-98.288,19.11651],[-98.28897,19.11432],[-98.28925,19.11349],[-98.28968,19.11242],[-98.29035,19.11032],[-98.29055,19.1094],[-98.29089,19.10844],[-98.29036,19.108],[-98.29036,19.108],[-98.29031,19.10797],[-98.29016,19.10789],[-98.28999,19.10779],[-98.28978,19.10767],[-98.28937,19.10742],[-98.28934,19.10739],[-98.28927,19.10735],[-98.28901,19.10709],[-98.28901,19.10709],[-98.28898,19.10706],[-98.28888,19.10695],[-98.28872,19.1068],[-98.28849,19.10657],[-98.28837,19.10637],[-98.28836,19.10635]]]}}]}